Emotion,Sentence,Sentence_cleaned
Other,cho mình xin bài nhạc tên là gì với ạ,cho mình xin bài nhạc tên là gì với ạ
Disgust,cho đáng đời con quỷ . về nhà lôi con nhà mày ra mà đánh 😡,cho đáng đời con quỷ về nhà lôi con nhà mày ra mà đánh 😡
Disgust,lo học đi . yêu đương lol gì hay lại thích học sinh học,lo học đi yêu đương lol gì hay lại thích học sinh học
Enjoyment,uớc gì sau này về già vẫn có thể như cụ này :)),uớc gì sau này về già vẫn có thể như cụ này
Enjoyment,mỗi lần có video của con là cứ coi đi coi lại hoài . cưng con quá .,mỗi lần có video của con là cứ coi đi coi lại hoài cưng con quá
Anger,thằng kia sao mày bắt vợ với bồ tao dọn thế kia . nhà mày ở đâu tao đến thịt mày chết,thằng kia sao mày bắt vợ với bồ tao dọn thế kia nhà mày ở đâu tao đến thịt mày chết
Other,một lí do trog muôn vàn lí do,một lí do trog muôn vàn lí do
Surprise,thật hay đùa ác vậy . không thể tin được,thật hay đùa ác vậy không thể tin được
Anger,"ko phải con mình , mà xem còn thấy đau như vậy huống gì người trong cuộc . thật là phẫn nộ mà . cơ quan chức năng làm việc quá chậm trễ , đến giờ mà vẫn chưa tìm ra người chịu trách nhiệm . 😠😠😠😠😠😠",không phải con mình mà xem còn thấy đau như vậy huống gì người trong cuộc thật là phẫn nộ mà cơ quan chức năng làm việc quá chậm trễ đến giờ mà vẫn chưa tìm ra người chịu trách nhiệm 😠
Sadness,per nghe đi rồi khóc 1 trận cho thoải mái . đừng cố gồng mình lên nữa,per nghe đi rồi khóc 1 trận cho thoải mái đừng cố gồng mình lên nữa
Enjoyment,công nhận sáng tạo thật đấy,công nhận sáng tạo thật đấy
Disgust,đòn tấn công cực gắt và cục sút của anh 😂😂😂,đòn tấn công cực gắt và cục sút của anh 😂
Other,trời nắng nóng thế này mình muốn bán nước không biết thu nhập có cao không ạ :3,trời nắng nóng thế này mình muốn bán nước không bt thu nhập có cao không ạ 3
Enjoyment,minh biết nữa ne,minh bt nữa ne
Disgust,mấy thằng củ lol việt nam nhảm nhí :)),mấy thằng củ lol việt nam nhảm nhí
Sadness,"tui thi ́ ch va ̉ i lă ́ mày ma ̀ ăn nhỉ ̀ u no ́ người lă ́ mày mọi người anh ̣ , bi ̣ lơ ̉ miê ̣ người",tui thi ́ ch va ̉ i lă ́ mày ma ̀ ăn nhỉ ̀ u no ́ người lă ́ mày mọi người anh ̣ bi ̣ lơ ̉ miê ̣ người
Other,"bếp dầu , nhiều nhà vẫn dùng",bếp dầu nhiều nhà vẫn dùng
Other,nếu thấy phụ nữ quá phức tạp để hiểu và chinh phục thì đây là cách giải quyết vấn đề,nếu thấy phụ nữ quá phức tạp để hiểu và chinh phục thì đây là cách giải quyết vấn đề
Fear,"thời buổi bây chừ chuyện gì cũng có thể xảy ra , vậy nên thôi trất , đừng nên tin ai",thời buổi bây chừ chuyện gì cũng có thể xảy ra vậy nên thôi trất đừng nên tin ai
Enjoyment,sau em này mà làm cô giáo ngồi kể chuyện hs lại há mồm ra nghe 😁,sau em này mà làm cô giáo ngồi kể chuyện học sinh lại há mồm ra nghe 😁
Anger,"con chó đăng video , mày bị ngu à mà mỗi mẩu lại hiện chữ ăn cặc à",con chó đăng video mày bị ngu à mà mỗi mẩu lại hiện chữ ăn cặc à
Disgust,coi video chưa hiểu gì đã làm ầm lên,coi video chưa hiểu gì đã làm ầm lên
Enjoyment,chả mong gì nhiều chỉ mong về già được như hai ông bà ! 😊😊😊,chả mong gì nhiều chỉ mong về già được như hai ông bà 😊
Enjoyment,yêu chết đi được .,yêu chết đi được
Sadness,mày định lướt qua rồi nhưng khi đọc bình luận của các bạn và xem kĩ lại thì mày đã rớt nước mắt 😭😭😭.... người cha thật vĩ đại,mày định lướt qua rồi nhưng khi đọc bình luận của các bạn và xem kĩ lại thì mày đã rớt nước mắt 😭 người cha thật vĩ đại
Sadness,xin đi chơi với bạn ngày tổng kết không cho cứ bắt học miết :)) khá mệt,xin đi chơi với bạn ngày tổng kết không cho cứ bắt học miết khá mệt
Anger,cá nhân mình nghĩ nó dừng hay đỗ đúng sai thì đã có ca pạt còn nó đỗ trước cửa nhà mình mà oto hay xe không ra vào được thì lúc đó mới ý kiến . công nhận bọn oto đỗ trước nhà nhìn chỉ muốn đốt,cá nhân mình nghĩ nó dừng hay đỗ đúng sai thì đã có ca pạt còn nó đỗ trước cửa nhà mình mà oto hay xe không ra vào được thì lúc đó mới ý kiến công nhận bọn oto đỗ trước nhà nhìn chỉ muốn đốt
Fear,từ đầu năm giờ chắc chụp 10 lần rồi huhu sợ quá 😭😭😭,từ đầu năm giờ chắc chụp 10 lần rồi huhu sợ quá 😭
Fear,t gặp quả này thì bỏ xe mà chạy ??,tao gặp quả này thì bỏ xe mà chạy
Other,thế con trai là của ai cho,thế con trai là của ai cho
Surprise,per đây mí chính là cụ tổ của những chiếc sừng này,per đây mí chính là cụ tổ của những chiếc sừng này
Fear,muốn share về mà sợ bị bạn nè phẫn nộ quá,muốn share về mà sợ bị bạn nè phẫn nộ quá
Sadness,"hồi học lớp 5 bảo bố đi mua sgk cho , xong bố đi mua nguyên bộ lớp 4 đầy đủ từ sgk đến vở bài tập 😂",hồi học lớp 5 bảo bố đi mua sgk cho xong bố đi mua nguyên bộ lớp 4 đầy đủ từ sgk đến vở bài tập 😂
Sadness,nay buồn :(((,nay buồn
Fear,"cv không áp lực , môi trường xung quanh mới dễ tạo áp lực",cv không áp lực môi trường xung quanh mới dễ tạo áp lực
Enjoyment,ai có link nhạc mấy bài trên không ạ hay vãi ra,ai có link nhạc mấy bài trên không ạ hay vãi ra
Other,đây người ta gọi là . khi đại thánh nhập hoặc là múa lân đầu năm,đây người ta gọi là khi đại thánh nhập hoặc là múa lân đầu năm
Other,phải bồi thường thiệt hại bị trầy xước thân tàu . tiền sơn lại mấy toa tàu chắc cũng bộn .,phải bồi thường thiệt hại bị trầy xước thân tàu tiền sơn lại mấy toa tàu chắc cũng bộn
Sadness,làm công nhân đã bị vắt kiệt sức khỏe cho đến khi bị thải,làm công nhân đã bị vắt kiệt sức khỏe cho đến khi bị thải
Enjoyment,khi nào phường có chế độ phát chồng khi mang thân đến đăng kí kết hôn tự nguyện 😊,khi nào phường có chế độ phát chồng khi mang thân đến đăng kí kết hôn tự nguyện 😊
Anger,đéo được tích sự gì 😂,đéo được tích sự gì 😂
Sadness,haizzz ... thế là chưa có kq gì tốt đẹp cả ..,haiz thế là chưa có kết quả gì tốt đẹp cả
Sadness,bản thân cố gắng cũng chẳng dễ dàng gì :((,bản thân cố gắng cũng chẳng dễ dàng gì
Disgust,"nói chung là 1 lũ lừa gạt thôi , việt nam mình là vậy đó",nói chung là 1 lũ lừa gạt thôi việt nam mình là vậy đó
Other,thế em ăn cơm chưa ?,thế em ăn cơm chưa
Other,"thu trăm tỷ phạt 5tr , lại qua tỉnh khác hành nghề ha ha",thu trăm tỷ phạt 5tr lại qua tỉnh khác hành nghề ha ha
Disgust,chủ yếu là bọn trẻ đú với bọn dân trí thấp mà thích thể hiện bác nhỉ,chủ yếu là bọn trẻ đú với bọn dân trí thấp mà thích thể hiện bác nhỉ
Anger,mày coi chừng có ngày tao dã dô mặt mày như dzầy,mày coi chừng có ngày tao dã dô mặt mày như dzầy
Surprise,canh thời gian đăng đúng vãi !,canh thời gian đăng đúng vãi
Disgust,quan trọng mấy thằng đó có chọn mj không . ngồi đó mà ảo tưởng,quan trọng mấy thằng đó có chọn mj không ngồi đó mà ảo tưởng
Sadness,học xong 12 như hết thanh xuân có lẽ phải bỏ lỡ 1 người,học xong 12 như hết thanh xuân có lẽ phải bỏ lỡ 1 người
Sadness,mình thi xong còn không khóc được 😢,mình thi xong còn không khóc được 😢
Enjoyment,"mỗi ngày mình ôm nhau 1 cái như này hén , hí hí",mỗi ngày mình ôm nhau 1 cái như này hén hí hí
Sadness,"per trừ điểm , trừ điểm",per trừ điểm trừ điểm
Disgust,"5 triệu , phạt một con mụ lừa đảo , phá hủy niềm tin phật giáo , làm ô uế đời sống tâm linh ... thật rẻ rúng làm sao !",5 triệu phạt một con mụ lừa đảo phá hủy niềm tin phật giáo làm ô uế đời sống tâm linh thật rẻ rúng làm sao
Sadness,cả tuần không được nói chuyện,cả tuần không được nói chuyện
Anger,per mày cẩn thận tao giết,per mày cẩn thận tao giết
Disgust,cạn lời với bọn súc vật này làm xấu mặt người bắc giang 😑😑😑,cạn lời với bọn súc vật này làm xấu mặt người bắc giang 😑
Other,bài này tao có 2 cảm xúc . đầu tiên về quán trà . đến cảm xúc quen lại c thy xong bị mẹ cấm :)),bài này tao có 2 cảm xúc đầu tiên về quán trà đến cảm xúc quen lại c thy xong bị mẹ cấm
Enjoyment,đẹp trai quá,đẹp trai quá
Anger,đóng cái lồn tao nè chứ đóng,đóng cái lồn tao nè chứ đóng
Sadness,"khổ thân người dân , trước dự án cao su là dự án cà phê , làm thêm dự án nữa coi như một đời bỏ phí",khổ thân người dân trước dự án cao su là dự án cà phê làm thêm dự án nữa coi như một đời bỏ phí
Sadness,"hồi nhỏ bà mày có cho một con ngỗng mình tự tay nuôi nó . từ ngày đó nó đeo mày như chó mèo vậy . nhưng khi lớn nó lại mắc bệnh mà mất . giờ cũng hơn 4 , 5 năm rồi những nhớ nó lắm 😓",hồi nhỏ bà mày có cho một con ngỗng mình tự tay nuôi nó từ ngày đó nó đeo mày như chó mèo vậy nhưng khi lớn nó lại mắc bệnh mà mất giờ cũng hơn 4 5 năm rồi những nhớ nó lắm 😓
Enjoyment,hồi nhỏ đọc tao đã nghi nghi rồi =)))))))),hồi nhỏ đọc tao đã nghi nghi rồi
Disgust,ngẫm nghĩ cha của thánh gióng với sọ dừa ăn mặn vãi .,ngẫm nghĩ cha của thánh gióng với sọ dừa ăn mặn vãi
Disgust,"con cần bảo vệ thì giết sạch còn con cần tiêu diệt thì lại đem nuôi , cuộc sống lạ lùng vãi 😕",con cần bảo vệ thì giết sạch còn con cần tiêu diệt thì lại đem nuôi cuộc sống lạ lùng vãi 😕
Enjoyment,dù sao thì con trai vẫn nên là người mở lời trước à 🤣🤣🤣🤣🤣🤣,dù sao thì con trai vẫn nên là người mở lời trước à 🤣
Sadness,ad cho hỏi nghệ an lúc nào mưa vậy ah 🌧🌧.. ốm cũng cam lòng chứ vã lắm rồi 🥵🥵,ad cho hỏi nghệ an lúc nào mưa vậy ah 🌧🌧 ốm cũng cam lòng chứ vã lắm rồi 🥵🥵
Sadness,giận ngược lại rồi giận luôn chứ có huề đéo đâu :(((,giận ngược lại rồi giận luôn chứ có huề đéo đâu
Enjoyment,per tao được làm fan cứng giống mày rồi 🤣,per tao được làm fan cứng giống mày rồi 🤣
Surprise,xem cái này mới biết vốn tiếng anh của mình cũng khá !,xem cái này mới bt vốn tiếng anh của mình cũng khá
Disgust,thằng lol này tao đéo biết nó sống tốt với mọi người xung quanh như thế nào nào nhưng nó đã ngu còn tỏ ra ngu hẳn nữa,thằng lol này tao đéo bt nó sống tốt với mọi người xung quanh như thế nào nào nhưng nó đã ngu còn tỏ ra ngu hẳn nữa
Enjoyment,ôi bé xinh gái vãi :)),ôi bé xinh gái vãi
Enjoyment,cười sái mẹ quai hàm,cười sái mẹ quai hàm
Sadness,rồi khi mày có 1 ít tiền :)) mày mới phát hiện ra còn đéo cả có người đi cùng cơ,rồi khi mày có 1 ít tiền mày mới phát hiện ra còn đéo cả có người đi cùng cơ
Sadness,tự dưng cay mẹ mắt,tự dưng cay mẹ mắt
Fear,tao sợ thật sự :(((,tao sợ thật sự
Enjoyment,per thịt nướng lò xô ne ăn z mà không chết 😎😎😎😎,per thịt nướng lò xô ne ăn vậy mà không chết 😎
Enjoyment,tốt quá,tốt quá
Enjoyment,ông nào viết vui tính thế =)) cưng thật,ông nào viết vui tính thế cưng thật
Surprise,không hiểu sao nhìu người lại thả haha nhỉ ??,không hiểu sao nhìu người lại thả haha nhỉ
Disgust,diễn viên già vãi -.-,diễn viên già vãi
Enjoyment,ghét nhất mấy loại bép xép thế thôi . nhanh gọn lẹ 😂😂😂,ghét nhất mấy loại bép xép thế thôi nhanh gọn lẹ 😂
Enjoyment,cưng quá đi,cưng quá đi
Surprise,nhìn mẫu này lạ mắt mà đẹp quá,nhìn mẫu này lạ mắt mà đẹp quá
Sadness,tao cay mẹ khoé mắt,tao cay mẹ khoé mắt
Disgust,thấy mệt thêm chứ chẳng khỏe gì cả .,thấy mệt thêm chứ chẳng khỏe gì cả
Enjoyment,":)) đang ăn mỳ , không có trứng nhạt lắm , có rụnng thì xin vài quả !",đang ăn mỳ không có trứng nhạt lắm có rụnng thì xin vài quả
Enjoyment,"cảm ơn nói chuyện nhật ! 1 nền khoa học , giáo dục , trí tuệ văn minh !! 😘",cảm ơn nói chuyện nhật 1 nền khoa học giáo dục trí tuệ văn minh 😘
Disgust,tao mệt chúng mày quá,tao mệt chúng mày quá
Enjoyment,hahaha lúc trước ca làm có 4 chị em vui biết bao :)),hahaha lúc trước ca làm có 4 chị em vui bt bao
Disgust,đụ thế kia thì có khác nào mua cái bánh mà bị đứa bán hàng nó tạt cho gáo nước lạnh đâu 🙄,đụ thế kia thì có khác nào mua cái bánh mà bị đứa bán hàng nó tạt cho gáo nước lạnh đâu 🙄
Other,các bạn đang bảo con này ah 😂😂😂,các bạn đang bảo con này ah 😂
Enjoyment,má chủ dễ thương vậy tao cũng muốn xin,má chủ dễ thương vậy tao cũng muốn xin
Enjoyment,"kinh nghiệm được truyền lại là khi nào nấu xong bỏ tí "" tro "" vào lần sau không phải nấu 😊",kinh nghiệm được truyền lại là khi nào nấu xong bỏ tí tro vào lần sau không phải nấu 😊
Sadness,"có những con người luôn phải chịu đắng cay , cta không được chọn gia đình , bạn bè và càng không có quyền lựa chọn cuộc sống này . hãy vui lên với tất cả những gì ta đang có dù là hai bàn tay trắng",có những con người luôn phải chịu đắng cay cta không được chọn gia đình bạn bè và càng không có quyền lựa chọn cuộc sống này hãy vui lên với tất cả những gì ta đang có dù là hai bàn tay trắng
Anger,địt mẹ không có cái loại nào nó ác man và tàn độc hơn là cái loại người . xem mà điên đéo chịu được,địt mẹ không có cái loại nào nó ác man và tàn độc hơn là cái loại người xem mà điên đéo chịu được
Enjoyment,nhìn thương quá ... lao động nghiêm túc,nhìn thương quá lao động nghiêm túc
Sadness,đm thực tế như này còn hay . tiếc là đéo ở gần mình =)),địt mẹ thực tế như này còn hay tiếc là đéo ở gần mình
Other,per mấy trụ kia em không tag được,per mấy trụ kia em không tag được
Anger,nhận nhầm con cặc . phải nói là 10 thằng thì 1 thằng nuôi con thằng khác,nhận nhầm con cặc phải nói là 10 thằng thì 1 thằng nuôi con thằng khác
Surprise,per ơ ơ ơ đây là đâu vậy,per ơ ơ ơ đây là đâu vậy
Anger,gặm gặm cái đéo ý à ... bố gặm luôn mày giờ ...!!!,gặm gặm cái đéo ý à bố gặm luôn mày giờ
Disgust,"thằng nào nói câu : thế thì đừng làm nghề này . v nếu không có người làm nghề này thì ks sẽ mở cửa cho chúng mày vô àk , người có ăn học có ý thức sẽ không nói ra câu đó .",thằng nào nói câu thế thì đừng làm nghề này vậy nếu không có người làm nghề này thì không sao sẽ mở cửa cho chúng mày vô àk người có ăn học có ý thức sẽ không nói ra câu đó
Disgust,k phải là trời không cho mày yêu . vì m quá ngulon,không phải là trời không cho mày yêu vì mày quá ngulon
Fear,"per tặng quà cáp gì tặng hộp nhỏ thôi nha . đi hát hò gì đừng đem thùng quà to như vậy nha , nó biết nó nhổ trụi lông nó ngắt mép chết đó :((",per tặng quà cáp gì tặng hộp nhỏ thôi nha đi hát hò gì đừng đem thùng quà to như vậy nha nó bt nó nhổ trụi lông nó ngắt mép chết đó
Sadness,hết tiền rồi này,hết tiền rồi này
Enjoyment,"đẹp , dẽ thương mà",đẹp dẽ thương mà
Anger,tử hình con mẹ nó lũ chó má không có tính người đi . khổ thân lũ trẻ,tử hình con mẹ nó lũ chó má không có tính người đi khổ thân lũ trẻ
Enjoyment,phim xem hay ... nhẹ nhàng tình cảm ... và cười vkl,phim xem hay nhẹ nhàng tình cảm và cười vãi cả lồn
Sadness,thế làm sao dỗ bạn gái đang giận :(,thế làm sao dỗ bạn gái đang giận
Anger,t nói thật tao hiền lắm . chứ bà lồn to kia mà gặp tao là ăn mấy cái mũ bảo hiểm vào mặt rồi :),tao nói thật tao hiền lắm chứ bà lồn to kia mà gặp tao là ăn mấy cái mũ bảo hiểm vào mặt rồi
Fear,loài này bé như ngón tay phàm ăn lắm sợ luôn,loài này bé như ngón tay phàm ăn lắm sợ luôn
Disgust,"phí dịch vụ cao nhất , chuyển tiền nội mạng trừ phí tởm nhất , thái độ làm việc bố láo nhất , ít ưu đãi nhất ....",phí dịch vụ cao nhất chuyển tiền nội mạng trừ phí tởm nhất thái độ làm việc bố láo nhất ít ưu đãi nhất
Disgust,dume trailer kinh dị cho lắm vô rạp gặp toàn bọn xàm ngồi cười,dume trailer kinh dị cho lắm vô rạp gặp toàn bọn xàm ngồi cười
Sadness,chẳng đủ dịu dàng để níu bước chân anh,chẳng đủ dịu dàng để níu bước chân anh
Other,1 cái xe cup này ngày xưa bằng mấy cái nhà liền,1 cái xe cup này ngày xưa bằng mấy cái nhà liền
Enjoyment,mỗi phút bên em thật tuyệt vời . chỉ em mới cho anh cái cảm giác đó,mỗi phút bên em thật tuyệt vời chỉ em mới cho anh cái cảm giác đó
Sadness,em chưa có người yêu . có ai yêu em không . em cô đơn quá,em chưa có người yêu có ai yêu em không em cô đơn quá
Enjoyment,nhỏ nhặt nhưng ý nghĩa và hạnh phúc 😊,nhỏ nhặt nhưng ý nghĩa và hạnh phúc 😊
Enjoyment,per =)))))) hít đi cho no chứ mắc công lại chửi tao không biết điều giở trò trước mặt cẩu fa như mày :),per hít đi cho no chứ mắc công lại chửi tao không bt điều giở trò trước mặt cẩu độc thân như mày
Other,bả đòi cái gì vậy ?,bả đòi cái gì vậy
Sadness,"cái thứ ba , trời nhìn mà rơi nước mắt thay cho luôn công cả một mùa mà đi tong chỉ vì một trận mưa",cái thứ ba trời nhìn mà rơi nước mắt thay cho luôn công cả một mùa mà đi tong chỉ vì một trận mưa
Surprise,per biết không :))),per bt không
Sadness,dù có sống được mấy đời thì cũng nợ mẹ cha trọn cả mấy đời .,dù có sống được mấy đời thì cũng nợ mẹ cha trọn cả mấy đời
Disgust,mấy cái tin này thường làm tan nát tình cảm gia đình trong lúc ăn cơm xem thời sự .. bố tổ sư,mấy cái tin này thường làm tan nát tình cảm gia đình trong lúc ăn cơm xem thời sự bố tổ sư
Disgust,cô tiên béo quá .. 😅😅 giọng còn the thé nữa .. 😅😅,cô tiên béo quá 😅😅 giọng còn the thé nữa 😅😅
Disgust,lên án nhiều rồi mà vẫn thế .,lên án nhiều rồi mà vẫn thế
Disgust,thằng này ngu vãi,thằng này ngu vãi
Surprise,cây tre có tận trăm đốt luôn hả ???,cây tre có tận trăm đốt luôn hả
Sadness,nói tiếng tuy hoà phú yên làm tao nhớ đến nyc . giọng nó sao ngọt không thể tả . buồn,nói tiếng tuy hoà phú yên làm tao nhớ đến nyc giọng nó sao ngọt không thể tả buồn
Disgust,"per mợ mệt , trưa nào cũng nhìn mày nhai chóp chép ..",per mợ mệt trưa nào cũng nhìn mày nhai chóp chép
Fear,"đừng nên thích mấy ông anh cơ bắp , sợ lắm 😆",đừng nên thích mấy ông anh cơ bắp sợ lắm 😆
Enjoyment,có ai vừa coi mà thấy phê phê cái lỗ tai giống tôi không ?? 😀,có ai vừa coi mà thấy phê phê cái lỗ tai giống tôi không 😀
Disgust,tao đéo hiểu sao người yêu tao đi cắt tóc về trông mặt ngáo đến kì lạ 🤣🤣🤣,tao đéo hiểu sao người yêu tao đi cắt tóc về trông mặt ngáo đến kì lạ 🤣
Sadness,và khi quay lại nói chuyện với nhau .... biết nói gì giờ huhu,và khi quay lại nói chuyện với nhau bt nói gì giờ huhu
Disgust,thằng cha bảo vệ có tâm quá . nge con nhỏ kêu nguyên đêm zi mà đéo cứu,thằng cha bảo vệ có tâm quá nge con nhỏ kêu nguyên đêm zi mà đéo cứu
Disgust,cũng mất công đẻ mà sao mẹ chúng nó đẻ ra lũ ngu thế haiz,cũng mất công đẻ mà sao mẹ chúng nó đẻ ra lũ ngu thế haiz
Disgust,tao thấy giống khùng với lại vô duyên chứ hay gì,tao thấy giống khùng với lại vô duyên chứ hay gì
Enjoyment,cần gì những thứ xa hoa lộng lẫy đâu . dù chỉ 1 bông hoa nhưng đong đầy yêu thương nhắn tin đã cảm thấy đủ hạnh phúc rồi 😊😊😊,cần gì những thứ xa hoa lộng lẫy đâu dù chỉ 1 bông hoa nhưng đong đầy yêu thương nhắn tin đã cảm thấy đủ hạnh phúc rồi 😊
Fear,t gặp ngỗng chạy bỏ dép,tao gặp ngỗng chạy bỏ dép
Disgust,"vừa ngu vừa ngông thì thế , làm trễ tàu của người ta",vừa ngu vừa ngông thì thế làm trễ tàu của người ta
Surprise,sao nó trèo lên được hay vậy @@,sao nó trèo lên được hay vậy
Enjoyment,"khuôn mặt ngây thơ vô số tội , trái tim nhỏ bé của tao sao chịu được ❤❤❤",khuôn mặt ngây thơ vô số tội trái tim nhỏ bé của tao sao chịu được ❤
Sadness,cuộc sống mà đành chịu thôi =(((,cuộc sống mà đành chịu thôi
Sadness,"cấp 3 , đáng tiếc nhất trong thời học sinh ^^",cấp 3 đáng tiếc nhất trong thời học sinh
Other,"per mình đang nói phần lớn thôi , chứ tất nhiên cũng có ngoại lệ mà",per mình đang nói phần lớn thôi chứ tất nhiên cũng có ngoại lệ mà
Enjoyment,"thích chị này nhất phim í , bé bé xinh xinh lại diễn rất đạt :3 . hy vọng mai sau sẽ có bước tiến lớn và thành công hơn nữa < 3",thích chị này nhất phim í bé bé xinh xinh lại diễn rất đạt 3 hy vọng mai sau sẽ có bước tiến lớn và thành công hơn nữa 3
Disgust,dạo này xem video của per chán ấy không như xưa tại giờ toàn quảng cáo ấy ( ý kiến cá nhân ) 😔,dạo này xem video của per chán ấy không như xưa tại giờ toàn quảng cáo ấy ý kiến cá nhân 😔
Other,t thấy chả có gì thú vị .,tao thấy chả có gì thú vị
Surprise,vậy mà củng chẳng hút được khách !,vậy mà củng chẳng hút được khách
Enjoyment,khi nào lên chùa ba vàng giải được vong thì kết hôn :)),khi nào lên chùa ba vàng giải được vong thì kết hôn
Disgust,thuở thiếu thời ai chẳn có phút bốc đồng . nên cho nó một trận để răng đe .. 🤣,thuở thiếu thời ai chẳn có phút bốc đồng nên cho nó một trận để răng đe 🤣
Enjoyment,chắc phải 6 năm chưa nấu kiểu này rồi trước nấu hôm đầu cơm dẻo ai cũng khen ngon,chắc phải 6 năm chưa nấu kiểu này rồi trước nấu hôm đầu cơm dẻo ai cũng khen ngon
Disgust,cận cảnh cái bụng nước lèo của boss =))) xài hao vãi,cận cảnh cái bụng nước lèo của boss xài hao vãi
Other,bản chất tham lam của con người thể hiện ngay từ những việc nhỏ ..,bản chất tham lam của con người thể hiện ngay từ những việc nhỏ
Sadness,em đi bộ chết mẹ đây này,em đi bộ chết mẹ đây này
Enjoyment,"thật tốt vì chú chó ấy đã tìm được người yêu thương nó , kiên trì để nó tin tưởng thật sự :"">",thật tốt vì chú chó ấy đã tìm được người yêu thương nó kiên trì để nó tin tưởng thật sự
Disgust,"phim này xem nam chính thôi . nữ chính diễn chán vãi lúa lắm lúc tụt hứng lắm . giận không ra giận , vui không ra vui .",phim này xem nam chính thôi nữ chính diễn chán vãi lúa lắm lúc tụt hứng lắm giận không ra giận vui không ra vui
Disgust,nhìn mặt nó khó ưa thật chứ,nhìn mặt nó khó ưa thật chứ
Other,lần sau thì mình sẽ như thế để đỡ phải cãi nhau nhiều ah :-),lần sau thì mình sẽ như thế để đỡ phải cãi nhau nhiều ah
Other,giờ lên phường người ta có phát chú rể không nhỉ các bạn ?,giờ lên phường người ta có phát chú rể không nhỉ các bạn
Disgust,một cái ngu thật sứng đáng,một cái ngu thật sứng đáng
Enjoyment,năm nay tao không còn cảm thấy cô đơn và mỏi chân nữa ... vì tao được ngồi mát và ăn ké socola of bọn có người yêu 😁😂...# mun 😘,năm nay tao không còn cảm thấy cô đơn và mỏi chân nữa vì tao được ngồi mát và ăn ké socola of bọn có người yêu 😁😂 mun 😘
Other,hãy dùng một đời để minh chứng nhé !💕😍,hãy dùng một đời để minh chứng nhé 💕😍
Disgust,con mụ đen sai còn già mồm ...,con mụ đen sai còn già mồm
Enjoyment,chỉ cần yên bình như thế này thôi . ❤️❤️❤️,chỉ cần yên bình như thế này thôi ❤️❤️❤️
Sadness,năm nay được nhận hoa và được ngồi nhìn người ta hạnh phúc,năm nay được nhận hoa và được ngồi nhìn người ta hạnh phúc
Fear,chỉ sợ lúc nó dí,chỉ sợ lúc nó dí
Enjoyment,hên là chay ra kip,hên là chay ra kip
Anger,immm,im
Sadness,tao cũng có 1 người bà như trong video nhưng bà ấy qua đời rồi 🙁🙁🙁,tao cũng có 1 người bà như trong video nhưng bà ấy qua đời rồi 🙁
Enjoyment,đa ́ người yêuc quá ́,đa ́ người yêuc quá ́
Disgust,"5tr là tiền bà yến cúng vong cho công an phường quang trung để giải oan gia trái chủ của bà tiền kiếp thôi , chứ phạt g đâu , xếp lớn của bà và xếp lớn của công an phường là 1 , ai lại đi đá gà nhà ...",5tr là tiền bà yến cúng vong cho công an phường quang trung để giải oan gia trái chủ của bà tiền kiếp thôi chứ phạt g đâu xếp lớn của bà và xếp lớn của công an phường là 1 ai lại đi đá gà nhà
Fear,kinh dị v,kinh dị vậy
Enjoyment,thật may em đã gặp được người tài xế tốt 🌸🌸,thật may em đã gặp được người tài xế tốt 🌸🌸
Surprise,bắn không trượt phát nào luôn à,bắn không trượt phát nào luôn à
Surprise,tại sao mày nằm viện mà vẫn xinh thế ??,tại sao mày nằm viện mà vẫn xinh thế
Surprise,đẹp trai mà bị đá à,đẹp trai mà bị đá à
Sadness,cho con được thay ông bán vé đi 😔,cho con được thay ông bán vé đi 😔
Disgust,lớp xuất hiện thứ âm binh,lớp xuất hiện thứ âm binh
Enjoyment,đọc bình luận cười ẻ,đọc bình luận cười ẻ
Enjoyment,per cách này coi bộ hay nha 😂,per cách này coi bộ hay nha 😂
Enjoyment,"mặt đúng kiểu , em hiểu cảm giác phê của anh không kkk",mặt đúng kiểu em hiểu cảm giác phê của anh không không
Disgust,per thanh niên suốt ngày hát karaoke max volum,per thanh niên suốt ngày hát karaoke max volum
Disgust,lỡ câu chuyện là thật thì sao . chưa gì lên chửi người ta là rẻ rách,lỡ câu chuyện là thật thì sao chưa gì lên chửi người ta là rẻ rách
Anger,bố mày ngứa mắt lắm rồi đấy,bố mày ngứa mắt lắm rồi đấy
Anger,thề địt mẹ ngay đoạn hay cái lên nhạc + cast muốn đập điện thoại vãi :),thề địt mẹ ngay đoạn hay cái lên nhạc cast muốn đập điện thoại vãi
Anger,cả đám súc vật này,cả đám súc vật này
Disgust,bố mấy thằng bệnh,bố mấy thằng bệnh
Sadness,thật khó để có cả 2 khi chúng ta còn trẻ :),thật khó để có cả 2 khi chúng ta còn trẻ
Disgust,nếu cảm thấy không làm được thì nghỉ làm đi . đã xin đi làm thuê thì phải chấp nhận thôi . kêu than cái gì,nếu cảm thấy không làm được thì nghỉ làm đi đã xin đi làm thuê thì phải chấp nhận thôi kêu than cái gì
Enjoyment,may mình đi làm rồi chứ 10 năm trước chắc sẽ phát khổ với bố mẹ vì mấy tin con nhà người ta như thế nào,may mình đi làm rồi chứ 10 năm trước chắc sẽ phát khổ với bố mẹ vì mấy tin con nhà người ta như thế nào
Disgust,còn em trai cưng của tao sang nhà người thân quen của gia đình chowi thế là bị nhà họ nhốt lại hẳn 10 ngày liền ... dlm nhốt lại để em trai tao bắt chuột cho nhà họ mới hãm lồn,còn em trai cưng của tao sang nhà người thân quen của gia đình chowi thế là bị nhà họ nhốt lại hẳn 10 ngày liền dlm nhốt lại để em trai tao bắt chuột cho nhà họ mới hãm lồn
Disgust,mấy thằng này người ta gọi là mấy thằng nhà quê . năm nào rồi còn túm 5 tụm 3 trêu gái,mấy thằng này người ta gọi là mấy thằng nhà quê năm nào rồi còn túm 5 tụm 3 trêu gái
Enjoyment,cô giáo có tâm vời nghề ghêeeee,cô giáo có tâm vời nghề ghêe
Sadness,tiếc quá đẹp trai mờ không có chim,tiếc quá đẹp trai mờ không có chim
Enjoyment,crush ở nhà chơi gane rồi haha,người mình thích ở nhà chơi gane rồi haha
Sadness,nhìn stt đồng cảm khủng khiếp .,nhìn trạng thái đồng cảm khủng khiếp
Enjoyment,cài lò xô huyền thoại,cài lò xô huyền thoại
Disgust,quên đào tạo đạo đức thôi mà báo làm căng vãi 😂,quên đào tạo đạo đức thôi mà báo làm căng vãi 😂
Disgust,đi bơi nên não bị úng nước à mấy thằng mặt lồn suy đồi đạo đức,đi bơi nên não bị úng nước à mấy thằng mặt lồn suy đồi đạo đức
Enjoyment,"cố gắng lên mọi lỗ lực và công lao của em sẽ được đền đáp một cách thật là sứng đáng , cố gắng lên em nhé 👍",cố gắng lên mọi lỗ lực và công lao của em sẽ được đền đáp một cách thật là sứng đáng cố gắng lên em nhé 👍
Fear,hồi nhỏ cứ đi qua chỗ nào mà nhìn từ xa thấy bóng dáng mấy con đuỹ này là chuẩn bị tinh thần chạy chứ nó dí sấp mặt luôn dù mình đéo làm gì nó hết 😂 vừa dí vừa ngoác mỏ hét sợ vãi ra,hồi nhỏ cứ đi qua chỗ nào mà nhìn từ xa thấy bóng dáng mấy con đuỹ này là chuẩn bị tinh thần chạy chứ nó dí sấp mặt luôn dù mình đéo làm gì nó hết 😂 vừa dí vừa ngoác mỏ hét sợ vãi ra
Anger,trốn cũng đéo tha,trốn cũng đéo tha
Enjoyment,"con gấu trúc , cho nó ăn trúc đi =))) tướng ngồi nhìn cưng vãi",con gấu trúc cho nó ăn trúc đi tướng ngồi nhìn cưng vãi
Sadness,rồi lại im thôi . 200k hay 5tr thì cũng vậy,rồi lại im thôi 200k hay 5tr thì cũng vậy
Enjoyment,"cái lò huyền thoại nè per , lúc mình ở chung đó",cái lò huyền thoại nè per lúc mình ở chung đó
Fear,hi vọng trưa nay lúc ăn cơm vtv24 sẽ không đưa tin về bạn này ạ,hi vọng trưa nay lúc ăn cơm vtv24 sẽ không đưa tin về bạn này ạ
Fear,tí nữa vợ nó vắt chân lên cổ bò thì hú hồn,tí nữa vợ nó vắt chân lên cổ bò thì hú hồn
Enjoyment,tuyệt vời,tuyệt vời
Surprise,trẻ con bao giờ ga lăng sớm thế nhỉ ?! hồi mình bằng bọn này đuổi đánh nhau hỡi chết :))))),trẻ con bao giờ ga lăng sớm thế nhỉ hồi mình bằng bọn này đuổi đánh nhau hỡi chết
Other,tính đi chạy xe mà mưa cho nên ta ở nhà :),tính đi chạy xe mà mưa cho nên ta ở nhà
Enjoyment,nhìn nó cưng quá,nhìn nó cưng quá
Disgust,chủ tịch giả làm nhện và cái kết . đừng bao giờ xem thường người khác .,chủ tịch giả làm nhện và cái kết đừng bao giờ xem thường người khác
Disgust,"này thì cắt đức quan hệ , toàn thể hiện , dume nó",này thì cắt đức quan hệ toàn thể hiện dume nó
Disgust,con gái bây giờ chẳng nhờ được cái đéo gì nhờ có phát mà đập mẹ luôn cái bình,con gái bây giờ chẳng nhờ được cái đéo gì nhờ có phát mà đập mẹ luôn cái bình
Enjoyment,hạnh phúc to nè,hạnh phúc to nè
Disgust,"độ "" thâm "" của bác phải gọi là "" bố "" của tàu",độ thâm của bác phải gọi là bố của tàu
Enjoyment,ông thần nhây vãi đái 😂😂,ông thần nhây vãi đái 😂😂
Surprise,tóm lại vẩn ế à,tóm lại vẩn ế à
Sadness,chả vị nước mắt à 😔,chả vị nước mắt à 😔
Anger,con lợn kia sao đập vào đầu vợ bé của tao =)),con lợn kia sao đập vào đầu vợ bé của tao
Other,tôi rất mong sử phạt giao thông cũng mạnh tay như thế nào thì tốt,tôi rất mong sử phạt giao thông cũng mạnh tay như thế nào thì tốt
Fear,cứ sợ rớt điện thoại :)))) sợ nhất là lỡ khúc nào khó là té không thể tả nổi,cứ sợ rớt điện thoại sợ nhất là lỡ khúc nào khó là té không thể tả nổi
Enjoyment,hình như anh nay đóng phim ngây ngô thì fải ... phim đó hay lắm các bạn nên xem,hình như anh nay đóng phim ngây ngô thì fải phim đó hay lắm các bạn nên xem
Enjoyment,hahaa coi cái mặt con nhỏ thấy thương,hahaa coi cái mặt con nhỏ thấy thương
Enjoyment,"per khiếp nhớ ngày xưa quá anh em ơi , đi làm cười từ sáng tới tối luôn 😩",per khiếp nhớ ngày xưa quá anh em ơi đi làm cười từ sáng tới tối luôn 😩
Other,per tự nhiên tao cảm thấy bị nhột nhột trong người mày ạ,per tự nhiên tao cảm thấy bị nhột nhột trong người mày ạ
Enjoyment,"tỉ năm mới thấy cười một lần người gì đâu mà khó cười đến thế 🤨 chả bù cho mình , lúc đéo nào cũng cười , cuộc sống tràn ngập niềm vui < 3",tỉ năm mới thấy cười một lần người gì đâu mà khó cười đến thế 🤨 chả bù cho mình lúc đéo nào cũng cười cuộc sống tràn ngập niềm vui 3
Enjoyment,không phải crush :v nhưng mà nhìn ổng cười mỉm nhìn cute vãi -.-😑😆❤,không phải người mình thích v nhưng mà nhìn ổng cười mỉm nhìn cute vãi 😑😆❤
Enjoyment,per anh tặng vợ cái bát nha kaka,per anh tặng vợ cái bát nha kaka
Enjoyment,"tiêu đề bộ phim cứ ngỡ là thể loại hài , nhưng nếu xem hết thì các bạn sẽ rút ra rất nhiều điều và cái hay trong phim này",tiêu đề bộ phim cứ ngỡ là thể loại hài nhưng nếu xem hết thì các bạn sẽ rút ra rất nhiều điều và cái hay trong phim này
Anger,như lol,như lol
Surprise,bất ngờ chưa =))),bất ngờ chưa
Anger,"trời mới bắt đầu mưa , đéo lo thu thóc đi đứng đó quay ngang quay dọc",trời mới bắt đầu mưa đéo lo thu thóc đi đứng đó quay ngang quay dọc
Anger,"ay , đau thế , thằng chó !",ay đau thế thằng chó
Sadness,"có ai nhìn thấy hình như người đàn ông này đang rất đau khổ không nhỉ ? mình nhận thấy hình như ông ấy đang rất đau khổ , mà không thể or không muốn nói ra .",có ai nhìn thấy hình như người đàn ông này đang rất đau khổ không nhỉ mình nhận thấy hình như ông ấy đang rất đau khổ mà không thể or không muốn nói ra
Anger,"đm cho tù mọt gông đi , cái thứ không não",địt mẹ cho tù mọt gông đi cái thứ không não
Anger,con tao mà bị như này . cả nhà bon kia không quỳ mà xin thì xác con mẹ định luôn,con tao mà bị như này cả nhà bon kia không quỳ mà xin thì xác con mẹ định luôn
Sadness,a per ..... nhìn những hình ảnh này ... sao em nhớ về anh quá .... 15 năm ròng rã .. giờ anh lưu lạc nơi đâu . 😭😭😭😭,a per nhìn những hình ảnh này sao em nhớ về anh quá 15 năm ròng rã giờ anh lưu lạc nơi đâu 😭
Disgust,"kiến phải loại kiến lửa , kiến vàng , còn loại kiến lấy cứt trâu làm tổ này thì đốt gì hả ông zời :))",kiến phải loại kiến lửa kiến vàng còn loại kiến lấy cứt trâu làm tổ này thì đốt gì hả ông zời
Enjoyment,per có nên áp dụng với anh hàng xóm không nhể 😆😆😆,per có nên áp dụng với anh hàng xóm không nhể 😆
Enjoyment,đáng yêuc quá,đáng yêuc quá
Other,ok mà cần gì cứ cắt chất lượng lại thôi vẫn bán giá vậy,ok mà cần gì cứ cắt chất lượng lại thôi vẫn bán giá vậy
Disgust,làm như chỉ có chúng mày biết yêu nhau ý .,làm như chỉ có chúng mày bt yêu nhau ý
Other,nói chung là không nên uống chẳng bổ béo gì đâu,nói chung là không nên uống chẳng bổ béo gì đâu
Enjoyment,không nổi thì mình chìm haha,không nổi thì mình chìm haha
Other,nóng tính quá hỏng viẹc - trẻ em rất thích ngọt mình nên nhẹ nhàng cương quyết mới được,nóng tính quá hỏng viẹc trẻ em rất thích ngọt mình nên nhẹ nhàng cương quyết mới được
Other,anh cũng bướng làm !,anh cũng bướng làm
Anger,"mỗi lần như thế tao chửi , mà bọn nó xem đó là trò đùa mày ạ , càng chửi càng cười",mỗi lần như thế tao chửi mà bọn nó xem đó là trò đùa mày ạ càng chửi càng cười
Sadness,nhìn ma tiếc từng hạt trân châu,nhìn ma tiếc từng hạt trân châu
Enjoyment,thật cảm động,thật cảm động
Surprise,"trời ơi , tin được không ????",trời ơi tin được không
Enjoyment,per nhìn mặt hài vler :))),per nhìn mặt hài vler
Enjoyment,"đấy gọi là biết ngu mà vẫn đâm đầu vào , giống tao :)",đấy gọi là bt ngu mà vẫn đâm đầu vào giống tao
Enjoyment,một phút huy hoàng rồi chợt tắt còn hơn le lói giữa ngàn thu,một phút huy hoàng rồi chợt tắt còn hơn le lói giữa ngàn thu
Disgust,người ngoài hành tinh đi học tiếng anh rồi à vãi,người ngoài hành tinh đi học tiếng anh rồi à vãi
Sadness,đó là một câu chuyện buồn 😀,đó là một câu chuyện buồn 😀
Disgust,lỗi đạo cụ,lỗi đạo cụ
Disgust,per dạo này bị xàm à 😂😂😂,per dạo này bị xàm à 😂
Sadness,như chết đi sống lại 🙂,như chết đi sống lại 🙂
Sadness,"bất cứ lúc nào nghĩ về đời tao chỉ thấy vị cay , nồng nơi khóe mắt :))",bất cứ lúc nào nghĩ về đời tao chỉ thấy vị cay nồng nơi khóe mắt
Enjoyment,điện cho đứa bạn . đem mũ ra . coi ai hơn ai . kakaa .,điện cho đứa bạn đem mũ ra coi ai hơn ai kakaa
Anger,thả tao ra để tao cắn chết mẹ nó =)),thả tao ra để tao cắn chết mẹ nó
Enjoyment,per tao cứ thấy giống giống mày :))))),per tao cứ thấy giống giống mày
Disgust,vấn đề là phải cấm được xả thải chứ không thì chẳng khác mẹ gì nhau,vấn đề là phải cấm được xả thải chứ không thì chẳng khác mẹ gì nhau
Disgust,"giỏi thì tự đi mà thiết kế các kiểu . ở đó chỉ giỏi cào phím chê bai thôi . ông đã làm được gì , am hiểu gì mà chê này chê nọ",giỏi thì tự đi mà thiết kế các kiểu ở đó chỉ giỏi cào phím chê bai thôi ông đã làm được gì am hiểu gì mà chê này chê nọ
Enjoyment,ngoài kia ! còn có rất nhiều điều tốt đẹp vẫn còn trên thế giớ này ! hy vọng những điều tốt đẹp luôn diễn ra từng giây phút ..,ngoài kia còn có rất nhiều điều tốt đẹp vẫn còn trên thế giớ này hy vọng những điều tốt đẹp luôn diễn ra từng giây phút
Enjoyment,cưng hết sức nà,cưng hết sức nà
Disgust,"học kiểu ăn nói láp xược , tại sao không dạy xưng tôi hay tôi mà là tao . đúng chất bắc láo",học kiểu ăn nói láp xược tại sao không dạy xưng tôi hay tôi mà là tao đúng chất bắc láo
Surprise,cái nệm này độ đàn hồi đỉnh ghê,cái nệm này độ đàn hồi đỉnh ghê
Sadness,"em lấy đi niềm tin chả lại cho anh những gì , cũng vì anh vụng về đánh rơi hay càng xa vời càng dễ mất .. anh chân thành nên anh tổn thương",em lấy đi niềm tin chả lại cho anh những gì cũng vì anh vụng về đánh rơi hay càng xa vời càng dễ mất anh chân thành nên anh tổn thương
Anger,con mèo khốn nạn dám bóp vếu vợ tao à 😡,con mèo khốn nạn dám bóp vếu vợ tao à 😡
Surprise,"giỏi quá ta , cố gắng phát huy nha",giỏi quá ta cố gắng phát huy nha
Other,"giờ mà quay lại cái thời đi học , tao thề không ngoan nữa mà sẽ bỏ học đi chơi vài bữa",giờ mà quay lại cái thời đi học tao thề không ngoan nữa mà sẽ bỏ học đi chơi vài bữa
Other,ăn cả thế giới đã,ăn cả thế giới đã
Anger,"mấy cái thằng này xử bắn hết đi , to xác không lo làm ăn suốt ngày trộm cắp",mấy cái thằng này xử bắn hết đi to xác không lo làm ăn suốt ngày trộm cắp
Disgust,"đưa lên để nhận đồng cảm à ?? họ sai họ chịu phạt , còn người ta đỗ xe như thế bạn chả có quyền gì đuổi người ta cả . bỏ dần tư tưởng đường trước cửa nhà ta là của ta đi .",đưa lên để nhận đồng cảm à họ sai họ chịu phạt còn người ta đỗ xe như thế bạn chả có quyền gì đuổi người ta cả bỏ dần tư tưởng đường trước cửa nhà ta là của ta đi
Sadness,chú này tội lắm á :(,chú này tội lắm á
Anger,gọi phường cẩu đi thôi,gọi phường cẩu đi thôi
Disgust,link phim đéo có .. mà zo toàn gặp bình luận xàm,link phim đéo có mà zo toàn gặp bình luận xàm
Sadness,chắc kiếp trước gieo nghiệp kiếp này phải gánh thôi,chắc kiếp trước gieo nghiệp kiếp này phải gánh thôi
Enjoyment,hihi ảo tưởng,hihi ảo tưởng
Enjoyment,hahah tao chưa nghe hoàn chỉnh bài này lần nào,hahah tao chưa nghe hoàn chỉnh bài này lần nào
Enjoyment,mình không quan tâm giá trị học bổng bao nhiêu . mà tớ q . tâm em đó sẽ dành những gì cho đất nước sau khi học xong thôi . hee . chúc mừng em .,mình không quan tâm giá trị học bổng bao nhiêu mà tớ q tâm em đó sẽ dành những gì cho đất nước sau khi học xong thôi hee chúc mừng em
Other,thế nếu sóc lên xong gõ thì n có trào lên không nhỉ,thế nếu sóc lên xong gõ thì n có trào lên không nhỉ
Other,2 tên sủa giống nhau đêm đêm thì rủ nhau hú ??,2 tên sủa giống nhau đêm đêm thì rủ nhau hú
Other,dân dùng bằng giả có được khiển trách không nhỉ,dân dùng bằng giả có được khiển trách không nhỉ
Disgust,vì mày là đống vỏ năm xưa mẹ mày đổ vào đầu bố mày nên ngày nào nhìn mặt mày hắn cũng cay cú như thế :)),vì mày là đống vỏ năm xưa mẹ mày đổ vào đầu bố mày nên ngày nào nhìn mặt mày hắn cũng cay cú như thế
Fear,người ta chỉ muốn dụ mày rồi xin một trái thận . 😪,người ta chỉ muốn dụ mày rồi xin một trái thận 😪
Sadness,per huhu trời ơiii,per huhu trời ơi
Fear,lớp 5 mà viết kiểu này cô đánh gãy tay .,lớp 5 mà viết kiểu này cô đánh gãy tay
Enjoyment,con gái chả thế :)))) con trai đi dume mày có nhận hàng không,con gái chả thế con trai đi dume mày có nhận hàng không
Disgust,"xoá mẹ nó đi , pr cho nó làm gì",xoá mẹ nó đi pr cho nó làm gì
Enjoyment,t thích nhìn mắt của crush hơn là nhìn nó cười,tao thích nhìn mắt của người mình thích hơn là nhìn nó cười
Enjoyment,hành động đẹp,hành động đẹp
Disgust,"đập chết mẹ nó đi , nó làm người ta nhồi máu cơ tim có khác nào giết người gián tiếp mà ở mỹ gọi là giết người cấp độ 2 đấy",đập chết mẹ nó đi nó làm người ta nhồi máu cơ tim có khác nào giết người gián tiếp mà ở mỹ gọi là giết người cấp độ 2 đấy
Enjoyment,"đây là tao khi bảo "" tao biết đường mà , tin tao ."" 🙂",đây là tao khi bảo tao bt đường mà tin tao 🙂
Sadness,t nhớ tao đang xem xxx thì chưa cắm tai nghe 😭😭😭,tao nhớ tao đang xem x thì chưa cắm tai nghe 😭
Enjoyment,chuẩn . hài lòng với những thứ mình đang có . đừng mơ mộng những thứ viển vông,chuẩn hài lòng với những thứ mình đang có đừng mơ mộng những thứ viển vông
Enjoyment,per quẹo lựa mấy đứa ơi . để lễ nay đặt vé luôn cho rồi . nóng quá rồi :)))),per quẹo lựa mấy đứa ơi để lễ nay đặt vé luôn cho rồi nóng quá rồi
Disgust,"ai đời cho kiến đen đốt tr .... nta cho kiến vàng đốt chứ , ăn kì cục",ai đời cho kiến đen đốt trời nta cho kiến vàng đốt chứ ăn kì cục
Other,may quá tao đang nhà đắp chăn xem cảnh này chứ đông vậy đi chắc chớt,may quá tao đang nhà đắp chăn xem cảnh này chứ đông vậy đi chắc chớt
Disgust,mặt mày nhìn chán thậc,mặt mày nhìn chán thậc
Disgust,cả 2 đứa đều trẻ con . yêu đương kiểu này thì lsao mà tính chuyện lâu dài được,cả 2 đứa đều trẻ con yêu đương kiểu này thì lsao mà tính chuyện lâu dài được
Fear,per ê tao với mày mà đi cái cầu này chắc rớt ngay bước đầu quá 😢😢 đã mặp rồi chân lùn nữa đi qua bằng niềm tin,per ê tao với mày mà đi cái cầu này chắc rớt ngay bước đầu quá 😢😢 đã mặp rồi chân lùn nữa đi qua bằng niềm tin
Sadness,đau lòng quá,đau lòng quá
Disgust,chơi mất dậy . gặp tao là tiễn theo điện thoại luôn,chơi mất dậy gặp tao là tiễn theo điện thoại luôn
Enjoyment,vụ này chắc xử nhanh hơn vụ trong thang máy .... 😂😂😂,vụ này chắc xử nhanh hơn vụ trong thang máy 😂
Sadness,lúc rài không gặp được mặt cờ rút nữa 😪,lúc rài không gặp được mặt cờ rút nữa 😪
Disgust,dạo này cứ đổ vỡ nhây nhớp là hấp dẫn cư dân mạng à :)) tao thấy đéo đến mức buồn quá,dạo này cứ đổ vỡ nhây nhớp là hấp dẫn cư dân mạng à tao thấy đéo đến mức buồn quá
Enjoyment,giống tao hồi bé ... 😅,giống tao hồi bé 😅
Disgust,có ai không bị giật mình như tao không . nhạt vãi =))),có ai không bị giật mình như tao không nhạt vãi
Sadness,năm nay không được ăn dồi :((,năm nay không được ăn dồi
Sadness,ổng bị bắt rồi :( rồi lấy gì coi,ổng bị bắt rồi rồi lấy gì coi
Enjoyment,"per thể loại mới nè , có vẻ phê",per thể loại mới nè có vẻ phê
Enjoyment,con nào cũng là con nhé . con trai tao tập từ nhỏ đã biết tự lo và phụ mẹ rồi :)),con nào cũng là con nhé con trai tao tập từ nhỏ đã bt tự lo và phụ mẹ rồi
Disgust,"cái con yêu nghiê ̣ tao này hồi nhỏ nó phập vào đùi mình . lần đầu nhìn thấy nó tươ ̉ người nó cũng hiền hiền như con vịt , ai ngờ mới bươ ́ c lại gần là nó di ́ rượt mình . cái kết là bầm tím phần đùi . đến giơ ̀ thấy nó là auto né .",cái con yêu nghiê ̣ tao này hồi nhỏ nó phập vào đùi mình lần đầu nhìn thấy nó tươ ̉ người nó cũng hiền hiền như con vịt ai ngờ mới bươ ́ c lại gần là nó di ́ rượt mình cái kết là bầm tím phần đùi đến giơ ̀ thấy nó là auto né
Enjoyment,per nhện kìa haha,per nhện kìa haha
Sadness,per đi tong một năm học ... nhưng vẫn tốt nghiệp ... :(,per đi tong một năm học nhưng vẫn tốt nghiệp
Sadness,càng thân thiết khi quay lưng càng đau lòng .,càng thân thiết khi quay lưng càng đau lòng
Enjoyment,lâu rồi chưa nghe ... nghe lại vẫn hay và ngấm như ngày nào :)),lâu rồi chưa nghe nghe lại vẫn hay và ngấm như ngày nào
Other,tôi thấy tương lai của tôi trong bức ảnh này :d,tôi thấy tương lai của tôi trong bức ảnh này d
Enjoyment,"per đấu nhau to rồi , phen này hay",per đấu nhau to rồi phen này hay
Other,có thể bán lại cho tớ không ??????,có thể bán lại cho tớ không
Disgust,phí gì cũng cao nhất so với ngân hàg khác mà phục vụ lại tệ nhất ! sau đợt này vcb mất nhiều khác hàg !,phí gì cũng cao nhất so với ngân hàg khác mà phục vụ lại tệ nhất sau đợt này vcb mất nhiều khác hàg
Sadness,xem đi xem lại bao nhiêu lần cũng không chán ... vẫn cảm giác hồi hộp :),xem đi xem lại bao nhiêu lần cũng không chán vẫn cảm giác hồi hộp
Enjoyment,per phải nói là hiền quá hiền luônnn 🤣,per phải nói là hiền quá hiền luôn 🤣
Anger,phạt thế quá nhẹ ...,phạt thế quá nhẹ
Disgust,có bồ mà cũng sân si,có bồ mà cũng sân si
Fear,trên đời sợ nhất mấy con trùn trùn như ri ! nhất là giun đất với rắn !!! đã từng bỏ tiết học sinh học mổ giun đất 😞😞,trên đời sợ nhất mấy con trùn trùn như ri nhất là giun đất với rắn đã từng bỏ tiết học sinh học mổ giun đất 😞😞
Enjoyment,sao tao thấy đa phần mấy đứa con trai cắt tóc xong nhìn ngáo đéo chịu được vậy =))).. cười tét cả hàm chứ đùa,sao tao thấy đa phần mấy đứa con trai cắt tóc xong nhìn ngáo đéo chịu được vậy cười tét cả hàm chứ đùa
Other,đơn giản thôi : nó giống như con chó vậy . khi ta đuổi thì nó chạy . khi ta chạy thì nó đuổi,đơn giản thôi nó giống như con chó vậy khi ta đuổi thì nó chạy khi ta chạy thì nó đuổi
Other,ướp đông lạnh luôn à,ướp đông lạnh luôn à
Fear,chờ tý tao đi thay bỉm xíu tao quay lại .,chờ tý tao đi thay bỉm xíu tao quay lại
Other,có hiệu quả không mới quan trọng,có hiệu quả không mới quan trọng
Disgust,sáng sớm đã đậm chất ngôn tình . tránh ra chỗ bà gym nào .,sáng sớm đã đậm chất ngôn tình tránh ra chỗ bà gym nào
Enjoyment,anh chờ ... đáng yêu ghê,anh chờ đáng yêu ghê
Disgust,cười như cục cức trôi sông lạc chợ 😏😏👌,cười như cục cức trôi sông lạc chợ 😏😏👌
Sadness,tao buồn mấy năm nay rồi,tao buồn mấy năm nay rồi
Enjoyment,phải đối xử tốt với chính bản thân mình :),phải đối xử tốt với chính bản thân mình
Sadness,"chủ động nói chuyện , nhắn tin khi có time . nhưng đời không như mơ",chủ động nói chuyện nhắn tin khi có time nhưng đời không như mơ
Anger,"móa , thiệt chứ tụi này nuôi làm gì vậy nhỉ ?",móa thiệt chứ tụi này nuôi làm gì vậy nhỉ
Enjoyment,tao đang đi phân khối lớn đây . ai cũng kêu nhìn cá tính vãi 😁,tao đang đi phân khối lớn đây ai cũng kêu nhìn cá tính vãi 😁
Other,động lực để phụ nữ chiến đấu chính là gia đình và bản thân họ :),động lực để phụ nữ chiến đấu chính là gia đình và bản thân họ
Sadness,mink chỉ lo là nhà nước không đủ gạo nuôi mấy anh,mink chỉ lo là nhà nước không đủ gạo nuôi mấy anh
Surprise,sản phẩm khá là mới lạ trong việt nam,sản phẩm khá là mới lạ trong việt nam
Enjoyment,"chuẩn rồi . nhiều khi mệt muốn xỉu , xong đồng nghiệp đùa nhau đôi ba câu hay kể cho nhau vài câu chuyện thế là lại vui trở lại 😂😂😂 đồng nghiệp quan trọng thật sự",chuẩn rồi nhiều khi mệt muốn xỉu xong đồng nghiệp đùa nhau đôi ba câu hay kể cho nhau vài câu chuyện thế là lại vui trở lại 😂 đồng nghiệp quan trọng thật sự
Other,ai trèo lên đưa cho ảnh cái áo mưa đi kẻo ướt ảnh đó,ai trèo lên đưa cho ảnh cái áo mưa đi kẻo ướt ảnh đó
Fear,"per hồi nhỏ bị con đỉ này dí lòi lol 😂, bị cắn bầm đen muốn thúi thịt luôn cả tháng hơn mới hết . mà đươ ̣ c cái con này nuôi nó giữ nhà cửa hay , có nó không sợ ma quỷ gì hết",per hồi nhỏ bị con đỉ này dí lòi lol 😂 bị cắn bầm đen muốn thúi thịt luôn cả tháng hơn mới hết mà đươ ̣ c cái con này nuôi nó giữ nhà cửa hay có nó không sợ ma quỷ gì hết
Disgust,chắc ổng chỉ ngồi 1 chỗ và để móng lên bàn nv . chư tao nghĩ đi lại cũng khó,chắc ổng chỉ ngồi 1 chỗ và để móng lên bàn nv chư tao nghĩ đi lại cũng khó
Enjoyment,nó mới ghé nhà tao đây :)),nó mới ghé nhà tao đây
Enjoyment,nhìn mặt là cười phọt rồi,nhìn mặt là cười phọt rồi
Other,per cấm dừng đỗ đâu cụ thớt ???,per cấm dừng đỗ đâu cụ thớt
Sadness,đọc chả hiểu gì :( mất gốc rồi :(,đọc chả hiểu gì mất gốc rồi
Other,mạng lag chưa xem được nhưng vẫn vào bình luận 😍😍,mạng lag chưa xem được nhưng vẫn vào bình luận 😍😍
Enjoyment,"em vợ có thể ngủ với mẹ , còn anh thì ngủ với em 😂",em vợ có thể ngủ với mẹ còn anh thì ngủ với em 😂
Enjoyment,cái giọng anh quay phim nghe ngọt quá 😘😘,cái giọng anh quay phim nghe ngọt quá 😘😘
Enjoyment,đẹp đôi vãi 🤩,đẹp đôi vãi 🤩
Anger,như con ma tơi có ngày ném cho cái cốc vào mặt thì đừng trách,như con ma tơi có ngày ném cho cái cốc vào mặt thì đừng trách
Other,"ổng để móng có 1 bàn tay thôi còn bàn tay kia vẫn sạch sẽ bình thường mà các cụ cứ hỏi chùi đít , đanh răng , quay tay kiểu gì là sao :))",ổng để móng có 1 bàn tay thôi còn bàn tay kia vẫn sạch sẽ bình thường mà các cụ cứ hỏi chùi đít đanh răng quay tay kiểu gì là sao
Disgust,chỉ thấy mất dạy,chỉ thấy mất dạy
Disgust,vì nó biết mày còn 2 quả thận thôi con ạ . rửa mặt đi :vậy,vì nó bt mày còn 2 quả thận thôi con ạ rửa mặt đi vậy
Sadness,tiền cắt tóc như kia đủ mua giày rồi :v,tiền cắt tóc như kia đủ mua giày rồi v
Other,"trên phim thôi . ngoài đời thì đứa con gái uống xong ngất luôn , hôm sau thì bị bán mẹ sang trung quốc",trên phim thôi ngoài đời thì đứa con gái uống xong ngất luôn hôm sau thì bị bán mẹ sang trung quốc
Disgust,đấy cổ tích như thế có mà dân lại ngồi hết lên đầu pháp luật . tai nạn tăng không ngừng nghỉ ấy chứ .,đấy cổ tích như thế có mà dân lại ngồi hết lên đầu pháp luật tai nạn tăng không ngừng nghỉ ấy chứ
Disgust,"nếu không có lòng yêu thương , thì đừng nuôi",nếu không có lòng yêu thương thì đừng nuôi
Disgust,định mệnh gớm vãi 🤮🤮🤮,định mệnh gớm vãi 🤮
Other,kiểu xem đứa nào thắng !,kiểu xem đứa nào thắng
Enjoyment,"èo , ngọt quá đi",èo ngọt quá đi
Disgust,lấy vợ xong bị tàn phá là có thật 😆 béo vãi_chưởng,lấy vợ xong bị tàn phá là có thật 😆 béo vãi chưởng
Disgust,nếu người ta sai thì gọi công an xử lý còn không thì bạn không có quyền nhé,nếu người ta sai thì gọi công an xử lý còn không thì bạn không có quyền nhé
Fear,t thề hồi nhỏ qua nhà ông hàng xóm vá xe tao bị con ngỗng dí chạy xúc quần quanh nhà ổng vừa chạy vừa la làng tới giờ nhớ lại vẫn còn hãi 😧😧😧,tao thề hồi nhỏ qua nhà ông hàng xóm vá xe tao bị con ngỗng dí chạy xúc quần quanh nhà ổng vừa chạy vừa la làng tới giờ nhớ lại vẫn còn hãi 😧
Anger,nó bướng vãi . cứ làm theo ý mình,nó bướng vãi cứ làm theo ý mình
Disgust,nghe như hát trầu văn,nghe như hát trầu văn
Other,đúng rồi mà kệ nó tao đéo quan tâm . chụp cho ai thì chụp,đúng rồi mà kệ nó tao đéo quan tâm chụp cho ai thì chụp
Enjoyment,nhà có người già vui thật nhỉ 🤣👍,nhà có người già vui thật nhỉ 🤣👍
Other,tao nấu củi chưa nấu bằng rơm bao giờ 😪,tao nấu củi chưa nấu bằng rơm bao giờ 😪
Other,bếp dầu trước kia tôi đã thuờg dùng,bếp dầu trước kia tôi đã thuờg dùng
Other,ngọc ngọc đồng nghiệp tốt,ngọc ngọc đồng nghiệp tốt
Disgust,đời tao ghét con súc sinh này vãi .. nhiều khi tao tự vấn tao làm gì sai mà mỗi lần tao đi qua nó là y như rằng tao phải chạy như chó chứ không thể nào hiên ngang đi 1 cách như người bình thường,đời tao ghét con súc sinh này vãi nhiều khi tao tự vấn tao làm gì sai mà mỗi lần tao đi qua nó là y như rằng tao phải chạy như chó chứ không thể nào hiên ngang đi 1 cách như người bình thường
Anger,"ờ phải rồi , nói hay lắm . đến lúc nó đậu trước cửa nhà mình cả ngày xem có nhảy lên như khỉ đỏ đít không ?",ờ phải rồi nói hay lắm đến lúc nó đậu trước cửa nhà mình cả ngày xem có nhảy lên như khỉ đỏ đít không
Other,tạm biệt sếp và mong sớm có ngày sếp quay lại ...,tạm biệt sếp và mong sớm có ngày sếp quay lại
Sadness,tao dễ thương nhưng vẫn ế đây này mơ mộng ít thôi,tao dễ thương nhưng vẫn ế đây này mơ mộng ít thôi
Enjoyment,"má , dume cười ỉa :))))",má dume cười ỉa
Anger,bà mẹ tháng cô hồn nghèo rớt mồng tơi mà cứ chiếu phim tiền đâu mà coi trời oi là troi,bà mẹ tháng cô hồn nghèo rớt mồng tơi mà cứ chiếu phim tiền đâu mà coi trời oi là troi
Surprise,cái này nó giống câu “ em ăn cơm chưa ” vãi,cái này nó giống câu “ em ăn cơm chưa ” vãi
Other,bị rồi nè :))) mua 6 ly rớt hết 4 ly,bị rồi nè mua 6 ly rớt hết 4 ly
Disgust,"đây là 1 câu chuyện buồn đó , đừng có haha nha per",đây là 1 câu chuyện buồn đó đừng có haha nha per
Other,chảy cả nói chuyện mắt,chảy cả nói chuyện mắt
Anger,là tôi tôi cũng tát vỡ mồm nó ~~,là tôi tôi cũng tát vỡ mồm nó
Sadness,per ngôn tình luôn ở quanh ta nhưng nó đéo đến với chúng ta 😏,per ngôn tình luôn ở quanh ta nhưng nó đéo đến với chúng ta 😏
Enjoyment,rồi lỡ ai có bầu mà đi qua không biết nhảy kiểu gì nữa 😂😂,rồi lỡ ai có bầu mà đi qua không bt nhảy kiểu gì nữa 😂😂
Enjoyment,nghe mát lòng mát gan thế ????,nghe mát lòng mát gan thế
Other,tao đang xem cái gì vậy,tao đang xem cái gì vậy
Fear,sợ đến lúc đó muốn lấy vợ phải sang nước khác nhập khẩu về quá,sợ đến lúc đó muốn lấy vợ phải sang nước khác nhập khẩu về quá
Sadness,nhiều khi cũng muốn chọc cho người yêu giận nhưng mới nhớ ra mình đéo có người yêu 😌,nhiều khi cũng muốn chọc cho người yêu giận nhưng mới nhớ ra mình đéo có người yêu 😌
Fear,nguy hiểm thật,nguy hiểm thật
Enjoyment,"ok hay quá , dùng điện này thôi",ok hay quá dùng điện này thôi
Enjoyment,ơ tao đang mơ 🤩,ơ tao đang mơ 🤩
Disgust,chủ tịch rả vờ ngu và cái kết đừng bao rờ khinh thường người khác 😂😂,chủ tịch rả vờ ngu và cái kết đừng bao rờ khinh thường người khác 😂😂
Enjoyment,"per ăn tết xong , cần cây cầu này để giảm cân 😆😆",per ăn tết xong cần cây cầu này để giảm cân 😆😆
Disgust,loại dâm ô nam sinh này cần phải tử hình để làm gương cho người khác .,loại dâm ô nam sinh này cần phải tử hình để làm gương cho người khác
Sadness,:))) 1 phần của bài quyền là phải gẫy gậy và té sấp mặt luôn để đỡ bị đối phương đâm lòi phèo,1 phần của bài quyền là phải gẫy gậy và té sấp mặt luôn để đỡ bị đối phương đâm lòi phèo
Other,chắc chắn người pháp sẽ khôi phục lại được . tin là như thế,chắc chắn người pháp sẽ khôi phục lại được tin là như thế
Disgust,per á đông có đồng nghiệp như hiệp suốt ngày rủ đi vệ sinh cùng ghê vãi,per á đông có đồng nghiệp như hiệp suốt ngày rủ đi vệ sinh cùng ghê vãi
Enjoyment,đm nhìn ngầu vãi,địt mẹ nhìn ngầu vãi
Enjoyment,chuẩn luôn khi ở công tình yêu toàn là các anh chị em đồng nghiệp tốt he he,chuẩn luôn khi ở công tình yêu toàn là các anh chị em đồng nghiệp tốt he he
Other,với tôi là gia đình và sự hận thù .,với tôi là gia đình và sự hận thù
Disgust,người ta gọi là ngu mà cứ đâm đầu vào đấy :),người ta gọi là ngu mà cứ đâm đầu vào đấy
Other,tỉnh táo đi em !,tỉnh táo đi em
Other,bếp dầu thời bao cấp,bếp dầu thời bao cấp
Surprise,có cái bệnh này nữa hả trời,có cái bệnh này nữa hả trời
Disgust,agribank thu nhập bằng phong phì thì bố thằng nào biết được mà cập nhật,agribank thu nhập bằng phong phì thì bố thằng nào bt được mà cập nhật
Other,crush ai thì cờ rớt chứ đừng cờ rớt mấy mẹ bán hàng online với làm bất động sản chúng mày nhé :3,người mình thích ai thì cờ rớt chứ đừng cờ rớt mấy mẹ bán hàng online với làm bất động sản chúng mày nhé 3
Fear,nhà tao cũng gần mà tao không bao giờ dám đi đêm,nhà tao cũng gần mà tao không bao giờ dám đi đêm
Sadness,kiểu gì chả chết ? đá to như kia thoát sao nổi ?,kiểu gì chả chết đá to như kia thoát sao nổi
Sadness,không muốn huhu,không muốn huhu
Enjoyment,ông trời cho mình lũ bạn cờ hó quá ấy mà :),ông trời cho mình lũ bạn cờ hó quá ấy mà
Enjoyment,dự định tao là 28 nhưng giờ mà có bồ là bắt cưới luôn chớ sợ ế haha,dự định tao là 28 nhưng giờ mà có bồ là bắt cưới luôn chớ sợ ế haha
Surprise,giỏi thiệt . nể . giọng ở tao khó z mà ông này nói được giỏi 😁,giỏi thiệt nể giọng ở tao khó vậy mà ông này nói được giỏi 😁
Disgust,chọn cây đẹp đẹp rồi để các bạn trẻ đổ xô đến vì hiếu kỳ lại gây tắc đường à dume,chọn cây đẹp đẹp rồi để các bạn trẻ đổ xô đến vì hiếu kỳ lại gây tắc đường à dume
Sadness,biết là đau lòng nhưng sao bản thân vẫn muốn biết nó,bt là đau lòng nhưng sao bản thân vẫn muốn bt nó
Other,per mang võng ra không lại tủi không thể ngồi,per mang võng ra không lại tủi không thể ngồi
Disgust,đóng của trường đi bắt bỏ tù loai người xấu xa : ham lợi nhuận : lừa đảo phụ huynh lấy tiền,đóng của trường đi bắt bỏ tù loai người xấu xa ham lợi nhuận lừa đảo phụ huynh lấy tiền
Other,như 1 canh bạc ấy nhỉ @@,như 1 canh bạc ấy nhỉ
Other,chợt nhận ra mình chưa từng thích thầm ai trong lớp,chợt nhận ra mình chưa từng thích thầm ai trong lớp
Other,cây này quê tao nhiều lắm nhé . mùa này đi rừng hay gặp nhiều này,cây này quê tao nhiều lắm nhé mùa này đi rừng hay gặp nhiều này
Fear,dume mặc dù tao rất yêu chó nhưng tao cũng sợ chó nữa :((,dume mặc dù tao rất yêu chó nhưng tao cũng sợ chó nữa
Sadness,"không biết khuyên thế nào , nhưng chỉ cần bình tĩnh 1 xíu , dù gì thì cũng đừng tự sát , đời người chỉ sống 1 lần thôi ...",không bt khuyên thế nào nhưng chỉ cần bình tĩnh 1 xíu dù gì thì cũng đừng tự sát đời người chỉ sống 1 lần thôi
Anger,tao bực mày lắm rồi đấy,tao bực mày lắm rồi đấy
Sadness,crush tao mất rồi .,người mình thích tao mất rồi
Disgust,cái thứ tình yêu bọ xít :)),cái thứ tình yêu bọ xít
Fear,"ngày xưa nhà nuôi mấy con điên này cái giọng thì đã khó nghe thì chớ suốt ngày ngoạc ra , hễ về đến nhà là thấy giọng bọn n đầu tiên . xong cho ăn , rõ ràng là cho n ăn đàng hoàng mà đến n + 1 lần bị n mổ với đuổi bợt mạng . chốt là tao ghét cái bọn nì dã man . ám ảnh cả 1 tuổi thơ :(( cái thứ yêu nghiệt .",ngày xưa nhà nuôi mấy con điên này cái giọng thì đã khó nghe thì chớ suốt ngày ngoạc ra hễ về đến nhà là thấy giọng bọn n đầu tiên xong cho ăn rõ ràng là cho n ăn đàng hoàng mà đến n 1 lần bị n mổ với đuổi bợt mạng chốt là tao ghét cái bọn nì dã man ám ảnh cả 1 tuổi thơ cái thứ yêu nghiệt
Enjoyment,cặp này lầy mà dễ thương,cặp này lầy mà dễ thương
Disgust,per mặc dù biết ngôn tình tàu khựa toàn xạo chó nhưng cầu hôn có não thật ^^,per mặc dù bt ngôn tình tàu khựa toàn xạo chó nhưng cầu hôn có não thật
Anger,"đừng so nó với chó ., vì chó nhà tao cũng từng bị nó cắn rồi 🤧. nó đéo ' sợ bố con thằng nào cả .",đừng so nó với chó vì chó nhà tao cũng từng bị nó cắn rồi 🤧 nó đéo sợ bố con thằng nào cả
Disgust,địt mẹ mấy thằng nhà quê,địt mẹ mấy thằng nhà quê
Disgust,vãi chả phơi hết tim gan phèo phổi @@,vãi chả phơi hết tim gan phèo phổi
Disgust,cảnh thì dõ đẹp mà nhìn nước ô nhiễm quá,cảnh thì dõ đẹp mà nhìn nước ô nhiễm quá
Other,thích nấu lúc nào cũng được,thích nấu lúc nào cũng được
Anger,"mấy con đĩ xạo lồn tao thấy mà tao tức á , chia bè phái ra làm rầm rầm rộ rộ",mấy con đĩ xạo lồn tao thấy mà tao tức á chia bè phái ra làm rầm rầm rộ rộ
Enjoyment,cái chứng minh hình kia dễ vãi . cứ vẽ hình lên bài xong người chấm điểm người ta thấy là biết chứ sao :)),cái chứng minh hình kia dễ vãi cứ vẽ hình lên bài xong người chấm điểm người ta thấy là bt chứ sao
Enjoyment,đm quả gật đầu quả quyết vãi 😂,địt mẹ quả gật đầu quả quyết vãi 😂
Surprise,ho mà vỡ xương kể ra trên đời lắm chuyện lạ vãi,ho mà vỡ xương kể ra trên đời lắm chuyện lạ vãi
Sadness,bốc toàn trúng may mắn lần sau,bốc toàn trúng may mắn lần sau
Disgust,nước tớ nhiều thành phần hãm lồn thế đấy các bạn ạ . tớ gặp là tớ còn ghét nữa là các bạn nước ngoài,nước tớ nhiều thành phần hãm lồn thế đấy các bạn ạ tớ gặp là tớ còn ghét nữa là các bạn nước ngoài
Other,cẩn thận móc túi trộm nhé anh chị em .,cẩn thận móc túi trộm nhé anh chị em
Enjoyment,đoạn cuối yêu mún chết,đoạn cuối yêu muốn chết
Enjoyment,hahahaha,hahahaha
Enjoyment,cuộc đời bà đã nấu hơn 50 nồi bánh chưng rồi nhưng bà chưa bao giờ thấy ai cắt tóc ngắn đi mà xinh như thế này các cháu ạ .,cuộc đời bà đã nấu hơn 50 nồi bánh chưng rồi nhưng bà chưa bao giờ thấy ai cắt tóc ngắn đi mà xinh như thế này các cháu ạ
Other,"mày vã quá rồi đấy , sang lên chứ 🙄",mày vã quá rồi đấy sang lên chứ 🙄
Enjoyment,"e ấy đang khóc , nhưng vì hàm răng không thể thụt vào nên mọi người nghĩ là em đang cười :))))",e ấy đang khóc nhưng vì hàm răng không thể thụt vào nên mọi người nghĩ là em đang cười
Enjoyment,per ôi cái bếp một thời chinh chiến,per ôi cái bếp một thời chinh chiến
Anger,vl mồm thì chửi người ta nhem nhẻm ra xong cứ bảo người ta mất dậy :)) chị kia đã chửi được câu đéo nào đâu mà nó cứ bảo mất dậy . đâm hỏng xe người ta xong còn đòi đọ lồn :))))) bố mày lậy . phải tao là tao sút cho tung con mẹ mày cái lồn già lên rồi cho mất dậy cả thể . cứ cậy đẻ 5 lứa rồi lồn rộng mép dài ra đường bắt nạt đứa lồn bé hơn,vãi lồn mồm thì chửi người ta nhem nhẻm ra xong cứ bảo người ta mất dậy chị kia đã chửi được câu đéo nào đâu mà nó cứ bảo mất dậy đâm hỏng xe người ta xong còn đòi đọ lồn bố mày lậy phải tao là tao sút cho tung con mẹ mày cái lồn già lên rồi cho mất dậy cả thể cứ cậy đẻ 5 lứa rồi lồn rộng mép dài ra đường bắt nạt đứa lồn bé hơn
Enjoyment,"trời mẹ phim gì vậy thớt ơi , cười ná thở",trời mẹ phim gì vậy thớt ơi cười ná thở
Enjoyment,nhưng công nhận nhìn ngáo cỏ yêu thật =)),nhưng công nhận nhìn ngáo cỏ yêu thật
Disgust,ăn mà không biết dọn .,ăn mà không bt dọn
Sadness,tao được thấy nói chuyện mắt của bố tao khi tao bệnh và khi tao lấy chồng,tao được thấy nói chuyện mắt của bố tao khi tao bệnh và khi tao lấy chồng
Anger,mày ăn cứt hay sao ngu thế hả,mày ăn cứt hay sao ngu thế hả
Sadness,chia buồn với gã lưng gù 😥😢,chia buồn với gã lưng gù 😥😢
Sadness,tao đã từng viết như thế này . bây giờ không muốn ai đọc chỉ có đốt mà lười đốt,tao đã từng viết như thế này bây giờ không muốn ai đọc chỉ có đốt mà lười đốt
Sadness,tác phẩm nghệ thuật chất lượng cao hiếm hoi của điện ảnh việt nam nhưng không được công chúng quê nhà đón nhận,tác phẩm nghệ thuật chất lượng cao hiếm hoi của điện ảnh việt nam nhưng không được công chúng quê nhà đón nhận
Sadness,thực ra em mới đang phải là sự lựa chọn chứ không phải là người được lựa chọn đâu 😌.,thực ra em mới đang phải là sự lựa chọn chứ không phải là người được lựa chọn đâu 😌
Fear,"per trong vòng 4 tháng chắc anh chụp hơn trăm tấm , huhu , sợ quá 😱😱😱😢😢😢",per trong vòng 4 tháng chắc anh chụp hơn trăm tấm huhu sợ quá 😱😢
Sadness,"tui ở tuy hòa , phú yên mà chả nhận ra luôn .",tui ở tuy hòa phú yên mà chả nhận ra luôn
Sadness,"có ai lần đầu bắn kéo ngược ra phía trước đạn bay vào mặt giống tao không , đau điếng",có ai lần đầu bắn kéo ngược ra phía trước đạn bay vào mặt giống tao không đau điếng
Enjoyment,cô gái này thật dễ thương “ anh cứ nhắm mắt làm đại một lần thôi mà “ 😂😂,cô gái này thật dễ thương “ anh cứ nhắm mắt làm đại một lần thôi mà “ 😂😂
Other,mới ra mà nắm bắt nhanh thế,mới ra mà nắm bắt nhanh thế
Enjoyment,"chị thích con gái mạnh mẽ , cá tính .",chị thích con gái mạnh mẽ cá tính
Anger,tô ́ tao nhất là chết luôn đi ko chết sau này lại ngáo kéo theo người kha ́ c thì khổ .,tô ́ tao nhất là chết luôn đi không chết sau này lại ngáo kéo theo người kha ́ c thì khổ
Disgust,cho bỏ cái ngu đậu xe ẩu tả .,cho bỏ cái ngu đậu xe ẩu tả
Sadness,buôn bỏ nhưng tình cảm ko thuoc về mình nua . bat đầu kiem tiên,buôn bỏ nhưng tình cảm không thuoc về mình nua bat đầu kiem tiên
Enjoyment,"thanh diễm giờ tao hiểu tại sao cứ sáng vô là tao trông tới đi về , đầu tuần trông tới cuối tuần và đầu tháng trông tới cuối tháng rồi 🤣🤣🤣🤭",thanh diễm giờ tao hiểu tại sao cứ sáng vô là tao trông tới đi về đầu tuần trông tới cuối tuần và đầu tháng trông tới cuối tháng rồi 🤣🤭
Enjoyment,người gì đâu mà dễ thương quá chờiiiii,người gì đâu mà dễ thương quá chời
Disgust,nhìn mặt nó nhăn nhó khó chịu vãi,nhìn mặt nó nhăn nhó khó chịu vãi
Other,nhưng sạn quá . ma mà sao lúc đầu có bóng của cánh tay vậy .???,nhưng sạn quá ma mà sao lúc đầu có bóng của cánh tay vậy
Other,đừng tưởng nó nói yêu mày là yêu mày thật :))),đừng tưởng nó nói yêu mày là yêu mày thật
Disgust,vì những thành phần như bạn mà page cứ phải khoá bình luận cho trong sạch đấy . thật là giông bão 😌,vì những thành phần như bạn mà page cứ phải khoá bình luận cho trong sạch đấy thật là giông bão 😌
Disgust,thân gửi mấy má bán combo quà độn xốp với mấy cha có ý định tặng 😂😂,thân gửi mấy má bán combo quà độn xốp với mấy cha có ý định tặng 😂😂
Other,t đi lộn lớp rồi,tao đi lộn lớp rồi
Surprise,per la liếm cả ở trong này hả =)),per la liếm cả ở trong này hả
Sadness,chuẩn bị prayforparis thôi 23 tuần kể từ khi phe áo vàng làm loạn rồi mà vẫn chưa dẹp được .,chuẩn bị prayforparis thôi 23 tuần kể từ khi phe áo vàng làm loạn rồi mà vẫn chưa dẹp được
Disgust,ở dơ vãi - _ -,ở dơ vãi
Sadness,sinh viên năm 3 rồi nhưng vẫn chưa định hướng ra trường làm cái giống gì đây :(,sinh viên năm 3 rồi nhưng vẫn chưa định hướng ra trường làm cái giống gì đây
Other,cái máy nghe nhạc nè,cái máy nghe nhạc nè
Enjoyment,ra xong bảo anh ý ship em về nhà luôn được không . xe em bị hỏng mất tiêu rồi =)),ra xong bảo anh ý ship em về nhà luôn được không xe em bị hỏng mất tiêu rồi
Surprise,y tế chăm sóc sức khỏe lương nhiều vậy sao,y tế chăm sóc sức khỏe lương nhiều vậy sao
Enjoyment,t đu ́ theo thôi :v tao biê ́ tao thư ̀ anh no ́ la ̀ shipper,tao đu ́ theo thôi v tao biê ́ tao thư ̀ anh no ́ la ̀ shipper
Disgust,các bác bình luận ở đây cũng có khác gì họ đang ngồi chửi nhà nước không,các bác bình luận ở đây cũng có khác gì họ đang ngồi chửi nhà nước không
Enjoyment,"con nghiệt súc này mỗi lần tao đi đá bóng là 2 vợ chồng nó dí theo cắn bầm hết chân , thứ này thù dai kinh khủng , chiều nào nó cũng khởi động cho tao trước khi đá bóng ... con mẹ nó giờ tao lớn rồi , tay nghề nấu nướng cũng không tệ gặp mà dí theo là xác định tao quay nó vàng ương luôn =]]",con nghiệt súc này mỗi lần tao đi đá bóng là 2 vợ chồng nó dí theo cắn bầm hết chân thứ này thù dai kinh khủng chiều nào nó cũng khởi động cho tao trước khi đá bóng con mẹ nó giờ tao lớn rồi tay nghề nấu nướng cũng không tệ gặp mà dí theo là xác định tao quay nó vàng ương luôn
Enjoyment,nấu kiểu này ngon lắm luôn 😋😋,nấu kiểu này ngon lắm luôn 😋😋
Enjoyment,per thích quáaaaa,per thích quáa
Other,mấy ai chứng minh được điều đó 😍,mấy ai chứng minh được điều đó 😍
Sadness,thằng ben thật tội nghiệp,thằng ben thật tội nghiệp
Enjoyment,yêu quá nè nè,yêu quá nè nè
Other,có ai như tao không . chả thích đi đền chùa vì nhiều lí do ??,có ai như tao không chả thích đi đền chùa vì nhiều lí do
Other,tiền bạc là phù du ... nhiêu đó cho luôn 😂😂😂😂😂,tiền bạc là phù du nhiêu đó cho luôn 😂
Enjoyment,mong anh có thể đạt được ước mơ của mình .... cố lên,mong anh có thể đạt được ước mơ của mình cố lên
Enjoyment,ai muốn đi thái hè này với tôiii nào cũng chim ưng phết đấyy :))),ai muốn đi thái hè này với tôi nào cũng chim ưng phết đấyy
Disgust,má nó điên đến mức này rồi à,má nó điên đến mức này rồi à
Disgust,muối nhà mày mua chỗ khác rồi hay s thiếu mặn z :)),muối nhà mày mua chỗ khác rồi hay s thiếu mặn vậy
Disgust,con gái con đứa thứ gì vô duyên không mặc cả quần lót,con gái con đứa thứ gì vô duyên không mặc cả quần lót
Other,bếp dầu chứ có gì mà không biết,bếp dầu chứ có gì mà không bt
Enjoyment,uiiiii hay vì n đổ ra sàn mà n đổ đầy mồm thì pheee,ui hay vì n đổ ra sàn mà n đổ đầy mồm thì phe
Surprise,ngáo ... là có thật luôn này,ngáo là có thật luôn này
Sadness,tao đã bị nó làm cho lầm tưởng rồi . tao thật ngu ngốc - _ -,tao đã bị nó làm cho lầm tưởng rồi tao thật ngu ngốc
Disgust,cái kết xàm lông thiệt :)),cái kết xàm lông thiệt
Anger,bọn nè phạt nặng .,bọn nè phạt nặng
Enjoyment,đẹp trai thật .,đẹp trai thật
Enjoyment,tao thấy buồn cười vãi :)),tao thấy buồn cười vãi
Disgust,không pha ̉ i ki ̀ thi ̣ ma ̀ gơ ́ mày vãi,không pha ̉ i ki ̀ thi ̣ ma ̀ gơ ́ mày vãi
Other,mấy góc cầu bị bể là thành quả của mấy đứa mập chân ngắn để lại à ....,mấy góc cầu bị bể là thành quả của mấy đứa mập chân ngắn để lại à
Disgust,lũ bảo vệ nhìn vô dụng nhỉ :v quanh đó có gì xảy ra còn del biết thì làm bảo vệ làm cái gì ?,lũ bảo vệ nhìn vô dụng nhỉ v quanh đó có gì xảy ra còn del bt thì làm bảo vệ làm cái gì
Enjoyment,"trải qua một cuộc bể dâu , rồi bể ong ???? lót dép hóng :v",trải qua một cuộc bể dâu rồi bể ong lót dép hóng v
Other,per chắc tao nên làm quả móng chân xoắn ốc dài nhất thế giới :))),per chắc tao nên làm quả móng chân xoắn ốc dài nhất thế giới
Sadness,tui nhớ anh quá à :(((,tui nhớ anh quá à
Enjoyment,"per ít bửa đi coi , trailer thấy hấp dẫn quá",per ít bửa đi coi trailer thấy hấp dẫn quá
Disgust,ai cũng vậy thôi con rắn mình đánh nó thì nó chạy chứ làm quá thì nó cũng quay đầu lại cắn . đó là quy luật cuộc sống . đừng thấy tao im mà làm tới,ai cũng vậy thôi con rắn mình đánh nó thì nó chạy chứ làm quá thì nó cũng quay đầu lại cắn đó là quy luật cuộc sống đừng thấy tao im mà làm tới
Enjoyment,mang anh này về nhà luôn được không 😻,mang anh này về nhà luôn được không 😻
Sadness,cả tuổi trẻ bỏ công cày . có cơ ngơi ổn định . r về già con cháu đuổi ra đường bắt đầu 2 bàn tay trắng . đời 😅😅,cả tuổi trẻ bỏ công cày có cơ ngơi ổn định rồi về già con cháu đuổi ra đường bắt đầu 2 bàn tay trắng đời 😅😅
Other,"chỉ cần đủ quan trọng , họ sẽ làm tất cả những gì bạn thấy vui .",chỉ cần đủ quan trọng họ sẽ làm tất cả những gì bạn thấy vui
Disgust,thì nhìn đám học sinh trong lớp là biết cô dạy kiểu gì rồi đấy .,thì nhìn đám học sinh trong lớp là bt cô dạy kiểu gì rồi đấy
Sadness,hiện tại mình chưa người yêu bạn nam nào chưa có người yêu thì lo cua mình đi nhá đến khi mình có người yêu rồi thì đừng hối hận đấy huhu,hiện tại mình chưa người yêu bạn nam nào chưa có người yêu thì lo cua mình đi nhá đến khi mình có người yêu rồi thì đừng hối hận đấy huhu
Enjoyment,cứ thấy cute cưng cưng sao á .... có ai thấy giống per như tao không ??,cứ thấy cute cưng cưng sao á có ai thấy giống per như tao không
Surprise,???? tpbank đang ở đâu thế kia ?? sao lương mình thế này ...,tpbank đang ở đâu thế kia sao lương mình thế này
Disgust,má thằng phi đen có gấu ngon phết ... vậy mà nó nở lòng bỏ con ta chạy trước ... tao đéo bít bao công mà lấy bạch tuyến đẻ ra cái gióng gì nửa ...,má thằng phi đen có gấu ngon phết vậy mà nó nở lòng bỏ con ta chạy trước tao đéo bít bao công mà lấy bạch tuyến đẻ ra cái gióng gì nửa
Sadness,"per :))) tuy anh hay bắt nạt , giấu đồ và ăn bòn đồ ăn của em nhưng nếu thiếu anh thì công việc sẽ trở nên căng thẳng phết đó 😭",per tuy anh hay bắt nạt giấu đồ và ăn bòn đồ ăn của em nhưng nếu thiếu anh thì công việc sẽ trở nên căng thẳng phết đó 😭
Surprise,"lúc đầu còn tưởng quảng cáo rạp chiếu phim , pr về mức độ đầu tư của rạp phim , ai ngờ =))",lúc đầu còn tưởng quảng cáo rạp chiếu phim pr về mức độ đầu tư của rạp phim ai ngờ
Anger,"chửi nhau , ghét nhau , nói xấu nhau dcm",chửi nhau ghét nhau nói xấu nhau địt cụ mày
Sadness,còn quá nhiều mảnh đời bất hạnh ☹️,còn quá nhiều mảnh đời bất hạnh ☹️
Sadness,"chúng ta hầu như ai cũng dùng đôi mắt bao dung để nhìn một người xa lạ , mà đối với người thân bên cạnh lại chỉ nhìn thấy khuyết điểm mà thôi ..",chúng ta hầu như ai cũng dùng đôi mắt bao dung để nhìn một người xa lạ mà đối với người thân bên cạnh lại chỉ nhìn thấy khuyết điểm mà thôi
Sadness,bằng tuổi người ta mình vẫn còn mải nghĩ chiều nay ăn gì 😢,bằng tuổi người ta mình vẫn còn mải nghĩ chiều nay ăn gì 😢
Other,"cái công ty thực phẩm cung cấp cho các trường mầm non thật quá độc ác . vì lợi ích cá nhân mà ảnh hưởng khủng khiếp tới các em . quá dã man . các người gây nên hoạ thì mai này đời con đời cháu sẽ phải gánh nghiệp đó thôi . gieo nhân nào gặt quả ấy , đừng tưởng bây giờ sống nhé nhỉ thế là không sao . đời còn dài lắm",cái công ty thực phẩm cung cấp cho các trường mầm non thật quá độc ác vì lợi ích cá nhân mà ảnh hưởng khủng khiếp tới các em quá dã man các người gây nên hoạ thì mai này đời con đời cháu sẽ phải gánh nghiệp đó thôi gieo nhân nào gặt quả ấy đừng tưởng bây giờ sống nhé nhỉ thế là không sao đời còn dài lắm
Anger,hãy xử tù chung thân bọn người mất nhân tính gây ra nghiệp chướng này,hãy xử tù chung thân bọn người mất nhân tính gây ra nghiệp chướng này
Sadness,anh chân thành nên anh tổn thương :((,anh chân thành nên anh tổn thương
Anger,mấy ai hiểu được ý nghĩa mà cứ chửi như đúng rồi :)))),mấy ai hiểu được ý nghĩa mà cứ chửi như đúng rồi
Other,dàn lông chân =))))),dàn lông chân
Fear,vâng ah nên em cũng sợ quá mà :-),vâng ah nên em cũng sợ quá mà
Anger,mấy thằng ranh con đéo có não,mấy thằng ranh con đéo có não
Fear,nguy hiểm vãi chưởng luôn ý,nguy hiểm vãi chưởng luôn ý
Enjoyment,thức ăn cho chó lúc nào cũng ngon :))))))))))),thức ăn cho chó lúc nào cũng ngon
Fear,úi giời khiếp quá !!!!,úi giời khiếp quá
Enjoyment,tiên sư cái thằng ghép nhạc cười rớt mồm quả ghép,tiên sư cái thằng ghép nhạc cười rớt mồm quả ghép
Disgust,giờ thì hiểu sao giáo dục liên tục dính phốt rồi hén .,giờ thì hiểu sao giáo dục liên tục dính tố cáo rồi hén
Other,bật lửa thời chưa được thu nhỏ,bật lửa thời chưa được thu nhỏ
Other,vì người dưng mãi là người dưng,vì người dưng mãi là người dưng
Anger,chỉ vì lợi nhuận .. mất hết tính người . thương các bé,chỉ vì lợi nhuận mất hết tính người thương các bé
Sadness,per nhớ hội chị em vinmec quá :((,per nhớ hội chị em vinmec quá
Sadness,nhìn con mắt thấy đau đớn . tội em quá ????,nhìn con mắt thấy đau đớn tội em quá
Fear,per nguy hiểm quá mày ơi 😩😩,per nguy hiểm quá mày ơi 😩😩
Sadness,chắc là vì em .. đi lấy chồng 😥,chắc là vì em đi lấy chồng 😥
Fear,chạy ngay đi 😒 trước khi bọn chủ tịch vào đây và giả làm con cặc gì đó rồi bị coi thường và chúng mày phải nhận cái kết đấy !!,chạy ngay đi 😒 trước khi bọn chủ tịch vào đây và giả làm con cặc gì đó rồi bị coi thường và chúng mày phải nhận cái kết đấy
Disgust,thằng này con nhà cán bộ hay sao mà rớ con nhỏ này mà vẫn chưa đi tù ????,thằng này con nhà cán bộ hay sao mà rớ con nhỏ này mà vẫn chưa đi tù
Disgust,nói thì hay lắm 🙂 cuộc sống đâu phải được như mong muốn,nói thì hay lắm 🙂 cuộc sống đâu phải được như mong muốn
Disgust,hẳn là không biết nhắn gì :)). thế thôi dẹp mẹ đi,hẳn là không bt nhắn gì thế thôi dẹp mẹ đi
Disgust,"t cu ̃ người cu ̀ người nghê ̀. theo kinh nghiê ̣ mày thi ̀ thâ ́ y top như ̃ người kha ́ ch ơ ̉ vô y ́ thư ́ c nhâ ́ tao la ̀ trung quô ́ c , â ́ n đô ̣ va ̀ đương nhiên co ́ ca ̉ viê ̣ tao nam - _ - biê ́ tao co ́ người na ̀ y người kia nhưng khi đi ̉ ti ̀ nh tra ̣ người diê ̃ n ra qua ́ nhiê ̀ u thi ̀ người ta se ̃ đa ́ nh gia ́ ca ̉ 1 nê ̀ n văn ho ́ anh .",tao cu ̃ người cu ̀ người nghê ̀ theo kinh nghiê ̣ mày thi ̀ thâ ́ y top như ̃ người kha ́ ch ơ ̉ vô y ́ thư ́ c nhâ ́ tao la ̀ trung quô ́ c â ́ n đô ̣ va ̀ đương nhiên co ́ ca ̉ viê ̣ tao nam biê ́ tao co ́ người na ̀ y người kia nhưng khi đi ̉ ti ̀ nh tra ̣ người diê ̃ n ra qua ́ nhiê ̀ u thi ̀ người ta se ̃ đa ́ nh gia ́ ca ̉ 1 nê ̀ n văn ho ́ anh
Enjoyment,per tập gym đi mày có người yêu đấyyyy =))))),per tập gym đi mày có người yêu đấy
Other,là gì nhỉ ???,là gì nhỉ
Sadness,"giờ bà già lắm rồi , nhổ sợ hết tóc , nghĩ tao lại thấy buồn quá 😞😞",giờ bà già lắm rồi nhổ sợ hết tóc nghĩ tao lại thấy buồn quá 😞😞
Fear,chuyện buồn quá chúng mày à . tao không dám đọc sợ làm quyết tâm có người yêu của tao lung lay 🙄,chuyện buồn quá chúng mày à tao không dám đọc sợ làm quyết tâm có người yêu của tao lung lay 🙄
Anger,ngu thì chết ...,ngu thì chết
Anger,không phải bồ tao chớ bồ tao thì sống chết tao cũng cho mỗi th mỗi nhát,không phải bồ tao chớ bồ tao thì sống chết tao cũng cho mỗi th mỗi nhát
Surprise,chị là người khó hiểu nhất mà em từng biết đấy,chị là người khó hiểu nhất mà em từng bt đấy
Sadness,lúc đấy là mình mình cũng lắng liền rồi chắc trào nước mắt mất,lúc đấy là mình mình cũng lắng liền rồi chắc trào nước mắt mất
Other,"per chế sợ nó hơn sợ chó , nhớ hồi nhỏ đang đánh răng nó rượt mà cầm ca , bàn chảy , miệng thì đầy kem vừa chạy vừa khóc như con chó",per chế sợ nó hơn sợ chó nhớ hồi nhỏ đang đánh răng nó rượt mà cầm ca bàn chảy miệng thì đầy kem vừa chạy vừa khóc như con chó
Other,kiểu cá tính nét đẹp mang nàn gió mới . chứ không phải nét đẹp công nghiệp đại trà .!,kiểu cá tính nét đẹp mang nàn gió mới chứ không phải nét đẹp công nghiệp đại trà
Other,khi bạn đặt quá nhiều niềm tin vào người khác,khi bạn đặt quá nhiều niềm tin vào người khác
Sadness,ngày trước nấu cơm . đun rơm . đốt được hơn 10p mới nhớ ra chưa cho nước . hỏng cả nổi cơm huhu,ngày trước nấu cơm đun rơm đốt được hơn 10p mới nhớ ra chưa cho nước hỏng cả nổi cơm huhu
Enjoyment,tạm biệt ông cám ơn tất cả những gì ông đã làm cho vn,tạm biệt ông cám ơn tất cả những gì ông đã làm cho vn
Disgust,và chúng nó cũng ngáo hơn lũ con trai :),và chúng nó cũng ngáo hơn lũ con trai
Surprise,em cũng thắc mắc tại răng khúc xương tư tao nhỉ ? xong nó lại tự to lên được nó nhờ lực gì rứa,em cũng thắc mắc tại răng khúc xương tư tao nhỉ xong nó lại tự to lên được nó nhờ lực gì rứa
Disgust,"ngu bỏ mẹ ... làm giàu cho bọn bán vàng thì có , trước mắt thần tài đến các tiệm vàng , còn mấy thằng mua , thần tài chưa thấy đâu vì vài ngày sau vàng sẽ tụt giá chắc chắn sẽ lỗ mẹ nó rồi ..( lỗ 3 cái : giá tụt , giá mua vào và tiền công nếu là vàng thời trang ) - còn cái kiểu chơi bời không lo làm ăn , chỉ có làm biếng mà hàng tháng cứ cầm 3 cây nhang khấn vái thần tài mong tài lộc tới thì có cái lol ý ..",ngu bỏ mẹ làm giàu cho bọn bán vàng thì có trước mắt thần tài đến các tiệm vàng còn mấy thằng mua thần tài chưa thấy đâu vì vài ngày sau vàng sẽ tụt giá chắc chắn sẽ lỗ mẹ nó rồi lỗ 3 cái giá tụt giá mua vào và tiền công nếu là vàng thời trang còn cái kiểu chơi bời không lo làm ăn chỉ có làm biếng mà hàng tháng cứ cầm 3 cây nhang khấn vái thần tài mong tài lộc tới thì có cái lol ý
Anger,per bố mày nhắn tin rồi cái con cặc gì mày cũng cho thằng em mày xem,per bố mày nhắn tin rồi cái con cặc gì mày cũng cho thằng em mày xem
Disgust,"có vẻ coi lòng tự trọng , nhân cách , và tinh thần của người ta rẻ mạt ... ngồi tù 7 năm đáp lại 1 lời xin lỗi và 200tr ...😩😩😩",có vẻ coi lòng tự trọng nhân cách và tinh thần của người ta rẻ mạt ngồi tù 7 năm đáp lại 1 lời xin lỗi và 200tr 😩
Enjoyment,dễ thương mà,dễ thương mà
Enjoyment,"nhổ tóc sâu cho bố , hình như được 500đ để mua kẹo dồi 😂",nhổ tóc sâu cho bố hình như được 500đ để mua kẹo dồi 😂
Disgust,mấy đứa con gái chơi với nhiều đứa con trai nghĩ là bình thường nhưng mấy đứa con trai lại nghĩ con đó lẳng lơ,mấy đứa con gái chơi với nhiều đứa con trai nghĩ là bình thường nhưng mấy đứa con trai lại nghĩ con đó lẳng lơ
Enjoyment,"ng nhật giỏi ở chỗ đó ., đây không phải là sự phiền hà mà là một cơ hội .",ng nhật giỏi ở chỗ đó đây không phải là sự phiền hà mà là một cơ hội
Other,"ngu thế chờ cho mật ong ngấm xuống đất , rồi đào đất đấy lên chắt kiểu gì cũng được gần đầy :))",ngu thế chờ cho mật ong ngấm xuống đất rồi đào đất đấy lên chắt kiểu gì cũng được gần đầy
Disgust,bớt ngu để sống tốt hơn,bớt ngu để sống tốt hơn
Enjoyment,đang tập hát 😶😶 hay thật 😔😔,đang tập hát 😶😶 hay thật 😔😔
Sadness,dù cậu làm tôi tổn thương mỗi ngày nhưng chả hiểu sao vẫn thương cậu,dù cậu làm tôi tổn thương mỗi ngày nhưng chả hiểu sao vẫn thương cậu
Other,rồi có đi họp lớp không ?,rồi có đi họp lớp không
Sadness,vì yêu người khác nên biết là ngu nhưng vẫn làm :(,vì yêu người khác nên bt là ngu nhưng vẫn làm
Other,"bị đánh 1 lần thì hơi sốc , nhưng nhiều lần thì tâm hồn sẽ trở nên mạnh mẽ , cảm xúc nó mới đàn hồi",bị đánh 1 lần thì hơi sốc nhưng nhiều lần thì tâm hồn sẽ trở nên mạnh mẽ cảm xúc nó mới đàn hồi
Sadness,per tiếc cái gì đấy bố nó,per tiếc cái gì đấy bố nó
Sadness,sao bao nhiêu năm kể từ ngày đó em đã không còn nghe lại nữa :((,sao bao nhiêu năm kể từ ngày đó em đã không còn nghe lại nữa
Other,"nhà em trong ngõ bác ơi , bác cho ô tô vào vừa thì em cho bác đỗ luôn",nhà em trong ngõ bác ơi bác cho ô tô vào vừa thì em cho bác đỗ luôn
Disgust,thả chó rông không rọ mõm cắn người là tội ác,thả chó rông không rọ mõm cắn người là tội ác
Enjoyment,con bé xinh thế ??,con bé xinh thế
Sadness,trước khi lấy vợ boss có một thân hình hoàn mĩ thế này đây,trước khi lấy vợ boss có một thân hình hoàn mĩ thế này đây
Enjoyment,đọc cái mà cười rớt cả hàm .... cuộc đọ sức giữa xe lửa và ô tô,đọc cái mà cười rớt cả hàm cuộc đọ sức giữa xe lửa và ô tô
Enjoyment,cần tìm gấp bạn trai đáng yêuc như anh này trời đất ơi =)),cần tìm gấp bạn trai đáng yêuc như anh này trời đất ơi
Sadness,khi nào tao thấy thích . mà thích rồi chưa có người thích cùng .,khi nào tao thấy thích mà thích rồi chưa có người thích cùng
Fear,thề dume c còn hết hồn nói chi đến khách =)))) sáng sớm ra mở cửa với tối đóng cửa thôi độ gan dạ cũng phải tăng lên mấy chân kính =)))),thề dume c còn hết hồn nói chi đến khách sáng sớm ra mở cửa với tối đóng cửa thôi độ gan dạ cũng phải tăng lên mấy chân kính
Disgust,địt mẹ xấu mặt đàn ông quá . đéo hiểu mấy thằng lol này nghĩ nó ngầu chỗ đéo nào nhỉ . bệnh hoạn vãi,địt mẹ xấu mặt đàn ông quá đéo hiểu mấy thằng lol này nghĩ nó ngầu chỗ đéo nào nhỉ bệnh hoạn vãi
Sadness,"chán thật , dạo này hồi xuân hay sao đọc mấy cái kiểu này ấm lòng vãi :(",chán thật dạo này hồi xuân hay sao đọc mấy cái kiểu này ấm lòng vãi
Sadness,thế là hết những gì đẹp nhất của nước pháp sao không phun nước cứ để cháy rần rật nhỉ,thế là hết những gì đẹp nhất của nước pháp sao không phun nước cứ để cháy rần rật nhỉ
Surprise,chủ thớt sao xinh gái thế =)),chủ thớt sao xinh gái thế
Disgust,loạn hết rồi,loạn hết rồi
Enjoyment,"may công an đến bắt chứ không thì dân chỗ đó cho vào nồi cả rồi , đã có người cắt cử nhau đi mua giềng mẻ rồi đó chứ 😆",may công an đến bắt chứ không thì dân chỗ đó cho vào nồi cả rồi đã có người cắt cử nhau đi mua giềng mẻ rồi đó chứ 😆
Disgust,chết rồi thì chôn . xử lý cái quái gì nữa ...,chết rồi thì chôn xử lý cái quái gì nữa
Other,thế là đúng quy trình rồi,thế là đúng quy trình rồi
Disgust,rảnh rỗi không có việc gì làm sinh ra mất tiền,rảnh rỗi không có việc gì làm sinh ra mất tiền
Disgust,nếu đồng nghiệp của bạn hãm vãi thì cũng nên đăng xuất đi,nếu đồng nghiệp của bạn hãm vãi thì cũng nên đăng xuất đi
Enjoyment,ốm mà xinh thế :3,ốm mà xinh thế 3
Other,đợi chờ là hạnh phúc mong rằng hai nhà lãnh đạo trong lần gặp nhau sau sẽ tiến triển hơn nữa,đợi chờ là hạnh phúc mong rằng hai nhà lãnh đạo trong lần gặp nhau sau sẽ tiến triển hơn nữa
Disgust,"thứ con gái hư đốn , mày không sợ xã hội dị nghị à",thứ con gái hư đốn mày không sợ xã hội dị nghị à
Sadness,ăn vải nóng lở hết miệng ra đây này,ăn vải nóng lở hết miệng ra đây này
Enjoyment,trồi ôi mới đọc tưởng đâu người yêu,trồi ôi mới đọc tưởng đâu người yêu
Enjoyment,per bị chì chiết từ 6h sang đến 23h phia . vẫn sống vui 😊😉,per bị chì chiết từ 6h sang đến 23h phia vẫn sống vui 😊😉
Anger,ai đó chọc mù mắt tao đi ... mất mẹ tuổi thơ,ai đó chọc mù mắt tao đi mất mẹ tuổi thơ
Sadness,khổ nhất người có bầu,khổ nhất người có bầu
Enjoyment,trai tài gái sắc .. danh ngôn rồi tài sản chứ tài gì !! 🤣🤣,trai tài gái sắc danh ngôn rồi tài sản chứ tài gì 🤣🤣
Sadness,per nhớ bột mì chiên huhuhu,per nhớ bột mì chiên huhuhu
Other,cho bạn trai uống nước này nhé 😌,cho bạn trai uống nước này nhé 😌
Anger,"cô giáo như cái lìn , mà dume đánh con cháu tao ntnay thù từ thằng đánh lẫn đẻ ra đứa đánh bố cũng đập cmm chúng mày hết",cô giáo như cái lìn mà dume đánh con cháu tao ntnay thù từ thằng đánh lẫn đẻ ra đứa đánh bố cũng đập cmm chúng mày hết
Other,per 🤣🤣🤣 để anh vẽ mình xem thế nào nhé,per 🤣 để anh vẽ mình xem thế nào nhé
Other,per học hành cho cố vào rồi mần sao như này đi,per học hành cho cố vào rồi mần sao như này đi
Enjoyment,bộ phim hay nhất từng xem,bộ phim hay nhất từng xem
Disgust,rút kinh nghiệm lần sau cứ khách nào kêu tính tiền thì mình checkin phòng liền nếu tình trạng như vậy thì cho nó dọn phòng khi nào sạch thì cho nó về 😀,rút kinh nghiệm lần sau cứ khách nào kêu tính tiền thì mình checkin phòng liền nếu tình trạng như vậy thì cho nó dọn phòng khi nào sạch thì cho nó về 😀
Disgust,bất kì hoa gì có mùi đều không thích,bất kì hoa gì có mùi đều không thích
Enjoyment,nhìn một cái rồi quay đi là thấy mãn nguyện rồi .,nhìn một cái rồi quay đi là thấy mãn nguyện rồi
Enjoyment,tuổi thơ của tôi cũng từng có 1 người c . trai bỏ mặc tất cả để bảo vệ tôi 😘😘😘😘,tuổi thơ của tôi cũng từng có 1 người c trai bỏ mặc tất cả để bảo vệ tôi 😘
Enjoyment,"năm nào cũng đi cho có không khí xuân vậy , không đi thì thấy thiếu thiếu . nhà tao cách chợ 10km",năm nào cũng đi cho có không khí xuân vậy không đi thì thấy thiếu thiếu nhà tao cách chợ 10km
Other,"mặc kệ người ta bạn ơi , có tiền mua xe đi thì kệ mẹ thiên hạ",mặc kệ người ta bạn ơi có tiền mua xe đi thì kệ mẹ thiên hạ
Enjoyment,bé gái đáng yêu quá ??,bé gái đáng yêu quá
Disgust,"nhìn là biết sapa rồi , thế cũng đố",nhìn là bt sapa rồi thế cũng đố
Enjoyment,ước là 1 ngày mai thức dậy dụi mắt mãi chưa hết tuổi thanh xuân =)))),ước là 1 ngày mai thức dậy dụi mắt mãi chưa hết tuổi thanh xuân
Surprise,nhằm ngày sinh nhật luôn trời ..😂,nhằm ngày sinh nhật luôn trời 😂
Sadness,"làm pv quán karaoke đi rồi khổ hơn nữa , toilet danh cho nam chỉ đứng tè , vậy mà nỡ lòng nào mấy anh ngồi ỉa 😢 thiệt chứ gặp cái mún khóc lun …",làm pv quán karaoke đi rồi khổ hơn nữa toilet danh cho nam chỉ đứng tè vậy mà nỡ lòng nào mấy anh ngồi ỉa 😢 thiệt chứ gặp cái muốn khóc lun …
Enjoyment,tao đang chờ xem bà ấy được nghe nhạc ý mà hết video 🤣,tao đang chờ xem bà ấy được nghe nhạc ý mà hết video 🤣
Enjoyment,xem video nay sao mà sướng hết thằng người,xem video nay sao mà sướng hết thằng người
Disgust,bọn bây giống tao không ? chứ ghét mấy đứa troll rớt điện thoại vãi,bọn bây giống tao không chứ ghét mấy đứa đùa cợt rớt điện thoại vãi
Sadness,"khoảnh khắc anh quay mặt đi , con tim em tan nát vãi ra",khoảnh khắc anh quay mặt đi con tim em tan nát vãi ra
Anger,nó lại làm tao nhớ tới cái mấy con chó ăn hạt dưa ở quán cf đụ đỉ mẹ ăn thì có cái bịch bên cạnh đó cắn bỏ vào bịch thì chết à d . mày cắn xong cứ phun phun xuống đất đã vậy mỗi lần phun là mỗi chỗ khác nhau làm dọn bắt lòi dái nhìn nó phun chỉ muốn đấm cho nó một cái,nó lại làm tao nhớ tới cái mấy con chó ăn hạt dưa ở quán cf đụ đỉ mẹ ăn thì có cái bịch bên cạnh đó cắn bỏ vào bịch thì chết à d mày cắn xong cứ phun phun xuống đất đã vậy mỗi lần phun là mỗi chỗ khác nhau làm dọn bắt lòi dái nhìn nó phun chỉ muốn đấm cho nó một cái
Enjoyment,tất cả đã đều quá hoàn hảo rồi . trừ pha nhảy cuối thôiiii :v,tất cả đã đều quá hoàn hảo rồi trừ pha nhảy cuối thôi v
Other,per con nghĩ cậu nên thử,per con nghĩ cậu nên thử
Disgust,"ai bảo mèo đực hay đi khỏi nhà chứ quàng thượng nhà tao toàn ngủ , ngủ cả ngày cả đêm , đang ngủ mắc tè xong dậy đi tè rồi vào ngủ tiếp , ngủ hơn heo :vậy",ai bảo mèo đực hay đi khỏi nhà chứ quàng thượng nhà tao toàn ngủ ngủ cả ngày cả đêm đang ngủ mắc tè xong dậy đi tè rồi vào ngủ tiếp ngủ hơn heo vậy
Sadness,buồn cô lắm,buồn cô lắm
Sadness,nó ốm nhom thương ghê :(,nó ốm nhom thương ghê
Enjoyment,"làm bác sĩ sướng thật , bảo cở là cởi , bảo cưới là cưới . lắc đầu cái là cả nhà khóc .",làm bác sĩ sướng thật bảo cở là cởi bảo cưới là cưới lắc đầu cái là cả nhà khóc
Anger,như kiểu sắp bị hiếp dâm đến nơi vậy . tế sống luôn mấy thg lol 🙂 dcm,như kiểu sắp bị hiếp dâm đến nơi vậy tế sống luôn mấy thg lol 🙂 địt cụ mày
Enjoyment,giọng chú hơi bị dễ thương nhá :)),giọng chú hơi bị dễ thương nhá
Disgust,ngửa thấy mùi là đã thấy kinh rồi,ngửa thấy mùi là đã thấy kinh rồi
Anger,ngu cho chết chứ nói con cặc gì,ngu cho chết chứ nói con cặc gì
Enjoyment,vâng chú ah haha,vâng chú ah haha
Enjoyment,cặp nay dth ghê luôn 😍,cặp nay dth ghê luôn 😍
Sadness,cảm động quá hjxhjx,cảm động quá hjxhjx
Disgust,mày làm anh tao hơi lâu rồi đấy,mày làm anh tao hơi lâu rồi đấy
Other,tao không phân biệt được bà nội bà ngoại ??,tao không phân biệt được bà nội bà ngoại
Disgust,ích kỉ quá đấy . vỉa vẻ thế kia ra vào vẫn bình thường nhé,ích kỉ quá đấy vỉa vẻ thế kia ra vào vẫn bình thường nhé
Disgust,suy thoái gớm nhỉ :)),suy thoái gớm nhỉ
Sadness,cuộc sống mà mấy ai được trọn vẹn 😢😢,cuộc sống mà mấy ai được trọn vẹn 😢😢
Disgust,"ngta tạo nên video để giáo dục mấy ba ơi , mấy ba mấy má làm quá",ngta tạo nên video để giáo dục mấy ba ơi mấy ba mấy má làm quá
Disgust,biết ngay sẽ chơi cái trò mất dạy này nhưng vẫn kiên trì xem tới cùng để thách thức bản thân có sợ hay không :)),bt ngay sẽ chơi cái trò mất dạy này nhưng vẫn kiên trì xem tới cùng để thách thức bản thân có sợ hay không
Surprise,cha con y chang nhau 😂 1 khuôn đúc ra,cha con y chang nhau 😂 1 khuôn đúc ra
Anger,giết nó ! làm ám ảnh cả cuộc đời học sinh .,giết nó làm ám ảnh cả cuộc đời học sinh
Sadness,"tụi mày có hiểu được cảm giác , muốn bắt chuyện mà không dám bắt không ?? tụi mày có hiểu được cảm giác vờ ngủ gục để nhìn nó không ?? tụi mày đã từng nhìn nó thật kỉ , thật tỉ mỉ chưa ?",tụi mày có hiểu được cảm giác muốn bắt chuyện mà không dám bắt không tụi mày có hiểu được cảm giác vờ ngủ gục để nhìn nó không tụi mày đã từng nhìn nó thật kỉ thật tỉ mỉ chưa
Anger,chưa đâu ... nó mang bánh gato vào xong bôi đầy tường mới là cả một rổ của sự hloz,chưa đâu nó mang bánh ghen tị vào xong bôi đầy tường mới là cả một rổ của sự hloz
Enjoyment,ngưỡng mộ quá đi ạ . chúc 2 ac mãi mãi hạnh phúc như này nha :))),ngưỡng mộ quá đi ạ chúc 2 anh chị mãi mãi hạnh phúc như này nha
Disgust,ăn 1 đống tiền phạt có 5tr . tội lợi dụng tín ngưỡng để lừa đảo xem chừng nhẹ tội nhỉ .,ăn 1 đống tiền phạt có 5tr tội lợi dụng tín ngưỡng để lừa đảo xem chừng nhẹ tội nhỉ
Enjoyment,per đúng chất em lun hâha,per đúng chất em lun hâha
Enjoyment,năm nào chả vậy :))),năm nào chả vậy
Other,thua sự mặt dày của khách nên cho một xíu . :v,thua sự mặt dày của khách nên cho một xíu v
Sadness,chuẩn đét . t nghỉ công ty cũ cũng vì đồng nghiệp 😭😭😭,chuẩn đét tao nghỉ công ty cũ cũng vì đồng nghiệp 😭
Enjoyment,"là thằng đàn ông phải có bản lĩnh từ khi còn bé , thay vì hay bắt nạt , quát tháo đàn bà thì hãy là người che chở , yêu thương !!!! mong con zai của mẹ sau này cũng như mấy anh này .!!!",là thằng đàn ông phải có bản lĩnh từ khi còn bé thay vì hay bắt nạt quát tháo đàn bà thì hãy là người che chở yêu thương mong con zai của mẹ sau này cũng như mấy anh này
Anger,cho ngay cốc bia vào mặt . nhố nhăng,cho ngay cốc bia vào mặt nhố nhăng
Other,sau quả sấm sáng cả trời thì gần như toàn khu phố mất điện,sau quả sấm sáng cả trời thì gần như toàn khu phố mất điện
Other,bà này bị âm đồ từ đêm qua đây mà ...,bà này bị âm đồ từ đêm qua đây mà
Other,chỉ đi đường quen thôi ! đường nào lạ chỉ ngồi sau thôi =)),chỉ đi đường quen thôi đường nào lạ chỉ ngồi sau thôi
Anger,"tát cho phát , đêm hôm mất con mẹ nó ngủ . ??",tát cho phát đêm hôm mất con mẹ nó ngủ
Sadness,xem xong tôi cảm thấy còn u ám hơn :)),xem xong tôi cảm thấy còn u ám hơn
Disgust,đó là khi bạn làm cho hãng hoặc công tình yêu lớn tầm cở .... chứ quảng lý mấy shop quần áo có cái lol mà được 30tr :)),đó là khi bạn làm cho hãng hoặc công tình yêu lớn tầm cở chứ quảng lý mấy shop quần áo có cái lol mà được 30tr
Disgust,gớm vãi :))),gớm vãi
Sadness,đi bao xa mới thoát đựoc kiếp không có người yêu ? :<,đi bao xa mới thoát đựoc kiếp không có người yêu
Enjoyment,con lai xinh phết ??????,con lai xinh phết
Disgust,đây đây thiệt là hãm,đây đây thiệt là hãm
Sadness,đm lừa đảo hằng năm cả trăm tỉ . giờ phạt có 5 triệu :))) chán vãi,địt mẹ lừa đảo hằng năm cả trăm tỉ giờ phạt có 5 triệu chán vãi
Enjoyment,ở đâu cho tao làm vớiiiiii,ở đâu cho tao làm với
Sadness,"biết chỉ là phim thôi , xem con bé hôn bố lần cuối nước mắt tự rơi , híc híc",bt chỉ là phim thôi xem con bé hôn bố lần cuối nước mắt tự rơi híc híc
Sadness,chưa bao giờ b đến đích là gì cả,chưa bao giờ b đến đích là gì cả
Anger,lũ này cho nghỉ việc thay người khác còn bao nhiêu người đi xin việc kìa xử phạt rhì trẻ cũng đã ăn rồi lũ mất nhân tính,lũ này cho nghỉ việc thay người khác còn bao nhiêu người đi xin việc kìa xử phạt rhì trẻ cũng đã ăn rồi lũ mất nhân tính
Other,hmmmmmmm não tao xoắn mẹ rồi,hm não tao xoắn mẹ rồi
Disgust,"chẳng bao giờ nhà bếp nó nấu đồ ngon cả , toàn thiu thối hoặc kém chất lượng nó mua về làm mới có lãi . trước làm với nhật nó còn bắt làm cho nó như cho công nhân ăn thì thời gian đầu được , đến khi đổi giám đốc là đéo nuốt nổi nữa",chẳng bao giờ nhà bếp nó nấu đồ ngon cả toàn thiu thối hoặc kém chất lượng nó mua về làm mới có lãi trước làm với nhật nó còn bắt làm cho nó như cho công nhân ăn thì thời gian đầu được đến khi đổi giám đốc là đéo nuốt nổi nữa
Enjoyment,khuôn mặt đậm chất giải trí 🙂,khuôn mặt đậm chất giải trí 🙂
Fear,moá nhìn rùng hết cả mình,moá nhìn rùng hết cả mình
Sadness,em tìm link phim mà sao nó ra phim khác chứ không phải phim này zay mọi người 😞,em tìm link phim mà sao nó ra phim khác chứ không phải phim này zay mọi người 😞
Disgust,5tr phạt làm cái lồng gì . phạt 500tr tội sỉ nhục lăng mạ người khác,5tr phạt làm cái lồng gì phạt 500tr tội sỉ nhục lăng mạ người khác
Other,bà ta đâu cư xử như 1 người vợ đâu !,bà ta đâu cư xử như 1 người vợ đâu
Enjoyment,per =))))) hahaaaa,per haha
Fear,má ơi đây chính là thứ ám ảnh nhất cuộc đời con . kẻ thù 😢😢😢,má ơi đây chính là thứ ám ảnh nhất cuộc đời con kẻ thù 😢
Disgust,"đúng rồi , ngưng ảo tưởng",đúng rồi ngưng ảo tưởng
Enjoyment,"chời , dễ thương quá",chời dễ thương quá
Fear,tuổi thơ tôi bị ám ảnh mấy con ngỗng này . mấy con màu xám cứ mỗi lần đi học ngang qua ngõ nhà hàng xóm là nó đuổi . tao lại chạy thục mạng . cứ phải đắn đo mỗi lần qua đó xem có chúng nó không rồi ù chạy như ma đuổi . haizz tuổi thơ tôi ....,tuổi thơ tôi bị ám ảnh mấy con ngỗng này mấy con màu xám cứ mỗi lần đi học ngang qua ngõ nhà hàng xóm là nó đuổi tao lại chạy thục mạng cứ phải đắn đo mỗi lần qua đó xem có chúng nó không rồi ù chạy như ma đuổi haizz tuổi thơ tôi
Enjoyment,anh em để tao hưởng trước nào,anh em để tao hưởng trước nào
Enjoyment,bán hàng online hồi năm cấp 3 :))) tháng hè ấy đi quanh hạnh phúc để giao hàng với bố . được lãi 4 tr :)))),bán hàng online hồi năm cấp 3 tháng hè ấy đi quanh hạnh phúc để giao hàng với bố được lãi 4 trời
Disgust,ý thức kém quá ☹☹,ý thức kém quá ☹☹
Disgust,"bọn phục vụ nhà bếp toàn là chó , chó mới ăn thịt thúi bẩn như vậy .",bọn phục vụ nhà bếp toàn là chó chó mới ăn thịt thúi bẩn như vậy
Disgust,đấy . người ta làm những video ý nghĩa . chứ không phải ba cái video xàm nhảm như cái đéo gì cũng cái kết . xàm .,đấy người ta làm những video ý nghĩa chứ không phải ba cái video xàm nhảm như cái đéo gì cũng cái kết xàm
Other,thần tài cho chủ cửa hàng bán vàng chứ thần tài gì mình đâu,thần tài cho chủ cửa hàng bán vàng chứ thần tài gì mình đâu
Enjoyment,"hiện tại mình cần tìm người yêu , bạn nữ nào chưa có chồng hay chưa người yêu thì bình luận bên dưới để mình lựa một bạn may mắn nhất nhé :)))",hiện tại mình cần tìm người yêu bạn nữ nào chưa có chồng hay chưa người yêu thì bình luận bên dưới để mình lựa một bạn may mắn nhất nhé
Other,lỡ bị tào tháo rượt mà cái wc bên kia thì nhảy thế nào nhỉ,lỡ bị tào tháo rượt mà cái wc bên kia thì nhảy thế nào nhỉ
Anger,"ra chỗ sóng không táp vào mà ghi , xem mà ức chế vãi :))",ra chỗ sóng không táp vào mà ghi xem mà ức chế vãi
Enjoyment,chòi má nói chuyện tình vãi =)))),chòi má nói chuyện tình vãi
Sadness,con gái hay ảo tưởng như vậy lắm 😌,con gái hay ảo tưởng như vậy lắm 😌
Disgust,nó cười mắc ỉa môi thì zoe lại lùn xấu vãi lại còn gầy nữa chứ haizz,nó cười mắc ỉa môi thì zoe lại lùn xấu vãi lại còn gầy nữa chứ haizz
Sadness,không phải không thích mà bản thân chưa đủ tốt để sánh vai . phải chi anh có thể đợi em khôn lớn !,không phải không thích mà bản thân chưa đủ tốt để sánh vai phải chi anh có thể đợi em khôn lớn
Other,ông tóc ngắn ngắn cam cam tên gì vậy ạ ?,ông tóc ngắn ngắn cam cam tên gì vậy ạ
Anger,tiên sư bố nhà mày . tao chịu hết nổi rồi nhé 🤤,tiên sư bố nhà mày tao chịu hết nổi rồi nhé 🤤
Anger,đm ngu . cái nồi cơm điện chứ gì .,địt mẹ ngu cái nồi cơm điện chứ gì
Other,sai rồi nhá . có những thứ cha mẹ không có nhưng vì con họ vẫn cố gắng để có được nó,sai rồi nhá có những thứ cha mẹ không có nhưng vì con họ vẫn cố gắng để có được nó
Fear,hú hồn con chồn chạy ngang 😑,hú hồn con chồn chạy ngang 😑
Surprise,khi bạn bỗng nhiên nhận ra rằng có những bài hát phù hợp với từng khoảnh khắc riêng bên người đó :),khi bạn bỗng nhiên nhận ra rằng có những bài hát phù hợp với từng khoảnh khắc riêng bên người đó
Fear,mỗi lần về quê mà sắp sửa đi qua chuồng ngỗng tao phải cầm cây chổi lông gà mới đi được đấy dume . quơ quơ vòng vòng cho mấy đĩ ngỗng né xa ra rồi chạy thụt lol luôn :=]]]],mỗi lần về quê mà sắp sửa đi qua chuồng ngỗng tao phải cầm cây chổi lông gà mới đi được đấy dume quơ quơ vòng vòng cho mấy đĩ ngỗng né xa ra rồi chạy thụt lol luôn
Fear,tao ghét và tao sợ nó,tao ghét và tao sợ nó
Anger,bán thì bán đi còn bảo bố mày bất hạnh . đéo thèm mua nữa 😑,bán thì bán đi còn bảo bố mày bất hạnh đéo thèm mua nữa 😑
Enjoyment,lâu lắm rồi mới nge lại bài này ... vẫn thấy hay như ngày nào ...,lâu lắm rồi mới nge lại bài này vẫn thấy hay như ngày nào
Enjoyment,chị ấy được đào tạo qua lớp người nhện bắn tơ nên không biết sợ 😂😂😂,chị ấy được đào tạo qua lớp người nhện bắn tơ nên không bt sợ 😂
Disgust,1 từ ( nhạt )🙂,1 từ nhạt 🙂
Disgust,"có mồm để làm gì ? hay chỉ để cãi nhau , la hét ?",có mồm để làm gì hay chỉ để cãi nhau la hét
Enjoyment,hồi đó khoái cái này lắm,hồi đó khoái cái này lắm
Disgust,giọng anh khi mặc bộ záy màu hường thật kinh dị,giọng anh khi mặc bộ záy màu hường thật kinh dị
Anger,mày tin tao nhai đầu mày không,mày tin tao nhai đầu mày không
Enjoyment,"yeahh , được mở lại fan cứng rồi =)))",yeahh được mở lại fan cứng rồi
Disgust,"per mất mặt thật sự , quán bún đậu đó không biết có dán mặt mày lên không",per mất mặt thật sự quán bún đậu đó không bt có dán mặt mày lên không
Enjoyment,có đứa nào xem mà thèm đi biển như tao không ?,có đứa nào xem mà thèm đi biển như tao không
Enjoyment,tài năng cho làng đua xe đạp tương lai là đây chứ đâu ✌✌,tài năng cho làng đua xe đạp tương lai là đây chứ đâu ✌✌
Enjoyment,"các bạn xem phim cậu bé đặc biệt , luôn nhé . phim có diển viên này tham gia nói về cách giáo dục con cái cực hay . chúc các bạn xem phim vui vẻ",các bạn xem phim cậu bé đặc biệt luôn nhé phim có diển viên này tham gia nói về cách giáo dục con cái cực hay chúc các bạn xem phim vui vẻ
Enjoyment,"per đọc vài dòng là lướt xuống cuối để xem có phải "" hi vọng câu chuyện mình vừa bịa ra ...."" nhưng không phải . kkk",per đọc vài dòng là lướt xuống cuối để xem có phải hi vọng câu chuyện mình vừa bịa ra nhưng không phải không
Enjoyment,đây là câu khuyến mại điểm :),đây là câu khuyến mại điểm
Sadness,nghe lại bài này thấy chột dạ vãi,nghe lại bài này thấy chột dạ vãi
Enjoyment,"nói chung thánh này không ai ghét được , trừ hlv kkk , dễ thương gắp trăm thằng pogba ,,, mong cho thằng đó nhanh biến khỏi mu",nói chung thánh này không ai ghét được trừ hlv không dễ thương gắp trăm thằng pogba mong cho thằng đó nhanh biến khỏi mu
Sadness,đi chơi xong về cũng buồn như chó cắn tiếp thôi,đi chơi xong về cũng buồn như chó cắn tiếp thôi
Fear,haha mắc cười quá ... nhưng thật chúng mày là tao rất sợ rắn ...,haha mắc cười quá nhưng thật chúng mày là tao rất sợ rắn
Enjoyment,dễ thương kinh khủng . bởi vậy mới nói mấy đứa yêu nhau là lầy nhất,dễ thương kinh khủng bởi vậy mới nói mấy đứa yêu nhau là lầy nhất
Surprise,tây cũng lầy phết,tây cũng lầy phết
Enjoyment,thanh niên leo lên cao để theo dõi thời tiết để thông báo cho người dân đi cấy thật cảm động,thanh niên leo lên cao để theo dõi thời tiết để thông báo cho người dân đi cấy thật cảm động
Other,bao năm giải phóng như thế này phải không anh,bao năm giải phóng như thế này phải không anh
Enjoyment,vẫn nhớ ngày đầu . lần đầu em có cảm giác được che chở như vậy :))),vẫn nhớ ngày đầu lần đầu em có cảm giác được che chở như vậy
Disgust,"cưỡng hôn thì phạt 200 . lừa đảo , chiếm đoạt phạt nhằng 5 cu ( củ ).",cưỡng hôn thì phạt 200 lừa đảo chiếm đoạt phạt nhằng 5 cu củ
Fear,bà mẹ nó @@ xem rùng con mẹ nó mình hơn cả phim ma .,bà mẹ nó xem rùng con mẹ nó mình hơn cả phim ma
Sadness,"mình nhận thấy hình như ông ấy đang rất đau khổ , mà không thể or không muốn nói ra .",mình nhận thấy hình như ông ấy đang rất đau khổ mà không thể or không muốn nói ra
Fear,coi ảnh này nổi cả gai ốc,coi ảnh này nổi cả gai ốc
Enjoyment,tao cười ỉa cho cái bọn ấy :))),tao cười ỉa cho cái bọn ấy
Disgust,"đúng rồi đấy , như thế là đang mắc chứng ảo tưởng sức mạnh",đúng rồi đấy như thế là đang mắc chứng ảo tưởng sức mạnh
Other,sừng mọc hồi nào không hay,sừng mọc hồi nào không hay
Other,câu này thấy sai sai,câu này thấy sai sai
Other,não bằng đá . không cần phải đội nón,não bằng đá không cần phải đội nón
Disgust,các bạn đéo biết được đâu vì các bạn đbh gặp thì lsao các bạn biết được mấy con mụ già đi mất dạy như thế nào . đm cậy mình già là muốn đi thế đéo nào cũng được ý . đi sai xong chửi người ta mới vãi chứ dume có ngày đâm vào người ta chết có ngày ở đấy mà già mồm . cứ kêu người ta lớn tuổi hơn phải thế này tno nhưng có lớn mà đéo có học thì cũng đéo là cái gì,các bạn đéo bt được đâu vì các bạn đbh gặp thì lsao các bạn bt được mấy con mụ già đi mất dạy như thế nào địt mẹ cậy mình già là muốn đi thế đéo nào cũng được ý đi sai xong chửi người ta mới vãi chứ dume có ngày đâm vào người ta chết có ngày ở đấy mà già mồm cứ kêu người ta lớn tuổi hơn phải thế này tno nhưng có lớn mà đéo có học thì cũng đéo là cái gì
Disgust,"cái thứ 2 mình thấy lạ lòn , bạn gái người ta ăn , quên chỉnh tóc . người ta chỉnh lại tóc dùm bạn gái mắc gì 2 đứa nó thái độ 😑😑",cái thứ 2 mình thấy lạ lòn bạn gái người ta ăn quên chỉnh tóc người ta chỉnh lại tóc dùm bạn gái mắc gì 2 đứa nó thái độ 😑😑
Disgust,"không chỉ bướng , mà còn rất lười :(",không chỉ bướng mà còn rất lười
Enjoyment,"nói gì , em trai tao cắt tóc xong là tao đè nó ra chụp hình . cảm thấy nó cắt tóc xong là đứa nào chứ không phải em tao =)))))",nói gì em trai tao cắt tóc xong là tao đè nó ra chụp hình cảm thấy nó cắt tóc xong là đứa nào chứ không phải em tao
Enjoyment,đáng yêu vãi =))))),đáng yêu vãi
Disgust,xạo xạo ... thằng cải suốt ngày bị nó dụ,xạo xạo thằng cải suốt ngày bị nó dụ
Disgust,khi mày dốt ngữ văn nhưng vẫn thích nói những câu đạo con mẹ nó lý,khi mày dốt ngữ văn nhưng vẫn thích nói những câu đạo con mẹ nó lý
Disgust,"học luật chưa mà nhắc sai về lí ? :3 , có cái nhà đấy là đường của nhà ông à :))",học luật chưa mà nhắc sai về lí 3 có cái nhà đấy là đường của nhà ông à
Other,kể mà nó biết cử độg vẫy vẫy nữa thì tuyệt con mẹ nó vời ??????,kể mà nó bt cử độg vẫy vẫy nữa thì tuyệt con mẹ nó vời
Surprise,nhện to đến nổi chúng mày giật cả mình à :),nhện to đến nổi chúng mày giật cả mình à
Disgust,cho dân nhậu đi lùa 1 hôm thì đến con tép còn đéo còn nữa là hùm đất :)),cho dân nhậu đi lùa 1 hôm thì đến con tép còn đéo còn nữa là hùm đất
Anger,đù . bọn nuôi chó mà ve còn không bắt được cho nó thì đừng nên nuôi . bực,đù bọn nuôi chó mà ve còn không bắt được cho nó thì đừng nên nuôi bực
Enjoyment,bản thân quá hạnh phúc khi trong cs này rất . rất nhiều người mơ ước được như mình hiện tại . 😊😊😊,bản thân quá hạnh phúc khi trong cs này rất rất nhiều người mơ ước được như mình hiện tại 😊
Anger,gà này cho chó ăn mà . bọn mất dậy vì tiền nó giết chết dần chết mòn con nhà nghèo . địt bố bọn mắt dậy,gà này cho chó ăn mà bọn mất dậy vì tiền nó giết chết dần chết mòn con nhà nghèo địt bố bọn mắt dậy
Other,per cái mặt nhỏ đó gióng em :)) khi nghe tiếng súng,per cái mặt nhỏ đó gióng em khi nghe tiếng súng
Enjoyment,bài viết đọc rất sướng .,bài viết đọc rất sướng
Anger,dume dăm ba cái đứa lông còn chưa mọc đủ bày đặt thể hiện con cặc gì không biết . thêm bà cô giáo óc chó + lão chủ sân nữa,dume dăm ba cái đứa lông còn chưa mọc đủ bày đặt thể hiện con cặc gì không bt thêm bà cô giáo óc chó lão chủ sân nữa
Surprise,"ngày xưa tự dưng mình được tận 8 , 75 ư =))))",ngày xưa tự dưng mình được tận 8 75 ư
Sadness,gãy tay,gãy tay
Enjoyment,đợi nốt ván đã =)))))))),đợi nốt ván đã
Sadness,"nhớ quá , độ chục năm không đi soi ve rồi :((((",nhớ quá độ chục năm không đi soi ve rồi
Enjoyment,t đã soi gương suốt ngày chỉ để gặp crush và ngắm nụ cười tỏa nắng của nó,tao đã soi gương suốt ngày chỉ để gặp người mình thích và ngắm nụ cười tỏa nắng của nó
Enjoyment,per hồi đó mua điểm đại học nè 😂😂😂,per hồi đó mua điểm đại học nè 😂
Anger,dume mất dạy,dume mất dạy
Enjoyment,nào chàng trai có nhiều tài hãy cho em gục ngã đi nào =)),nào chàng trai có nhiều tài hãy cho em gục ngã đi nào
Disgust,nó chỉ là phép lịch sự . ngưng ảo tưởng nha nha,nó chỉ là phép lịch sự ngưng ảo tưởng nha nha
Anger,đm chạy ra xa mà viết đi 😈,địt mẹ chạy ra xa mà viết đi 😈
Disgust,"thằng tàu hoả lái dở , thấy xe đậu thì đánh lái né ra đường ray thi đâu có va chạm hư ô tô",thằng tàu hoả lái dở thấy xe đậu thì đánh lái né ra đường ray thi đâu có va chạm hư ô tô
Enjoyment,người ta thôi chứ vợ mình là số 1 . mình chưa bao giờ chê . 😍😍😍,người ta thôi chứ vợ mình là số 1 mình chưa bao giờ chê 😍
Enjoyment,"mê chơi lọt cóng nè , nhìn vẻ mặt hp của nó mình cũng thấy vui theo",mê chơi lọt cóng nè nhìn vẻ mặt hạnh phúc của nó mình cũng thấy vui theo
Enjoyment,"và cứ mỗi lần mày muốn thấy crush cười , mày lại chạy lại cái gương",và cứ mỗi lần mày muốn thấy người mình thích cười mày lại chạy lại cái gương
Disgust,kinh dị vãi,kinh dị vãi
Anger,mẹ cái lũ thầu nấu ăn cho trẻ con . ai cũng bảo chúng mày nấu 1 năm có có hàng tỉ tiền . mẫu giáo còn hại được thì cấp 1 tha gì .,mẹ cái lũ thầu nấu ăn cho trẻ con ai cũng bảo chúng mày nấu 1 năm có có hàng tỉ tiền mẫu giáo còn hại được thì cấp 1 tha gì
Enjoyment,per sau này con bư lớn cũng vậy đó mẹ hahaa,per sau này con bư lớn cũng vậy đó mẹ hahaa
Enjoyment,phim hay vãi ra . đến giờ vẫn thấy mình giống bạn ma nữ quá trời 😂😂😂,phim hay vãi ra đến giờ vẫn thấy mình giống bạn ma nữ quá trời 😂
Enjoyment,per nuôi đi anh còn kịp chả già mất 😂,per nuôi đi anh còn kịp chả già mất 😂
Enjoyment,per thông minh là đây chớ đâu,per thông minh là đây chớ đâu
Fear,t đã cố tình che mặt nhưng vẫn giật mình,tao đã cố tình che mặt nhưng vẫn giật mình
Fear,sư tử chứ dễ thương q . q gì,sư tử chứ dễ thương q q gì
Disgust,"mưa sấp mặt , về đi",mưa sấp mặt về đi
Disgust,nhìn biến thái kinh khủng .,nhìn biến thái kinh khủng
Enjoyment,tầm tuổi này . họ không còn những áp lực cuộc sống nữa . mà chỉ còn thứ tình cảm gắn bó với họ từ những ngày khó khăn nhất . ngưỡng mộ và ước được chút phúc đức của ông bà,tầm tuổi này họ không còn những áp lực cuộc sống nữa mà chỉ còn thứ tình cảm gắn bó với họ từ những ngày khó khăn nhất ngưỡng mộ và ước được chút phúc đức của ông bà
Disgust,sếp như nào nữa còn sếp tôi thì như lònnnnnnn,sếp như nào nữa còn sếp tôi thì như lòn
Anger,per tao nói rồi nha địt con mẹ mày,per tao nói rồi nha địt con mẹ mày
Other,bình tĩnh vô cùng,bình tĩnh vô cùng
Enjoyment,haha . dễ thương gê 😊😘😘,haha dễ thương gê 😊😘😘
Other,thiết bị này mua như nào nhỉ,thiết bị này mua như nào nhỉ
Sadness,cậu bạn mẫu giáo năm ấy chép bài cho tao để tao khỏi bị thẻ tay giờ đang nơi đâu ???,cậu bạn mẫu giáo năm ấy chép bài cho tao để tao khỏi bị thẻ tay giờ đang nơi đâu
Sadness,thật là một câu chuyện buồn 😌,thật là một câu chuyện buồn 😌
Sadness,ng dân biết phải làm sao bệnh chồng bệnh,ng dân bt phải làm sao bệnh chồng bệnh
Fear,em đừng đi tập gym em nhé . bth em đã mê trai lắm rồi . em mà đi tập nữa chị không biết em như thế nào luôn 😢 per,em đừng đi tập gym em nhé bình thường em đã mê trai lắm rồi em mà đi tập nữa chị không bt em như thế nào luôn 😢 per
Fear,nếu là tao thì nhảy cẩng lên chuẩn mẹ rồi :)) má nhìn trong hình tưởng ma thật ở ngoài đéo biết như lào luôn ớ,nếu là tao thì nhảy cẩng lên chuẩn mẹ rồi má nhìn trong hình tưởng ma thật ở ngoài đéo bt như lào luôn ớ
Disgust,"con yêu nghiệt , tỏ cái vẻ đáng thương còn ăn vạ =)))",con yêu nghiệt tỏ cái vẻ đáng thương còn ăn vạ
Other,cuộc tình ngang trái của nhà tớ đây ??,cuộc tình ngang trái của nhà tớ đây
Sadness,"thấy bình sữa của em thấy ham quá , chị sinh em bé chả có sữa gì hết .",thấy bình sữa của em thấy ham quá chị sinh em bé chả có sữa gì hết
Enjoyment,"úi sời , gần chỗ mình này",úi sời gần chỗ mình này
Enjoyment,vừa sếp vừa đồng nghiệp tốt thì đi làm như là đi chơi 💃 bonus 6h chưa hẳn đã muốn về,vừa sếp vừa đồng nghiệp tốt thì đi làm như là đi chơi 💃 bonus 6h chưa hẳn đã muốn về
Enjoyment,"tao toàn thế giận tao tao dỗi lại , lại phải dỗ tao . hahahaha",tao toàn thế giận tao tao dỗi lại lại phải dỗ tao hahahaha
Enjoyment,per vui quá .. đi dạo được ven hồ rồi 🙂,per vui quá đi dạo được ven hồ rồi 🙂
Enjoyment,per cảm ơn tôi đi . thấy tầm quan trọng của máy chém gió chưa,per cảm ơn tôi đi thấy tầm quan trọng của máy chém gió chưa
Other,cấm đỗ là việc của công an,cấm đỗ là việc của công an
Anger,"tao ước gì gặp được cái thằng chế ra con xe lead , tao sẽ tán cho nó sấp mặt luôn . 😒 còn video này tao hóng mãi lúc nó so ... mà đéo thấy haha",tao ước gì gặp được cái thằng chế ra con xe lead tao sẽ tán cho nó sấp mặt luôn 😒 còn video này tao hóng mãi lúc nó so mà đéo thấy haha
Enjoyment,nghe nguồn tao biết được độ chân thực của câu chuyện rồi 😂😂😂,nghe nguồn tao bt được độ chân thực của câu chuyện rồi 😂
Disgust,"mấy thành phần không chấp hành luật giao thông cứ phải thế này . cơ mà thằng này gà thật , tạt mẹ vào quán nước mà ngồi uống chứ làm gì phải dắt xe khổ thế kia",mấy thành phần không chấp hành luật giao thông cứ phải thế này cơ mà thằng này gà thật tạt mẹ vào quán nước mà ngồi uống chứ làm gì phải dắt xe khổ thế kia
Enjoyment,per giải trí =))),per giải trí
Enjoyment,< 3 chuyện lạ có thật :))),3 chuyện lạ có thật
Enjoyment,cười vô mặt,cười vô mặt
Other,cuộc sống mà .. ghi không được thì thôi . sao mấy bạn chửi người ta dữ vậy,cuộc sống mà ghi không được thì thôi sao mấy bạn chửi người ta dữ vậy
Enjoyment,per kỉ niệm nhất là những ngày trốn học cùng nhau đi xem phim 😂😂😂,per kỉ niệm nhất là những ngày trốn học cùng nhau đi xem phim 😂
Sadness,đau bụng quá ự ự,đau bụng quá ự ự
Enjoyment,lợi ích của việc giữ vững quan điểm 😄,lợi ích của việc giữ vững quan điểm 😄
Sadness,thế này mà mày vẫn còn buồn thì ...,thế này mà mày vẫn còn buồn thì
Disgust,thấy mà nhớ lại quá . lúc còn sinh viên . di làm thêm ở quán kara . đm tụi nó tổ chức sinh nhật . rồi bày ra trang trí để tỏ tình . rồi quà bỏ xốp hột không trong đó . vừa xốp . vừa đèn cầy . vừa kim tuyến . bia . đồ ăn đồ . làm buổi có 40k mà dọn đúng là như thèn này chửi . dọn mún lòa lozzz ra lun . ức chế lắm,thấy mà nhớ lại quá lúc còn sinh viên di làm thêm ở quán kara địt mẹ tụi nó tổ chức sinh nhật rồi bày ra trang trí để tỏ tình rồi quà bỏ xốp hột không trong đó vừa xốp vừa đèn cầy vừa kim tuyến bia đồ ăn đồ làm buổi có 40k mà dọn đúng là như thèn này chửi dọn muốn lòa loz ra lun ức chế lắm
Other,sáng nay tao mới thấy 2 con này đi cùng,sáng nay tao mới thấy 2 con này đi cùng
Enjoyment,bạn trai tao đéo biết giận dai nên không phải dỗ,bạn trai tao đéo bt giận dai nên không phải dỗ
Surprise,tại sao lại phải che mặt vậy,tại sao lại phải che mặt vậy
Sadness,án mà cứ xử như vậy thì sao có được lòng dân,án mà cứ xử như vậy thì sao có được lòng dân
Disgust,thế tao mới quyết tâm tìm ra facebook thật của nó để no hết đường lừa các em mới lớn đó,thế tao mới quyết tâm tìm ra facebook thật của nó để no hết đường lừa các em mới lớn đó
Fear,sợ ngỗng còn hơn sợ chó :))),sợ ngỗng còn hơn sợ chó
Disgust,"vậy thì tao sẽ ước mơ là các nhà thơ đừng bao giờ xài ẩn dụ , chơi chữ :) đã ngu văn còn bắt phân tích thấy mẹ luôn",vậy thì tao sẽ ước mơ là các nhà thơ đừng bao giờ xài ẩn dụ chơi chữ đã ngu văn còn bắt phân tích thấy mẹ luôn
Enjoyment,nhiê ̀ u biê ́ n đô ̣ người kha ́ thu ́ vi ̣ =)),nhiê ̀ u biê ́ n đô ̣ người kha ́ thu ́ vi ̣
Sadness,"thương tra ̀ o nươ ́ c mă ́ tao ... cuô ́ i cu ̀ người thi ̀ ban la ̃ nh đa ̣ o bă ́ c ninh đa ̃ lên tiê ́ người giu ́ p đơ ̃ ca ́ c be ́, du ̀ qua ́ muô ̣ n @",thương tra ̀ o nươ ́ c mă ́ tao cuô ́ i cu ̀ người thi ̀ ban la ̃ nh đa ̣ o bă ́ c ninh đa ̃ lên tiê ́ người giu ́ p đơ ̃ ca ́ c be ́ du ̀ qua ́ muô ̣ n
Other,lấy giẻ lau xong vắt chắc cũng được nửa,lấy giẻ lau xong vắt chắc cũng được nửa
Enjoyment,ngày xưa mừn cũng hay thế lắm .,ngày xưa mừn cũng hay thế lắm
Other,chắc nó se lạnh thì đừng hỏi tại sao thằng kia lấp nhíp sưởi ấm cũng không thấy .,chắc nó se lạnh thì đừng hỏi tại sao thằng kia lấp nhíp sưởi ấm cũng không thấy
Sadness,phận làm trai nào sung sướng gì 😂,phận làm trai nào sung sướng gì 😂
Enjoyment,"hôm nay ai có vàng bán hết đi , tuần sau mua lại , lời vãi .",hôm nay ai có vàng bán hết đi tuần sau mua lại lời vãi
Other,kính thủy lực là kính gì bạn ơi,kính thủy lực là kính gì bạn ơi
Sadness,chưa bao giờ được nge câu này 😞,chưa bao giờ được nge câu này 😞
Disgust,nam chính người nào cũng bị bệnh tự luyến nữa :))))))),nam chính người nào cũng bị bệnh tự luyến nữa
Enjoyment,"cũng chuẩn , giờ khởi nghiệp vậy phá sản chỉ mấy tháng đầu",cũng chuẩn giờ khởi nghiệp vậy phá sản chỉ mấy tháng đầu
Disgust,chỗ tao lắm đứa khó chịu vãi,chỗ tao lắm đứa khó chịu vãi
Disgust,"tất cả là do chính sách sai lầm của những người đứng đầu tỉnh sơn la . tsb cao su nó phù hợp trồng ở cao nguyên + nhiệt đới nắng lắm chứ lên tây bắc lạnh giá + sương muối thì cây cao su làm sao nó sinh trưởng tốt và hợp khí hậu được mà chả trắng tay :))) còn cả cây cafe đang được trồng ở sơn la , điện biên nữa sớm muộn gì những người dân trồng hai loại cây này cũng nhận trái đắng trắng tay thôi",tất cả là do chính sách sai lầm của những người đứng đầu tỉnh sơn la tsb cao su nó phù hợp trồng ở cao nguyên nhiệt đới nắng lắm chứ lên tây bắc lạnh giá sương muối thì cây cao su làm sao nó sinh trưởng tốt và hợp khí hậu được mà chả trắng tay còn cả cây cafe đang được trồng ở sơn la điện biên nữa sớm muộn gì những người dân trồng hai loại cây này cũng nhận trái đắng trắng tay thôi
Enjoyment,quá giỏi . đạp đến ngất đi mà không quay đầu . sau này em sẽ thành công . chắc chắn vậy,quá giỏi đạp đến ngất đi mà không quay đầu sau này em sẽ thành công chắc chắn vậy
Disgust,vừa đi về ?? mưa sấp mặt,vừa đi về mưa sấp mặt
Enjoyment,bài viết hay quá !,bài viết hay quá
Enjoyment,gì cũng được ?????? dễ vãi,gì cũng được dễ vãi
Other,đã năm 2000 . người ta cho mượn 200 tr rồi .. từ đó về sau nhà người ta có cần 25 tr / tháng hay không ???,đã năm 20 người ta cho mượn 200 trời rồi từ đó về sau nhà người ta có cần 25 trời tháng hay không
Enjoyment,ôi cháu taooo =)))),ôi cháu tao
Other,nó chỉ muốn chén mày thôi . thật đấy,nó chỉ muốn chén mày thôi thật đấy
Anger,"cô giáo ngu bỏ mẹ , xong được bầy hãm lòn trẻ trâu này nữa , kia là em tao , không biết tao sẽ làm gì bọn khốn nạn này nữa :))",cô giáo ngu bỏ mẹ xong được bầy hãm lòn trẻ trâu này nữa kia là em tao không bt tao sẽ làm gì bọn khốn nạn này nữa
Sadness,haizzzz đó là 1 câu chuyện khá bùn,haiz đó là 1 câu chuyện khá bùn
Disgust,"chồng này chắc cú có gai ah , mặc quần đéo gì vậy",chồng này chắc cú có gai ah mặc quần đéo gì vậy
Enjoyment,"haa ... haa ... ! đúng là có thay đổi lớn ! ngồi nhâm nhi ly cafe , phì phèo điếu thuốc nhìn thiên hạ cũng vui kkk ... !",haa haa đúng là có thay đổi lớn ngồi nhâm nhi ly cafe phì phèo điếu thuốc nhìn thiên hạ cũng vui không
Sadness,nhưng nó cười với đứa khác không phải mày .... 💔,nhưng nó cười với đứa khác không phải mày 💔
Sadness,per anh ơi đừng gym nữa . boxing là đụ rùi :((,per anh ơi đừng gym nữa boxing là đụ rùi
Enjoyment,đừng có thấy 6 múi mà ham nha nha 😂😂,đừng có thấy 6 múi mà ham nha nha 😂😂
Other,thật ra mấy đứa bị chửi nhiều thế này ra đời lại biết cư xử hơn những đứa khác .,thật ra mấy đứa bị chửi nhiều thế này ra đời lại bt cư xử hơn những đứa khác
Anger,muốn nói bậy ghê :)))) nuôi con chó mà nuôi ra vậy . vừa ôm vừa bị ve,muốn nói bậy ghê nuôi con chó mà nuôi ra vậy vừa ôm vừa bị ve
Enjoyment,- mấy bạn đừng có đổ mình nữa nha 😞😞. mình ngại lắm 😞🤣,mấy bạn đừng có đổ mình nữa nha 😞😞 mình ngại lắm 😞🤣
Enjoyment,tại sao anh cứ mất công giận dỗi trong khi người xin lỗi vẫn là anh =)),tại sao anh cứ mất công giận dỗi trong khi người xin lỗi vẫn là anh
Enjoyment,chúc mừng các anh . các anh giỏi quá . chuc các anh mạnh khỏe .,chúc mừng các anh các anh giỏi quá chuc các anh mạnh khỏe
Enjoyment,per hóng phim này dụ dỗ mọi người xem tiếp nè anh :v,per hóng phim này dụ dỗ mọi người xem tiếp nè anh v
Sadness,ngày chủ nhiệm cu nhà mình cô nhẹ nhàng nết na lắm mà ! giờ thì sao cô lại hành xử như vậy chứ ! thật buồn !,ngày chủ nhiệm cu nhà mình cô nhẹ nhàng nết na lắm mà giờ thì sao cô lại hành xử như vậy chứ thật buồn
Enjoyment,"nhớ hồi euro 2012 rực sáng trong màu áo tuyển ý , ghi mấy bàn mà bàn nào cũng thấy phê .",nhớ hồi euro 2012 rực sáng trong màu áo tuyển ý ghi mấy bàn mà bàn nào cũng thấy phê
Enjoyment,đáng yêu vại trời,đáng yêu vại trời
Disgust,kéo nhau ra toà ly hôn tự nhiên béo ngành thuế,kéo nhau ra toà ly hôn tự nhiên béo ngành thuế
Sadness,ai sẽ cùng tôi mang nỗi đau này cơ chứ,ai sẽ cùng tôi mang nỗi đau này cơ chứ
Disgust,ngu thì mới đi vào phủ dầy nhé chứ chợ đâu đến mức như vậy ??????,ngu thì mới đi vào phủ dầy nhé chứ chợ đâu đến mức như vậy
Other,sĩ diện không nội mũ và cái kết dắt xe hết mẹ đoạn đường,sĩ diện không nội mũ và cái kết dắt xe hết mẹ đoạn đường
Sadness,"vietcombank 1 tháng trừ hết 22k phí inter với mobile banking , dù tháng đó kau chả xài tới cái nào :((",vietcombank 1 tháng trừ hết 22k phí inter với mobile banking dù tháng đó kau chả xài tới cái nào
Sadness,nói thật gia lai nói riêng tây nguyên nói chung xưa nhờ vàng đen '' hồ tiêu ' và vàng trắng ' cao su ' mà người dân có dư cái ăn cái mặt bây giờ thì thua rồi bỏ đi tứ xứ .. một thời,nói thật gia lai nói riêng tây nguyên nói chung xưa nhờ vàng đen hồ tiêu và vàng trắng cao su mà người dân có dư cái ăn cái mặt bây giờ thì thua rồi bỏ đi tứ xứ một thời
Anger,đúng rồi . trái tim thảo mai này dễ rung động lắm nên các anh hay cả các chị và các bạn đừng thả thính em . em đập cho 😭,đúng rồi trái tim thảo mai này dễ rung động lắm nên các anh hay cả các chị và các bạn đừng thả thính em em đập cho 😭
Other,nhưng nó lại đéo thích :>,nhưng nó lại đéo thích
Disgust,ngu thì chết thôi,ngu thì chết thôi
Sadness,nói chung là ai nào buông tay thì người chết vẫn là mấy đứa con gái như tao 😭,nói chung là ai nào buông tay thì người chết vẫn là mấy đứa con gái như tao 😭
Disgust,nhớp nhúa,nhớp nhúa
Disgust,"muôn đời không khá được vì cái thói tham vặt , tham lam vô đáy việt nam ạ",muôn đời không khá được vì cái thói tham vặt tham lam vô đáy việt nam ạ
Fear,"ngày xưa đi học gần trường có bày ngỗng , hôm nào nó cũng cà khía rượt tụi học sinh chạy sấp mặt luôn",ngày xưa đi học gần trường có bày ngỗng hôm nào nó cũng cà khía rượt tụi học sinh chạy sấp mặt luôn
Sadness,sao lại bất công thế,sao lại bất công thế
Disgust,nó đi theo gái thì co,nó đi theo gái thì co
Sadness,là gặp đúng người nhưng lại chẳng đúng thời điểm . cuối cùng vẫn là chúng ta bỏ lỡ nhau 😥😥😥,là gặp đúng người nhưng lại chẳng đúng thời điểm cuối cùng vẫn là chúng ta bỏ lỡ nhau 😥
Disgust,chuẩn khi người ta gặp nạn không lo cứu đứng lấy dt ra quay rùi đăng kẻ đó mới là người cần lên án,chuẩn khi người ta gặp nạn không lo cứu đứng lấy điện thoại ra quay rùi đăng kẻ đó mới là người cần lên án
Sadness,chia buồn cùng nước pháp .,chia buồn cùng nước pháp
Disgust,con nhà mất dạy,con nhà mất dạy
Other,sau này mình có được như vầy không nhỉ 😊,sau này mình có được như vầy không nhỉ 😊
Fear,1 % kìa rồi ra cổng gọi thế nào :)),1 kìa rồi ra cổng gọi thế nào
Enjoyment,lúc dỗi thì càng dễ thương hơn,lúc dỗi thì càng dễ thương hơn
Sadness,hình vui mà sao đọc lại muốn khóc nhĩ ...,hình vui mà sao đọc lại muốn khóc nhĩ
Enjoyment,cách tạo nghiệp chướng nhanh và hiệu quả :)),cách tạo nghiệp chướng nhanh và hiệu quả
Sadness,trông mặt buồn chưa kìa per :(,trông mặt buồn chưa kìa per
Other,giá như anh được ào rơi về quá khứ ....,giá như anh được ào rơi về quá khứ
Sadness,tao thì muốn là đéo bao giờ . nhưng mẹ tao thì muốn ngay bây giờ 😢,tao thì muốn là đéo bao giờ nhưng mẹ tao thì muốn ngay bây giờ 😢
Other,đã tới tuổi thay đường ray rồi mà không thay,đã tới tuổi thay đường ray rồi mà không thay
Fear,chuột mà làm như người vậy .. ít hôm nó gặm cả rắn cả dây thì thấy mẹ ..,chuột mà làm như người vậy ít hôm nó gặm cả rắn cả dây thì thấy mẹ
Other,cái quần tà lỏn xanhhhh,cái quần tà lỏn xanh
Other,thật tình mà nói cao su phát triển đất đồi là sai lầm .,thật tình mà nói cao su phát triển đất đồi là sai lầm
Other,mấy bé đừng tưởng giận lại là ngon ạ :v có khi giận lại xog nó giết luôn đấy :),mấy bé đừng tưởng giận lại là ngon ạ v có khi giận lại xog nó giết luôn đấy
Other,per mốt mua son anh sài luôn,per mốt mua son anh sài luôn
Anger,"per bất hạnh thật tao với mày mua bánh ăn chung đi , cóc cần gấu 🤨",per bất hạnh thật tao với mày mua bánh ăn chung đi cóc cần gấu 🤨
Sadness,tội quá ! nuôi mà không chăm sóc,tội quá nuôi mà không chăm sóc
Disgust,không phải ai cũng vậy nên đừng thấy mập rồi tưởng mình hát hay 😌,không phải ai cũng vậy nên đừng thấy mập rồi tưởng mình hát hay 😌
Anger,bao giờ mua bánh tặng gấu thì tao mới mua nhá . ở đấy mà chê tao bất hạnh,bao giờ mua bánh tặng gấu thì tao mới mua nhá ở đấy mà chê tao bất hạnh
Fear,rất nguy hiểm nhé nhảy không qua là xác định dập mặt,rất nguy hiểm nhé nhảy không qua là xác định dập mặt
Anger,đm nhà bà . con gái người ta nuôi lớn không báo đáp được gì đã về làm dâu nhà bà . nó lấy chồng chứ có làm giúp việc cho nhà bà đâu mà hành hạ nó thế .,địt mẹ nhà bà con gái người ta nuôi lớn không báo đáp được gì đã về làm dâu nhà bà nó lấy chồng chứ có làm giúp việc cho nhà bà đâu mà hành hạ nó thế
Fear,"xã hội thật phức tợp , huhu . không muốn sống chung loài người nữa , tao về núi đây",xã hội thật phức tợp huhu không muốn sống chung loài người nữa tao về núi đây
Sadness,đã khóc . cha mẹ là người luôn yêu thương minh nhất,đã khóc cha mẹ là người luôn yêu thương minh nhất
Disgust,không lo chạy bo đi còn tạo sấm sét doạ người lứa,không lo chạy bo đi còn tạo sấm sét doạ người lứa
Enjoyment,ngày xưa đi học đạp xe qua cứ tưởng được quay phim đưa lên truyền hình :)),ngày xưa đi học đạp xe qua cứ tưởng được quay phim đưa lên truyền hình
Disgust,lừa cả tỉ đồng mà đóng phạt 5tr :)) thế này thì răn đe cũng,lừa cả tỉ đồng mà đóng phạt 5tr thế này thì răn đe cũng
Enjoyment,hay qua hoc theo cho vui,hay qua hoc theo cho vui
Disgust,bụng công nhân thành hố chôn lợn dịch,bụng công nhân thành hố chôn lợn dịch
Disgust,tươi ngon sạch sẽ thì đéo thích ăn . cứ thích ăn cút trâu cứt bò,tươi ngon sạch sẽ thì đéo thích ăn cứ thích ăn cút trâu cứt bò
Enjoyment,đáng yêu vậy =))),đáng yêu vậy
Sadness,"per lại nữa , tao dg suy nghĩ có nên đi bằng rap về không",per lại nữa tao dg suy nghĩ có nên đi bằng rap về không
Fear,nhìn sợ vãi ra,nhìn sợ vãi ra
Other,"bởi vậy , nên tỏ ra là 1 người không cảm xúc",bởi vậy nên tỏ ra là 1 người không cảm xúc
Sadness,cả 1 đời người chẳng mong gì chỉ mong từ đây đến phút cuối vẫn có người không quên mình đã từng tồn tại,cả 1 đời người chẳng mong gì chỉ mong từ đây đến phút cuối vẫn có người không quên mình đã từng tồn tại
Anger,coi mà lộn ruột .,coi mà lộn ruột
Enjoyment,a per doi dap rat tuyet voi . chuc anh thanh cong trong vu nay .,a per doi dap rat tuyet voi chuc anh thanh cong trong vu nay
Enjoyment,dân kinh doanh khoái đi chợ này lắm nè,dân kinh doanh khoái đi chợ này lắm nè
Sadness,tiếc cho mối tình ấy ....,tiếc cho mối tình ấy
Surprise,nhanh bất ngờ đấy,nhanh bất ngờ đấy
Enjoyment,tao cũng phải về mở cho mẹ tao coi 😂😂,tao cũng phải về mở cho mẹ tao coi 😂😂
Enjoyment,hơi bị nhanh trí :)),hơi bị nhanh trí
Enjoyment,giun này mà xào thêm ít xả ớt thì tuyệt cú mèo 🤣,giun này mà xào thêm ít xả ớt thì tuyệt cú mèo 🤣
Enjoyment,cưng xỉu ??,cưng xỉu
Disgust,"ngày trước cái thằng ngồi cạnh nhờ nó né cái mông để lấy cái bút dưới bàn nó nó đéo né . cuối cùng nó phải lên phòng ý tế băng đầu ( lớp 1 🤣) "" tôi đã nợ chàng trai ấy một cái "" đập đầu "" ""🤣",ngày trước cái thằng ngồi cạnh nhờ nó né cái mông để lấy cái bút dưới bàn nó nó đéo né cuối cùng nó phải lên phòng ý tế băng đầu lớp 1 🤣 tôi đã nợ chàng trai ấy một cái đập đầu 🤣
Disgust,êu tự ý đụng chạm vào người khác đã là vô duyên hãm lồn rồi . nhất là con gái . bọn này ý thức như đách lol,êu tự ý đụng chạm vào người khác đã là vô duyên hãm lồn rồi nhất là con gái bọn này ý thức như đách lol
Sadness,nhớ tới mối tình đơn phương !,nhớ tới mối tình đơn phương
Fear,dã man quá ..,dã man quá
Disgust,"nhẹ tay quá phải hơn nữa , may mắn là nó chưa cắn ai hay làm gì ai",nhẹ tay quá phải hơn nữa may mắn là nó chưa cắn ai hay làm gì ai
Sadness,per ly trà sen của anh đem qua có ngày nó thành như v đó 😭😭 hức hức ...,per ly trà sen của anh đem qua có ngày nó thành như vậy đó 😭😭 hức hức
Anger,chẳng bù tuổi thơ tao đi học toàn gặp mấy thằng ông nội mắc thần bố . gặp mặt tao là đánh với bắt nạt tao có trò mới là bắt tao ra thử trước bà mẹ nó :))) cái phường bất lương,chẳng bù tuổi thơ tao đi học toàn gặp mấy thằng ông nội mắc thần bố gặp mặt tao là đánh với bắt nạt tao có trò mới là bắt tao ra thử trước bà mẹ nó cái phường bất lương
Enjoyment,per my nè kkk,per my nè không
Other,may không có ai trong nhà,may không có ai trong nhà
Other,ngồi ăn mà 3 đứa cứ nhìn châm châm thế này sao nuốt nổi ??????,ngồi ăn mà 3 đứa cứ nhìn châm châm thế này sao nuốt nổi
Other,có gì vui không nhỉ,có gì vui không nhỉ
Enjoyment,gắn bó thời sinh viên nè,gắn bó thời sinh viên nè
Disgust,"thôi mày đừng saolol , hoang tưởng thâm niên à , nó mở mồm ra cái là nó đào cả họ hàng mày nên nó chửi cho biết mặt . nhìn lằm nhìn lốn 😒😒",thôi mày đừng saolol hoang tưởng thâm niên à nó mở mồm ra cái là nó đào cả họ hàng mày nên nó chửi cho bt mặt nhìn lằm nhìn lốn 😒😒
Enjoyment,"haha dần dần phải kiềm chế , khắc phục sẽ không đáng sợ không bằng vũ lực hành động mà nói đâu chết đó :)) kaka",haha dần dần phải kiềm chế khắc phục sẽ không đáng sợ không bằng vũ lực hành động mà nói đâu chết đó kaka
Sadness,vì mình chỉ là giờ giải lao trong một hiệp chơi chính của họ,vì mình chỉ là giờ giải lao trong một hiệp chơi chính của họ
Fear,sợ thế,sợ thế
Enjoyment,hihi mắc cười quá,hihi mắc cười quá
Enjoyment,"per anh không nặn đi , mai mốt nó sẽ chaii dầy nè hihii :)))",per anh không nặn đi mai mốt nó sẽ chaii dầy nè hihii
Other,bn tao vẽ đẹp vãi nhưng nó lại mắc bệnh lười nếu nó vẽ thì nó sẽ vẽ he .. n .... tai :v,bn tao vẽ đẹp vãi nhưng nó lại mắc bệnh lười nếu nó vẽ thì nó sẽ vẽ he n tai v
Disgust,đi chơi còn bỏ quên cả não ấy,đi chơi còn bỏ quên cả não ấy
Fear,hú hồn chim én :) nào làm ra này chắc cũng ngáo dữ :) chắc add không sợ nhện :),hú hồn chim én nào làm ra này chắc cũng ngáo dữ chắc add không sợ nhện
Enjoyment,yêu dã man kkk,yêu dã man không
Disgust,"đất nước bao nhiêu khoản phải tri trả , nhưng phải trả cho một đám cổ động viên quá khích thì quả là không đáng , các cụ đã bảo mọi sự ngu dốt đều phải trá giá bằng tiền mặt , bảo dân trí thấp lại tự ái :))",đất nước bao nhiêu khoản phải tri trả nhưng phải trả cho một đám cổ động viên quá khích thì quả là không đáng các cụ đã bảo mọi sự ngu dốt đều phải trá giá bằng tiền mặt bảo dân trí thấp lại tự ái
Other,"chỉ là nghe bạn nói , chẳng thấy bằng chứng đâu",chỉ là nghe bạn nói chẳng thấy bằng chứng đâu
Anger,"hành nó đưa đèn ông sao lên nữa chứ , ác vãi , ta nhớ lại còn cay ?",hành nó đưa đèn ông sao lên nữa chứ ác vãi ta nhớ lại còn cay
Surprise,đẹp trai mà bị đá à =)),đẹp trai mà bị đá à
Sadness,kiểu định share vì thấy tinh thần khá hơn nhưng đọc bình luận xong kiểu nhiều đứa còn tiêu cực hơn mình :<,kiểu định share vì thấy tinh thần khá hơn nhưng đọc bình luận xong kiểu nhiều đứa còn tiêu cực hơn mình
Other,đắt quá thôi không ly hôn nữa,đắt quá thôi không ly hôn nữa
Disgust,thôi tốt nhất đừng có diễn . nể nhất mấy bố giả vờ khóc xong ôm ôm lợi dụng rờ mông con gái nhà người ta,thôi tốt nhất đừng có diễn nể nhất mấy bố giả vờ khóc xong ôm ôm lợi dụng rờ mông con gái nhà người ta
Fear,"gặp cái này "" sun "" mẹ nó vào ... :))",gặp cái này sun mẹ nó vào
Fear,"chuẩn . tao mà chơi hoặc làm việc cùng bọn con gái tính công chúa một thời gian thì tao ngày nào cũng sờ troét , sau đó bị trầm cảm .",chuẩn tao mà chơi hoặc làm việc cùng bọn con gái tính công chúa một thời gian thì tao ngày nào cũng sờ troét sau đó bị trầm cảm
Sadness,bé có năng khiếu làm cô giáo dạy văn ... nghe thì nghĩ tục nhưng đời thường là có thật ... bác nghe thấy đồng cảm với các cháu,bé có năng khiếu làm cô giáo dạy văn nghe thì nghĩ tục nhưng đời thường là có thật bác nghe thấy đồng cảm với các cháu
Disgust,nhưng mà người khác nhìn vào bảo thế là lẳng lơ,nhưng mà người khác nhìn vào bảo thế là lẳng lơ
Other,nhìn 2 đôi giày đó mà nói 1967 .... thôi thôi !!!!,nhìn 2 đôi giày đó mà nói 1967 thôi thôi
Other,chẳng ai biết và riêng mình càng không muốn biết !,chẳng ai bt và riêng mình càng không muốn bt
Enjoyment,"per đoạn thằng kia tán trái sầu riêng , không trượt phát nào 🤣🤣",per đoạn thằng kia tán trái sầu riêng không trượt phát nào 🤣🤣
Other,đấm cho liên tục vào mồm đéo trượt phát lòn nào cả =)),đấm cho liên tục vào mồm đéo trượt phát lòn nào cả
Disgust,bài lồn đó nghe hãm vãi đéo hiểu sao lại thích,bài lồn đó nghe hãm vãi đéo hiểu sao lại thích
Surprise,per giống câu chuyện anh kể hôm bữa qua ha ... con chó này 3 lanh thiệt ak ...,per giống câu chuyện anh kể hôm bữa qua ha con chó này 3 lanh thiệt ak
Anger,bạn khốn nạn,bạn khốn nạn
Sadness,t mới tính tới bước thất bại chưa tính tới thành công :)),tao mới tính tới bước thất bại chưa tính tới thành công
Sadness,còn buồn hơn là cố quan tâm thế nào họ vẫn không hề rep lại,còn buồn hơn là cố quan tâm thế nào họ vẫn không hề trả lời lại
Sadness,h chỉ pk nhìn họ bên người khác :((,h chỉ pk nhìn họ bên người khác
Sadness,tao cũng vậy nè . lắm lúc đi với chồng mà cứ hỏi bên này bên phải nhỉ bên này bên trái nhỉ . mệt mỏi,tao cũng vậy nè lắm lúc đi với chồng mà cứ hỏi bên này bên phải nhỉ bên này bên trái nhỉ mệt mỏi
Disgust,"66 năm không làm việc nhà giúp vợ hoặc có làm thì cũng phát được , phát không",66 năm không làm việc nhà giúp vợ hoặc có làm thì cũng phát được phát không
Enjoyment,buồn cười 😂😂,buồn cười 😂😂
Enjoyment,cãi tay đôi luôn hahhaa,cãi tay đôi luôn hahhaa
Enjoyment,cứ mỗi lần cắt tóc xong tao lại thấy biết ơn bố mẹ vì đã sinh ra tao đzai vãi :))),cứ mỗi lần cắt tóc xong tao lại thấy bt ơn bố mẹ vì đã sinh ra tao đzai vãi
Other,buồn nào rồi cũng sẽ qua chỉ có buồn ngủ không tha ngày nào thôi,buồn nào rồi cũng sẽ qua chỉ có buồn ngủ không tha ngày nào thôi
Enjoyment,per =))))) đúng kiểu sáng tạo :)),per đúng kiểu sáng tạo
Disgust,"cắt cái tai vứt mẹ cho rồi , gớm chết mẹ",cắt cái tai vứt mẹ cho rồi gớm chết mẹ
Sadness,"ai nói kết có hậu , đầu khấc mất vợ tương lai kia kìa",ai nói kết có hậu đầu khấc mất vợ tương lai kia kìa
Disgust,"hồi trước nghe câu : "" gái ham tài , trai ham sắc "" nên cố học hành cho nó ham , ai ngờ giờ mới biết nó ham tài sản chứ không phải tài năng .",hồi trước nghe câu gái ham tài trai ham sắc nên cố học hành cho nó ham ai ngờ giờ mới bt nó ham tài sản chứ không phải tài năng
Fear,thế giới này thật đáng sợ :3 trả đĩa bay cho tôi về đi :3,thế giới này thật đáng sợ 3 trả đĩa bay cho tôi về đi 3
Disgust,per đã thích phá game còn thích hổ báo,per đã thích phá game còn thích hổ báo
Other,"thật ra nó không quên đường về nhà đâu , nó muốn đi bụi thôi",thật ra nó không quên đường về nhà đâu nó muốn đi bụi thôi
Sadness,t có 2 con bạn thân nó thì cao trọc trời còn tao thì ... . buồn,tao có 2 con bạn thân nó thì cao trọc trời còn tao thì buồn
Disgust,đmm cái quần ngàn thu,địt mẹ mày cái quần ngàn thu
Other,per bài của anh luôn nè,per bài của anh luôn nè
Other,nhưng liệu như vậy sẽ dễ dàng để người khác xen vào không :),nhưng liệu như vậy sẽ dễ dàng để người khác xen vào không
Anger,xin lô ̃ i chư ́ tao te ́ ma ̀ thă ̀ người lz camera quay câ ̣ n mă ̣ tao như thê ́ thi ̀ tao đe ́ o đa ́ không đâu,xin lô ̃ i chư ́ tao te ́ ma ̀ thă ̀ người lz camera quay câ ̣ n mă ̣ tao như thê ́ thi ̀ tao đe ́ o đa ́ không đâu
Enjoyment,em này xinh vãi các bác ạ .,em này xinh vãi các bác ạ
Other,thì ghi bằng tay phải cho nhanh,thì ghi bằng tay phải cho nhanh
Enjoyment,đáng iêu vãi =]],đáng iêu vãi
Surprise,anh tây nói tiếng việt giỏi thiệt .,anh tây nói tiếng việt giỏi thiệt
Sadness,có người đến gần cuối đời rồi vẫn còn khổ ! :(,có người đến gần cuối đời rồi vẫn còn khổ
Anger,mày xuống thì xuống mẹ mày đi . ngứa cả mắt 😩😩😩😩😩,mày xuống thì xuống mẹ mày đi ngứa cả mắt 😩
Enjoyment,phim này hay dã man luôn - có ai biết phim nào kiểu dạng này nữa o 😍😍😍,phim này hay dã man luôn có ai bt phim nào kiểu dạng này nữa o 😍
Disgust,"dume về bố lại táng cho bờm đầu , có thể là lần cuối được đi xem đá bóng của cháu nó :))",dume về bố lại táng cho bờm đầu có thể là lần cuối được đi xem đá bóng của cháu nó
Disgust,làm như đứa con gái nào cũng ham tiền . gái tốt thíu gì,làm như đứa con gái nào cũng ham tiền gái tốt thíu gì
Other,"khuyến cáo "" đừng nên học võ khi không có tiền mua dụng cụ "" per",khuyến cáo đừng nên học võ khi không có tiền mua dụng cụ per
Disgust,hết muốn ăn luôn,hết muốn ăn luôn
Enjoyment,vợ chồng đã hiểu và sống tốt . thì với tôi ngày nào cũng là ngày tao / y .,vợ chồng đã hiểu và sống tốt thì với tôi ngày nào cũng là ngày tao y
Anger,gặp bố bố tung phát chụp cây dù bố xiên cho cái đừng hỏi sau tức nước thủng mắt,gặp bố bố tung phát chụp cây dù bố xiên cho cái đừng hỏi sau tức nước thủng mắt
Disgust,tha cho cô chú đó đi,tha cho cô chú đó đi
Enjoyment,"những người trẻ với tấm lòng nhân hậu , các bạn thật đáng yêu .",những người trẻ với tấm lòng nhân hậu các bạn thật đáng yêu
Enjoyment,nghe cũng đúng đúng :)),nghe cũng đúng đúng
Enjoyment,chuẩn,chuẩn
Anger,"trung thu là tết thiếu nhi , yêu đường gì liên quan ở đây .. gấu với chả bò",trung thu là tết thiếu nhi yêu đường gì liên quan ở đây gấu với chả bò
Enjoyment,waooooo . hợp lí ghe,wao hợp lí ghe
Sadness,nhìn thôi đã đau lòng,nhìn thôi đã đau lòng
Other,ở miền nam nó vẫn không được giá như trước nhưng cũng dư giả,ở miền nam nó vẫn không được giá như trước nhưng cũng dư giả
Fear,per sợ nhện đúng không :)),per sợ nhện đúng không
Other,per sau khi cưới,per sau khi cưới
Anger,"per bắt được chắc nó mềm xương , chơi mất dạy 😔😔",per bắt được chắc nó mềm xương chơi mất dạy 😔😔
Disgust,con này không có cái quần nào mặc cho đàng hoàng 🤦‍♀️,con này không có cái quần nào mặc cho đàng hoàng 🤦‍♀️
Fear,mấy nay tao cũng bị ám ảnh,mấy nay tao cũng bị ám ảnh
Sadness,"có lần tao thổi cơm không đổ nước lúc khét mở vung ra mới biết , làm đánh đít xong cả tiếng trời không hết",có lần tao thổi cơm không đổ nước lúc khét mở vung ra mới bt làm đánh đít xong cả tiếng trời không hết
Enjoyment,nhưng đảm bảo coi cái nào là cười sặc cái đó :)) vì nó diễn tệ đến nỗi nó hay,nhưng đảm bảo coi cái nào là cười sặc cái đó vì nó diễn tệ đến nỗi nó hay
Other,"đúng rồi , tưởng vậy nhưng hóa ra không phải ...",đúng rồi tưởng vậy nhưng hóa ra không phải
Enjoyment,dăm ba cái nồi này sao nấu ngon bằng cơm điện nhà tao được . kaka,dăm ba cái nồi này sao nấu ngon bằng cơm điện nhà tao được kaka
Disgust,"phải người vô ý thức , đành rằng người ta làm kiếm tiền nghề gì cũng là nghề mình phải biết tôn trọng người khác , có tôn trọng người thì người mới tôn trọng mình . kể cả người ta đi ăn xin mình cũng cho đoàng hoàng chứ không thể cầm tiền quăng cái víu vào người ta được",phải người vô ý thức đành rằng người ta làm kiếm tiền nghề gì cũng là nghề mình phải bt tôn trọng người khác có tôn trọng người thì người mới tôn trọng mình kể cả người ta đi ăn xin mình cũng cho đoàng hoàng chứ không thể cầm tiền quăng cái víu vào người ta được
Disgust,rồi các em cũng ăn cứt thôi :)),rồi các em cũng ăn cứt thôi
Fear,ukm . nguy hiểm thật :'<,ukm nguy hiểm thật
Disgust,quá độc ác,quá độc ác
Sadness,per tao đã làm cho mày đau lòng nhiều lắm ư 🤔,per tao đã làm cho mày đau lòng nhiều lắm ư 🤔
Disgust,đi tù thôi các cháu,đi tù thôi các cháu
Disgust,"ghê tởm , ông thầy đó 🙄",ghê tởm ông thầy đó 🙄
Other,"mày đúng là nên gặp bác sĩ tâm lý , và hoàn toàn nghe theo bác sĩ",mày đúng là nên gặp bác sĩ tâm lý và hoàn toàn nghe theo bác sĩ
Fear,đm tao biết trước cả sự việc kiểu lìn gì cũng có nhện nhảy lên màn hình . vì mấy năm trước cũng có 1 thể loại giống như vậy . đm hú nhồn,địt mẹ tao bt trước cả sự việc kiểu lìn gì cũng có nhện nhảy lên màn hình vì mấy năm trước cũng có 1 thể loại giống như vậy địt mẹ hú nhồn
Other,đôi khi công việc không áp lực .... nhưng chính môi trường làm mọi thứ trở nên áp lực,đôi khi công việc không áp lực nhưng chính môi trường làm mọi thứ trở nên áp lực
Anger,hỏi lồn gì lắm thế,hỏi lồn gì lắm thế
Surprise,bài này hay quá,bài này hay quá
Sadness,hồi đó tao lấy cái đó kẻ tập luôn kiểu làm màu mè cho đẹp xong lên trả bài bị bà cô trừ điểm ????,hồi đó tao lấy cái đó kẻ tập luôn kiểu làm màu mè cho đẹp xong lên trả bài bị bà cô trừ điểm
Anger,"giơ cao đánh khẽ , cảnh cáo cho có lệ",giơ cao đánh khẽ cảnh cáo cho có lệ
Enjoyment,tao thầy mày cười hí hửng vại mà ?,tao thầy mày cười hí hửng vại mà
Sadness,gần 1h đêm là con trai mà xem xong nói chuyện mắt vẫn rỡi 😔😔,gần 1h đêm là con trai mà xem xong nói chuyện mắt vẫn rỡi 😔😔
Sadness,mới có 3 năm thôi mà ... vậy mà chúng ta còn không tụ họp được lần nào cả,mới có 3 năm thôi mà vậy mà chúng ta còn không tụ họp được lần nào cả
Disgust,những người như thế này tử hình,những người như thế này tử hình
Enjoyment,ngôn tình từ anh mà ra,ngôn tình từ anh mà ra
Disgust,đm phí hết sức :((,địt mẹ phí hết sức
Sadness,🙁 bị rớt tiền,🙁 bị rớt tiền
Disgust,"tôi kể các bạn nghe 1 chuyện có dính 1 tý với caphe tn : chuyện thế này ba vợ tôi có 1 người bạn rất khó khắn nghèo và đang trốn nợ , ba tôi cho ông chiếc xe máy củ để đi xe ôm . vợ chồng ông bạn này bỏ quê trốn nợ lên tây nguyên làm công cho nhà máy caphe tn trong 4 năm học được nghề làm caphe và sáng lập caphe tuấn kiệt caphe công thức y chang tn bán hợp lý hơn ! ngày nay ông chủ tuấn kiệt đã là 1 đại gia có nhà máy ở sốc trăng , ông ấy đi tìm và trả nợ từng người ơn của mình ! mổi lần ba tôi lên sg ông đều cho xe tới mời ba tôi đi ăn nhậu ! trong lúc ngà ngà ông ấy nói "" em chả bao giờ uống caphe của em làm , tn cũng vậy "" thế đó",tôi kể các bạn nghe 1 chuyện có dính 1 tý với caphe tn chuyện thế này ba vợ tôi có 1 người bạn rất khó khắn nghèo và đang trốn nợ ba tôi cho ông chiếc xe máy củ để đi xe ôm vợ chồng ông bạn này bỏ quê trốn nợ lên tây nguyên làm công cho nhà máy caphe tn trong 4 năm học được nghề làm caphe và sáng lập caphe tuấn kiệt caphe công thức y chang tn bán hợp lý hơn ngày nay ông chủ tuấn kiệt đã là 1 đại gia có nhà máy ở sốc trăng ông ấy đi tìm và trả nợ từng người ơn của mình mổi lần ba tôi lên sg ông đều cho xe tới mời ba tôi đi ăn nhậu trong lúc ngà ngà ông ấy nói em chả bao giờ uống caphe của em làm tn cũng vậy thế đó
Enjoyment,mong mai sau cũng được như ông bà,mong mai sau cũng được như ông bà
Disgust,nó ngáo đá . nay nó leo cột điện . mợ cứu nó xuống mai nó làm vài mạng người,nó ngáo đá nay nó leo cột điện mợ cứu nó xuống mai nó làm vài mạng người
Sadness,nó cười với người khác chứ * beep * phải tao :((,nó cười với người khác chứ beep phải tao
Enjoyment,xem lại quá nhiều lần đến nỗi không nhớ nổi . vì phim quá hay và ý nghĩa .,xem lại quá nhiều lần đến nỗi không nhớ nổi vì phim quá hay và ý nghĩa
Enjoyment,ahihi khá là buồn cười,ahihi khá là buồn cười
Enjoyment,t ngắm người yêu tao cười mà càng ngắm tao càng yêu lúc giận cơ nhìn muốn cắn cho mấy phát tao bị cuồng người yêu rồi cái,tao ngắm người yêu tao cười mà càng ngắm tao càng yêu lúc giận cơ nhìn muốn cắn cho mấy phát tao bị cuồng người yêu rồi cái
Disgust,đừng có xàm lồn trên này,đừng có xàm lồn trên này
Anger,gặp tao tao thuê giang hồ tới chém hết cả nhà nó luôn,gặp tao tao thuê giang hồ tới chém hết cả nhà nó luôn
Anger,"địt mẹ mày viết lên chỗ nào nước đéo tới ấy , ngulon",địt mẹ mày viết lên chỗ nào nước đéo tới ấy ngulon
Sadness,"những thứ tưởng chừng như rất đẹp nhưng kbh được trọn vẹn , cuối cùng để lại chỉ là những kỉ niệm đã từng :))",những thứ tưởng chừng như rất đẹp nhưng kbh được trọn vẹn cuối cùng để lại chỉ là những kỉ niệm đã từng
Enjoyment,"ba chàng ngốc , phim ấn độ , cực hài , cực cảm động và ý nghĩa nhé",ba chàng ngốc phim ấn độ cực hài cực cảm động và ý nghĩa nhé
Enjoyment,"1 bộ phim phải nói trên cả tuyệt vời , xem đi xem lại cả chục lần rồi mà không ngán",1 bộ phim phải nói trên cả tuyệt vời xem đi xem lại cả chục lần rồi mà không ngán
Sadness,bây giờ tao lấy chồng rồi còn không có cơ hội ngủ với em gái 😫,bây giờ tao lấy chồng rồi còn không có cơ hội ngủ với em gái 😫
Enjoyment,cái mặt cưng xĩu,cái mặt cưng xĩu
Enjoyment,per đây là chúng mềnh 🤪🤪,per đây là chúng mềnh 🤪🤪
Disgust,ngu như mày thì khỏe,ngu như mày thì khỏe
Fear,không biết có ai ở trong ngôi nhà không,không bt có ai ở trong ngôi nhà không
Other,hình như cũng mới có vụ bể bình dâu tằm,hình như cũng mới có vụ bể bình dâu tằm
Sadness,tao bị biến dạng luôn một tay,tao bị biến dạng luôn một tay
Sadness,mai đi học mà mình quên cách cầm bút rồi huhu :<,mai đi học mà mình quên cách cầm bút rồi huhu
Surprise,chời ơi gì vậy ở giây thứ cuối cùng anh em nha :))),chời ơi gì vậy ở giây thứ cuối cùng anh em nha
Disgust,nó chi ̉ muô ́ n tâm sư ̣ chư ́ thi ́ ch me ́ o đâu ma ̀ thi ́ ch,nó chi ̉ muô ́ n tâm sư ̣ chư ́ thi ́ ch me ́ o đâu ma ̀ thi ́ ch
Sadness,per mỏi chân quái :v,per mỏi chân quái v
Disgust,"đúng là không sợ địch mạnh , chỉ sợ chỉ huy ngu như bò",đúng là không sợ địch mạnh chỉ sợ chỉ huy ngu như bò
Disgust,về việt nam thì gọi nó là ngáo chó,về việt nam thì gọi nó là ngáo chó
Fear,per con nhện cản bước bé xuống cầu thang =))))),per con nhện cản bước bé xuống cầu thang
Fear,cả 2 loại người này đều đáng sợ !,cả 2 loại người này đều đáng sợ
Enjoyment,đm cười ĩa,địt mẹ cười ĩa
Enjoyment,per hôn nhẹ lên má nha 🤣,per hôn nhẹ lên má nha 🤣
Sadness,"có lần ba tao mua bánh kem sinh nhật cho tao , lúc đấy tao 13t nhưng khi ba tao mua về thì lại là 15t 😶",có lần ba tao mua bánh kem sinh nhật cho tao lúc đấy tao 13t nhưng khi ba tao mua về thì lại là 15t 😶
Enjoyment,con dựt gái đây sao hahaha,con dựt gái đây sao hahaha
Surprise,hot đến vậy cơ à ? mình chưa nghe bao giờ luôn .,hot đến vậy cơ à mình chưa nghe bao giờ luôn
Sadness,"cả thế giới biết toau crush mày , còn mày thì íu nhận ra 😐",cả thế giới bt toau người mình thích mày còn mày thì íu nhận ra 😐
Disgust,vô ý thức,vô ý thức
Disgust,"cưỡng hôn 200 nghìn , thu trăm tỷ phạt 5 triệu , đói trộm 2 cái bánh mỳ 45k phạt đi tù",cưỡng hôn 200 nghìn thu trăm tỷ phạt 5 triệu đói trộm 2 cái bánh mỳ 45k phạt đi tù
Enjoyment,chính xác ! nơi làm việc anh em mà đoàn kết với nhau cỡ nào cũng thấy mau hết giờ làm . 😊😊😊,chính xác nơi làm việc anh em mà đoàn kết với nhau cỡ nào cũng thấy mau hết giờ làm 😊
Anger,phim cắt mất đoạn hay của manga rồi dume,phim cắt mất đoạn hay của manga rồi dume
Anger,đang ăn . nói nói con cặc 😒😒,đang ăn nói nói con cặc 😒😒
Other,tôm này vào là nó diệt hết tôm bản địa luôn,tôm này vào là nó diệt hết tôm bản địa luôn
Sadness,"bởi vì anh đã gặp em đúng lúc , đúng lúc đó em đã có người thương ...",bởi vì anh đã gặp em đúng lúc đúng lúc đó em đã có người thương
Enjoyment,tại sao phải đứng ngồi nhìn ? lên bankon cột võng nằm coi mới đã ..,tại sao phải đứng ngồi nhìn lên bankon cột võng nằm coi mới đã
Surprise,"loại bi này ngon quá , vừa uống",loại bi này ngon quá vừa uống
Sadness,10 đứa bạn thì có 9 đứa là con trai rồi . sau nhiều năm kinh nghiệm thì chơi với nhiều trai thì sẽ bị ế muôn đời muôn kiếp . haizaaa ...,10 đứa bạn thì có 9 đứa là con trai rồi sau nhiều năm kinh nghiệm thì chơi với nhiều trai thì sẽ bị ế muôn đời muôn kiếp haiza
Enjoyment,"xem đi xem lại không chán , best của best 😭",xem đi xem lại không chán best của best 😭
Other,tán mãi mới đổ muốn chia tay cũng phải từ từ,tán mãi mới đổ muốn chia tay cũng phải từ từ
Surprise,"gấu của thằng da đen ngon vkl , mà công nhận chạy nhanh vãi",gấu của thằng da đen ngon vãi cả lồn mà công nhận chạy nhanh vãi
Enjoyment,đag bị cuồng mấy video của chế này . ai có ngoài video này tag cho mình xem với nhé 😂😂,đang bị cuồng mấy video của chế này ai có ngoài video này tag cho mình xem với nhé 😂😂
Other,học rmit thì chắc chắn là gia phả nhà nó giàu vcd rồi . thế thì chọn thằng có tiền học bổng chứ còn gì nữa -)),học rmit thì chắc chắn là gia phả nhà nó giàu vcd rồi thế thì chọn thằng có tiền học bổng chứ còn gì nữa
Disgust,tại sao không áp dụng khoảng 2 điều 320 luật hình sự 2015 phạt tù từ 3 - 10 năm về tội hành nghề mê tín dị đoan gây ảnh hưởng xấu đến an ninh trật tự và an toàn xh mà chỉ phạt con mụ đó 5 triệu đồng ? hay là vong đòi phạt hành chính 5tr thôi 😬,tại sao không áp dụng khoảng 2 điều 320 luật hình sự 2015 phạt tù từ 3 10 năm về tội hành nghề mê tín dị đoan gây ảnh hưởng xấu đến an ninh trật tự và an toàn xh mà chỉ phạt con mụ đó 5 triệu đồng hay là vong đòi phạt hành chính 5tr thôi 😬
Other,per hình như nhà bác có 01 chiếc thì phải ?,per hình như nhà bác có 01 chiếc thì phải
Disgust,soi mà không đủ tiền mua thì soi làm gì,soi mà không đủ tiền mua thì soi làm gì
Other,làm sao tôi có thể yêu được loài người đây ???,làm sao tôi có thể yêu được loài người đây
Fear,trong nhà không biết có ai không nữa ? sập quả này sợ thật đấy,trong nhà không bt có ai không nữa sập quả này sợ thật đấy
Disgust,toàn lũ chó thèm khát,toàn lũ chó thèm khát
Other,per nhu cầu của mày khoái xem mấy video này nên tao tag mày,per nhu cầu của mày khoái xem mấy video này nên tao tag mày
Sadness,và cuối cùng là được đối xử như một thằng con trai luôn ..,và cuối cùng là được đối xử như một thằng con trai luôn
Disgust,chỉ tại nó không có ai để nói chuyện nên nói chuyện với mày giết thời gian thôi . ai bỉu mày tưởng tượng chi,chỉ tại nó không có ai để nói chuyện nên nói chuyện với mày giết thời gian thôi ai bỉu mày tưởng tượng chi
Surprise,sao nhiều thằng cưa bàn giống tao vậy ??,sao nhiều thằng cưa bàn giống tao vậy
Enjoyment,ngày trước mình qua singapore cũng vậy . dư hành lý 2 chi em mă ̣ c 4 bộ lên người kkk,ngày trước mình qua singapore cũng vậy dư hành lý 2 chi em mă ̣ c 4 bộ lên người không
Fear,tuổi lồn hù được bố m,tuổi lồn hù được bố mày
Enjoyment,per kìa 3 chị em vào mà hốt hàng về đi chứ hâha,per kìa 3 chị em vào mà hốt hàng về đi chứ hâha
Sadness,"ngày xưa có đĩa phim này . bố đi công tác về thấy cái đĩa tên là "" cô dâu 15 tuổi "" . má ăn chửi sấp mặt ...",ngày xưa có đĩa phim này bố đi công tác về thấy cái đĩa tên là cô dâu 15 tuổi má ăn chửi sấp mặt
Enjoyment,may mà còn gỡ lại được 1 miếng sắt lớn của tàu hỏa nó bung ra nên bán đi cũng đỡ được vài đồng . kaka,may mà còn gỡ lại được 1 miếng sắt lớn của tàu hỏa nó bung ra nên bán đi cũng đỡ được vài đồng kaka
Enjoyment,cười lộn ruột,cười lộn ruột
Other,chờ thằng kia lật mặt mãi không thấy,chờ thằng kia lật mặt mãi không thấy
Other,thật ra đàn ông ghen nhiều hơn phụ nữ đấy chứ,thật ra đàn ông ghen nhiều hơn phụ nữ đấy chứ
Enjoyment,rất có tố chất . liên đoàn xe đạp việt nam có thể liên hệ để đào tạo được đấy,rất có tố chất liên đoàn xe đạp việt nam có thể liên hệ để đào tạo được đấy
Enjoyment,nhắn với người yêu còn đéo nhẹ nhàng như vậy =)),nhắn với người yêu còn đéo nhẹ nhàng như vậy
Disgust,chơi khăm vãi thế ba,chơi khăm vãi thế ba
Sadness,tớ chỉ an ủi bạn í thôi mà :(,tớ chỉ an ủi bạn í thôi mà
Disgust,cha mẹ cho ta cả cuộc đời rồi còn than gì nữa,cha mẹ cho ta cả cuộc đời rồi còn than gì nữa
Disgust,alo ở đây có thằng điên mày à . đến bắt nó hộ tao phát,alo ở đây có thằng điên mày à đến bắt nó hộ tao phát
Enjoyment,thích bài này lắm lun . thuộc lun,thích bài này lắm lun thuộc lun
Enjoyment,nhìn mày thế kia đến tao còn thích ngủ cùng huống gì em mày,nhìn mày thế kia đến tao còn thích ngủ cùng huống gì em mày
Enjoyment,"per hihi học ở đâu không quan trọng , quan trọng là bọn mình luôn có nhau hihi",per hihi học ở đâu không quan trọng quan trọng là bọn mình luôn có nhau hihi
Other,lúc đi họp lớp thì đếu thấy ai,lúc đi họp lớp thì đếu thấy ai
Sadness,gặp em đúng lúc nhưng sao anh vẫn thấy mình cô đơn quá .,gặp em đúng lúc nhưng sao anh vẫn thấy mình cô đơn quá
Other,mua được bộ đồ cho tết điệu đà tán gái mà như thế nào đây thì tán sao được,mua được bộ đồ cho tết điệu đà tán gái mà như thế nào đây thì tán sao được
Other,chua cay bùi ngọt mặn cái chả có .,chua cay bùi ngọt mặn cái chả có
Enjoyment,nó lại dễ con ạ :v,nó lại dễ con ạ v
Surprise,chi tiết đẹp đấy,chi tiết đẹp đấy
Other,"đm đi học bị mấy con điên này đuổi cắn , dume vì nó mà tao sợ quá chạy té sấp mặt luôn trầy hết con mẹ nó tay chân . thứ dòng đỹ gì đâu á :))",địt mẹ đi học bị mấy con điên này đuổi cắn dume vì nó mà tao sợ quá chạy té sấp mặt luôn trầy hết con mẹ nó tay chân thứ dòng đỹ gì đâu á
Other,"bếp lò xô nấu bằng dầu hôi đây mà ,!",bếp lò xô nấu bằng dầu hôi đây mà
Fear,per dume đái trong quần,per dume đái trong quần
Disgust,"người ta dùng kiến lá , ông lại dùng kiến cứt thì thua ông rồi",người ta dùng kiến lá ông lại dùng kiến cứt thì thua ông rồi
Sadness,rớt giá kinh khủng khiếp huhu,rớt giá kinh khủng khiếp huhu
Enjoyment,mai đến phòng đi tập luôn,mai đến phòng đi tập luôn
Disgust,per bây giờ thì không nói nhưng mà cảm giác phủ nhận vai trò bà thảo ngày xưa . vl không chị đọc thấy viết khập khiễng quá :))),per bây giờ thì không nói nhưng mà cảm giác phủ nhận vai trò bà thảo ngày xưa vãi lồn không chị đọc thấy viết khập khiễng quá
Enjoyment,aw giống tao vậy =))) mấy thứ linh tinh tao còn để nguyên vào 1 cái hộp bự cơ,aw giống tao vậy mấy thứ linh tinh tao còn để nguyên vào 1 cái hộp bự cơ
Enjoyment,🤣🤣🤣🤣 bo tay chấm cơm . hahaha,🤣 bo tay chấm cơm hahaha
Other,giờ mới biết,giờ mới bt
Fear,cmt thế thôi chứ thật ra còn trả dám ấn vào video để xem . đời tao tởm nhất là lũ nhện mà hay gặp vãi :((((,bình luận thế thôi chứ thật ra còn trả dám ấn vào video để xem đời tao tởm nhất là lũ nhện mà hay gặp vãi
Anger,cái loại ngu si này nên nhốt nó tù chung thân lao động công ích cho nhà tù để giúp ích lại những cái nó đã phá hoại,cái loại ngu si này nên nhốt nó tù chung thân lao động công ích cho nhà tù để giúp ích lại những cái nó đã phá hoại
Anger,mẹ con điên,mẹ con điên
Enjoyment,tuyệt vời . aeon mall có khác,tuyệt vời aeon mall có khác
Disgust,loạn luân cũng được . đcm ạ,loạn luân cũng được địt cụ mày ạ
Sadness,tội cả con quá 😭😭 một lũ vô nhân tính đã hủy hoại những mầm non tương lai .,tội cả con quá 😭😭 một lũ vô nhân tính đã hủy hoại những mầm non tương lai
Enjoyment,là con bé con điên khùng và phiền vãi nhưng bạn vẫn yêu nó vãi chưởng :)))))),là con bé con điên khùng và phiền vãi nhưng bạn vẫn yêu nó vãi chưởng
Disgust,mịa thằng ghép nhạc :)))),mịa thằng ghép nhạc
Other,chợt nhớ câu hát ông bà anh yêu nhau thời chưa có xe hơi ...,chợt nhớ câu hát ông bà anh yêu nhau thời chưa có xe hơi
Disgust,thôi ctay đi chứ yêu con người như này chả chết vì bệnh mà chết vì vô tâm mất,thôi ctay đi chứ yêu con người như này chả chết vì bệnh mà chết vì vô tâm mất
Sadness,per người đừng hành hạ tuôi như thế nào nữa,per người đừng hành hạ tuôi như thế nào nữa
Enjoyment,lạc quan lên cưng ❤,lạc quan lên cưng ❤
Disgust,cách xử lý của cô chủ nhiệm quá tồi .,cách xử lý của cô chủ nhiệm quá tồi
Other,bọn chủ tịch đến chưa chúng mày ?,bọn chủ tịch đến chưa chúng mày
Other,giống tao nhưng tay trái tao có thẹo do mẹ tao xưa cắt trúng nên nhìn thẹo để phân biệt thôi chứ kêu phải ứng liền là không được,giống tao nhưng tay trái tao có thẹo do mẹ tao xưa cắt trúng nên nhìn thẹo để phân biệt thôi chứ kêu phải ứng liền là không được
Enjoyment,vào sg 50k / không cũng mua . 100k / không cũng mua ! ha ha,vào sg 50k không cũng mua 100k không cũng mua ha ha
Enjoyment,nó lại hợp lí vãi,nó lại hợp lí vãi
Disgust,"quỳ vậy thôi có gì mà phạt giáo viên nhỉ , riết phụ huynh giờ thấy làm quá đáng thiệt",quỳ vậy thôi có gì mà phạt giáo viên nhỉ riết phụ huynh giờ thấy làm quá đáng thiệt
Disgust,lớp tao tỉnh rụi . đi học chứ có phải đi chết đéo đâu mà khóc lóc :),lớp tao tỉnh rụi đi học chứ có phải đi chết đéo đâu mà khóc lóc
Enjoyment,ngày xưa mỗi lần tao làm ồn là ngoại tao liền la hoặc lấy roi đánh 😅 nhưng lúc đó vui lắm 😊,ngày xưa mỗi lần tao làm ồn là ngoại tao liền la hoặc lấy roi đánh 😅 nhưng lúc đó vui lắm 😊
Sadness,"em cũng đi lead này , nhưng đừng gọi em là ninja được không , xin luôn đấy",em cũng đi lead này nhưng đừng gọi em là ninja được không xin luôn đấy
Enjoyment,tự nhiên nhớ cái cảnh 2 con bánh bèo bị ngỗng dí quá 😅😅 per,tự nhiên nhớ cái cảnh 2 con bánh bèo bị ngỗng dí quá 😅😅 per
Fear,thề nhìn họ hôn nhau thôi mà nổi hết gai ốc . chưa dám nghĩ tới xxx . chắc thốn lắm . lạnh sống lưng thật .,thề nhìn họ hôn nhau thôi mà nổi hết gai ốc chưa dám nghĩ tới x chắc thốn lắm lạnh sống lưng thật
Enjoyment,dù s đi nữa thì mày vẫn xinh . cố lên,dù s đi nữa thì mày vẫn xinh cố lên
Enjoyment,sài gòn vẫn có cách sống rất nhân văn .,sài gòn vẫn có cách sống rất nhân văn
Disgust,đi ngoài đường trái phải còn không biết mà vẫn sống thì giỏi đấy nhỉ,đi ngoài đường trái phải còn không bt mà vẫn sống thì giỏi đấy nhỉ
Enjoyment,thật vi diệu,thật vi diệu
Other,nuôi sao mà trông béo tốt thế kia :v chỉ bí quyết đi,nuôi sao mà trông béo tốt thế kia v chỉ bí quyết đi
Disgust,agribank thì bình quân bao nhiêu nhỉ . mấy cán bộ agri thấy hách lắm .,agribank thì bình quân bao nhiêu nhỉ mấy cán bộ agri thấy hách lắm
Enjoyment,ly hôn kiểu này thì không cần tới bước cuối cùng . chỉ cần tới bước tính xem trả lại tiền mừng là tao bỏ ngay ý định ly hôn luôn rồi ... kkkk,ly hôn kiểu này thì không cần tới bước cuối cùng chỉ cần tới bước tính xem trả lại tiền mừng là tao bỏ ngay ý định ly hôn luôn rồi không
Anger,"nhìn mặt đã thấy hãm , mọi người chửi bỏ mẹ con mẹ phụ huynh đi",nhìn mặt đã thấy hãm mọi người chửi bỏ mẹ con mẹ phụ huynh đi
Sadness,mày không được ăn đồ chua nhưng phòng toàn xoài chua :(,mày không được ăn đồ chua nhưng phòng toàn xoài chua
Disgust,per bày đặt ngày hôm qua đã từng đồ,per bày đặt ngày hôm qua đã từng đồ
Enjoyment,sau khi bố xem video của con xong thì bố rút ra 1 điều . bố không chỉ chửi con lúc con cầm đũa mà bố sẽ chửi con cả ngày thân ái ... yêu con,sau khi bố xem video của con xong thì bố rút ra 1 điều bố không chỉ chửi con lúc con cầm đũa mà bố sẽ chửi con cả ngày thân ái yêu con
Sadness,có đứa nào hồi bé không biết nấu còn tranh làm rồi quên không đổ nước như tao không :))),có đứa nào hồi bé không bt nấu còn tranh làm rồi quên không đổ nước như tao không
Enjoyment,đỉnh của đỉnh 🙂,đỉnh của đỉnh 🙂
Other,các bác cứ tích cực vào . em chả quan tâm,các bác cứ tích cực vào em chả quan tâm
Disgust,ở việt nam mà vác dao rạch tại chỗ thể này người nhà nó chả đấm cho sưng mõm rồi 🌝,ở việt nam mà vác dao rạch tại chỗ thể này người nhà nó chả đấm cho sưng mõm rồi 🌝
Anger,"trung thu là ngày cho trẻ em chứ đéo phải ngày tạo ra trẻ em nhé . dume bọn có gấu tém tém lại , kiểm tra xem có thêm cái sừng nào không ?",trung thu là ngày cho trẻ em chứ đéo phải ngày tạo ra trẻ em nhé dume bọn có gấu tém tém lại kiểm tra xem có thêm cái sừng nào không
Other,per tao nghĩ nên triệt sản mày,per tao nghĩ nên triệt sản mày
Surprise,"rẻ nhỉ , sao có thể giảm tới mức đó vậy ta",rẻ nhỉ sao có thể giảm tới mức đó vậy ta
Enjoyment,"có rồi mà , nghén rồi nè hihi",có rồi mà nghén rồi nè hihi
Other,qtrong là mày phải có tiền chứ nghèo xem,qtrong là mày phải có tiền chứ nghèo xem
Sadness,anh đừng bỏ em đi mà 😢,anh đừng bỏ em đi mà 😢
Enjoyment,người ghép có tâm 😁😁,người ghép có tâm 😁😁
Other,per hôm nào chụp kiểu nhỉ .,per hôm nào chụp kiểu nhỉ
Sadness,"per bất hạnh vãi , mà tao với mày đéo tạo được niềm vui :v",per bất hạnh vãi mà tao với mày đéo tạo được niềm vui v
Disgust,gu âm nhạc óc chó mới nghr cái bài này . toàn đú theo mấy cái thể loại hãm,gu âm nhạc óc chó mới nghr cái bài này toàn đú theo mấy cái thể loại hãm
Other,mỗi năm cũng xem lại đôi lần,mỗi năm cũng xem lại đôi lần
Enjoyment,per cảm ơn mọi người . do em thích mấy cái văn hoá tưng vùng để tìm hiểu,per cảm ơn mọi người do em thích mấy cái văn hoá tưng vùng để tìm hiểu
Sadness,hu hu đã bị chụp,hu hu đã bị chụp
Disgust,con này bán kem bôi não ... xóa bỏ nếp nhăn .. khiến não láng mịn 😌😌😌😌,con này bán kem bôi não xóa bỏ nếp nhăn khiến não láng mịn 😌
Disgust,ngu không chịu được,ngu không chịu được
Sadness,per hồi ở tam kì hay nghe ... giờ nghe lại buồn ds,per hồi ở tam kì hay nghe giờ nghe lại buồn ds
Enjoyment,bạn gái nào xinh xinh mà bị lạc thì vào nhà mình cho ngủ nhờ này . ??,bạn gái nào xinh xinh mà bị lạc thì vào nhà mình cho ngủ nhờ này
Fear,huhu sợ vãi luôn á,huhu sợ vãi luôn á
Disgust,hỏng rồi . dùng đồ như phá,hỏng rồi dùng đồ như phá
Anger,"chỉ có bạo lực mới giải quyết được bạo lực , tao mà làm luật tao sẽ hạ tuổi người lớn là 13 tuổi , đem nó lao động khổ sai 10 năn",chỉ có bạo lực mới giải quyết được bạo lực tao mà làm luật tao sẽ hạ tuổi người lớn là 13 tuổi đem nó lao động khổ sai 10 năn
Sadness,tao nhiều tài lắm .. nhưng tài sản còn cái mạng què và đôi tay trắng 😭😭,tao nhiều tài lắm nhưng tài sản còn cái mạng què và đôi tay trắng 😭😭
Other,có ai bịt loa như tao không 😁,có ai bịt loa như tao không 😁
Other,"mấy thằng dẫn gấu đi thì tránh xa đám đông ra nhé , đừng chen đẩy kiểu bố láo , thằng đẩy tao đã bị xơi cùi trỏ rồi đấy ,",mấy thằng dẫn gấu đi thì tránh xa đám đông ra nhé đừng chen đẩy kiểu bố láo thằng đẩy tao đã bị xơi cùi trỏ rồi đấy
Other,nhìn là thấy nóng rồi,nhìn là thấy nóng rồi
Anger,"làm con người còn sức khoẻ , còn lành lặn mà vác mặt vào ăn cơm từ thiện thì chết con mẹ nó đi cho đỡ chật đất , cơm này dành cho những người không còn khả năng lao động , hoặc vô gia cư và hoàn cảnh quá khó khăn thôi",làm con người còn sức khoẻ còn lành lặn mà vác mặt vào ăn cơm từ thiện thì chết con mẹ nó đi cho đỡ chật đất cơm này dành cho những người không còn khả năng lao động hoặc vô gia cư và hoàn cảnh quá khó khăn thôi
Other,tự hỏi rằng những bạn nữ như thế nào thì họ có còn thích con trai không nhỉ 🤔,tự hỏi rằng những bạn nữ như thế nào thì họ có còn thích con trai không nhỉ 🤔
Enjoyment,cặp phụ lúc nào cũng đáng yêu .,cặp phụ lúc nào cũng đáng yêu
Sadness,pháp không còn khoảng thời gian bình yên nữa rồi,pháp không còn khoảng thời gian bình yên nữa rồi
Enjoyment,con ước mình cũng có 1 tình yêu đẹp như ông bà vậy < 3,con ước mình cũng có 1 tình yêu đẹp như ông bà vậy 3
Surprise,cô giáo là người nhà của mấy đứa đầu gấu à =))))),cô giáo là người nhà của mấy đứa đầu gấu à
Disgust,"tôi cũng thấy điêu điêu , nét chữ này của người lớn mà . chí ít cũng phải cấp 3 rồi .",tôi cũng thấy điêu điêu nét chữ này của người lớn mà chí ít cũng phải cấp 3 rồi
Anger,phải con tao tao cho cả lũ chó cụt tay hết !,phải con tao tao cho cả lũ chó cụt tay hết
Enjoyment,cưng chết,cưng chết
Other,con gái hiện giờ .. nấu kiểu này thì thôi xong ... cháy luôn cả nhà 😂,con gái hiện giờ nấu kiểu này thì thôi xong cháy luôn cả nhà 😂
Other,"per đường đi về anh ợ , ô tô chắn hết đg chả đi được ??",per đường đi về anh ợ ô tô chắn hết đang chả đi được
Disgust,ghê vậy,ghê vậy
Enjoyment,nếu không có khúc cua cuối thì video này ý nghĩa đó chớ 🤣🤣,nếu không có khúc cua cuối thì video này ý nghĩa đó chớ 🤣🤣
Enjoyment,dễ thương . cứ yêu đi ngại gì .,dễ thương cứ yêu đi ngại gì
Enjoyment,hay lắm :))),hay lắm
Sadness,dume con ế đọc tổn thương sâu con mẹ nó sắc :((,dume con ế đọc tổn thương sâu con mẹ nó sắc
Disgust,chắc ông này không có vợ :)),chắc ông này không có vợ
Enjoyment,coi phim này không .. dễ thương lắm ..,coi phim này không dễ thương lắm
Enjoyment,đúng vậy . haha,đúng vậy haha
Other,tại sao cứ đa số là trèo cột điện với mái nhà nhỉ . ai giải thích mình với ??,tại sao cứ đa số là trèo cột điện với mái nhà nhỉ ai giải thích mình với
Anger,lâu lắm rồi mà gio mới xử phạt,lâu lắm rồi mà gio mới xử phạt
Enjoyment,đáng yêu quá,đáng yêu quá
Enjoyment,tuần sau nữa mới học =))),tuần sau nữa mới học
Enjoyment,"per sợ chưa , ông bác hơi bị cứng nhé :))))",per sợ chưa ông bác hơi bị cứng nhé
Other,"phàm là việc đại sự trong thiên hạ , cứ về hỏi vợ . vợ bảo sao thì làm ngược lại . ắt thành công !!!",phàm là việc đại sự trong thiên hạ cứ về hỏi vợ vợ bảo sao thì làm ngược lại ắt thành công
Anger,bọn hại người không gươm không dao . bọn tiêu diệt nguồn lực tương lai của dân tộc . nên đưa tội thực phẩm bẩn vào khung tử hình đi . mong nhà nước thay đổi một số luật định đi .,bọn hại người không gươm không dao bọn tiêu diệt nguồn lực tương lai của dân tộc nên đưa tội thực phẩm bẩn vào khung tử hình đi mong nhà nước thay đổi một số luật định đi
Other,per bữa nào làm thử mày,per bữa nào làm thử mày
Other,cần 1 thời gian dài thật dài nữa thì ý thức mới đi lên được,cần 1 thời gian dài thật dài nữa thì ý thức mới đi lên được
Fear,"trên đường tao đi làm cũng có 2 con , mỗi lần chay tới là nó vương cổ ra như kiểu muốn hút tao trong khi tao không làm gì nó , cứ mỗi lần chạy tới là tao cách ly cả "" nghìn mét "" với nó , thấy nó sợ bỏ mẹ . đúng chất con ngang",trên đường tao đi làm cũng có 2 con mỗi lần chay tới là nó vương cổ ra như kiểu muốn hút tao trong khi tao không làm gì nó cứ mỗi lần chạy tới là tao cách ly cả nghìn mét với nó thấy nó sợ bỏ mẹ đúng chất con ngang
Other,đội nào cũng xứng đáng hơi tiếc cho per,đội nào cũng xứng đáng hơi tiếc cho per
Enjoyment,:))) có thật nhiều tiền là vui,có thật nhiều tiền là vui
Enjoyment,"anw , vote cho anh vũ",anw vote cho anh vũ
Enjoyment,ý là giọng quê tao đó hã,ý là giọng quê tao đó hã
Sadness,tao thì ngược lại .. cắt xong nhìn như thằng trốn trại vậy,tao thì ngược lại cắt xong nhìn như thằng trốn trại vậy
Enjoyment,chúc mừng cp . cố lên cp .,chúc mừng cp cố lên cp
Sadness,đáng tiếc đời không như là mơ . thực tế sẽ vả vào mặt cho mày tỉnh ra :(,đáng tiếc đời không như là mơ thực tế sẽ vả vào mặt cho mày tỉnh ra
Disgust,con cháu việt nam nhục nhã vãi,con cháu việt nam nhục nhã vãi
Sadness,những người thả phẫn nộ xứng đáng là thiên thần . dăm ba cái yêu đương vớ vẩn . ahuhuhu,những người thả phẫn nộ xứng đáng là thiên thần dăm ba cái yêu đương vớ vẩn ahuhuhu
Fear,cíu tao khỏi hai tên đồng nghiệp bị crazy huhu,cíu tao khỏi hai tên đồng nghiệp bị crazy huhu
Disgust,"thứ kém sang ngồi ăn ngay cạnh tao , có biết tao đang giảm cân không",thứ kém sang ngồi ăn ngay cạnh tao có bt tao đang giảm cân không
Sadness,"điều đó không quan trọng , quan trọng là đéo xác nhận lời mời kết bạn",điều đó không quan trọng quan trọng là đéo xác nhận lời mời kết bạn
Fear,rớt vô đây chắc chắc khóc tiếng thái lan,rớt vô đây chắc chắc khóc tiếng thái lan
Disgust,vì có mối ngon hơn chứ saoooo :(,vì có mối ngon hơn chứ sao
Other,per đó đi chơi nhiều dô hỏi sao da đen -.-,per đó đi chơi nhiều dô hỏi sao da đen
Sadness,t quá mệt mỏi với cuộc sống này rồi 😓,tao quá mệt mỏi với cuộc sống này rồi 😓
Sadness,"anh luôn nghĩ thế giới này không có gì đáng sợ , cho đến khi anh không còn thấy em nữa",anh luôn nghĩ thế giới này không có gì đáng sợ cho đến khi anh không còn thấy em nữa
Other,thế theo mấy bác lớp 5 thì viết chữ như thế nào ạ,thế theo mấy bác lớp 5 thì viết chữ như thế nào ạ
Fear,rồi mấy đứa chân ngắn đi chắc dập người hết . bay qua sao nổi =)))),rồi mấy đứa chân ngắn đi chắc dập người hết bay qua sao nổi
Enjoyment,"đi viện mà tưng tưng ăn uống được là tốt rồi , mừng mày sớm ra viện nhé cô",đi viện mà tưng tưng ăn uống được là tốt rồi mừng mày sớm ra viện nhé cô
Enjoyment,mấy chị làm chung rất ư là dễ thương luôn,mấy chị làm chung rất ư là dễ thương luôn
Enjoyment,em nó đây nha các bác . kkkkk :))))),em nó đây nha các bác không
Disgust,gớm . vi khuẩn vi rút vi trùng vi lung tung beng nấp hết trong đó nhìn nổi da gà .,gớm vi khuẩn vi rút vi trùng vi lung tung beng nấp hết trong đó nhìn nổi da gà
Disgust,xây làm tưởng xây cái chỗ ỉa chứ,xây làm tưởng xây cái chỗ ỉa chứ
Surprise,không hiểu tại sao bản thân có thể chịu đựng được,không hiểu tại sao bản thân có thể chịu đựng được
Fear,ghê quá đi,ghê quá đi
Anger,đem con bọn mày đến đây tao cho ăn cơm mốc rồi cảnh cáo tao rút kinh nghiệm thôi nha,đem con bọn mày đến đây tao cho ăn cơm mốc rồi cảnh cáo tao rút kinh nghiệm thôi nha
Sadness,tao không tin đâu hiccc =(((,tao không tin đâu hic
Sadness,tao cũng hao mòn nhan sắc như này,tao cũng hao mòn nhan sắc như này
Enjoyment,thằng nhỏ mạnh vãi,thằng nhỏ mạnh vãi
Other,lại là bài nhạc huyền thoại trong xe hơi :3,lại là bài nhạc huyền thoại trong xe hơi 3
Enjoyment,mình thì # mình chỉ mong chồng tốt thương yêu vợ con gia đình ! gia đình lúc nào cũng vui vẻ hạnh phúc thì ngày nào cũng là ngày ( tình yêu ),mình thì mình chỉ mong chồng tốt thương yêu vợ con gia đình gia đình lúc nào cũng vui vẻ hạnh phúc thì ngày nào cũng là ngày tình yêu
Enjoyment,kiểu lâu lâu cũng không được nhắn tin cho ai như thế nên cũng muốn tình cảm xíu =)))) biết đâu,kiểu lâu lâu cũng không được nhắn tin cho ai như thế nên cũng muốn tình cảm xíu bt đâu
Disgust,nó quan tâm mày là lúc nó cô đơn quá và mày vô tình đi ngang đời nó thôi,nó quan tâm mày là lúc nó cô đơn quá và mày vô tình đi ngang đời nó thôi
Enjoyment,per nhớ ghê á nha 😂,per nhớ ghê á nha 😂
Enjoyment,nơi ấy giữ lại những kí ức tuyệt vời,nơi ấy giữ lại những kí ức tuyệt vời
Anger,mày xây luôn đi chắn biển cho tao . xây xomg muốn viết lồn gì thì viết,mày xây luôn đi chắn biển cho tao xây xomg muốn viết lồn gì thì viết
Disgust,vậy mà trên đời có 1 loại cha vứt bỏ con mình .,vậy mà trên đời có 1 loại cha vứt bỏ con mình
Sadness,chia buồn cùng nước pháp,chia buồn cùng nước pháp
Disgust,ma thì làm sao đáng sợ bằng vợ hả người anh em thiện lành ??????,ma thì làm sao đáng sợ bằng vợ hả người anh em thiện lành
Enjoyment,quá tuyệt vời rồi các chàng traiiii,quá tuyệt vời rồi các chàng trai
Disgust,ngây thơ vãi =)),ngây thơ vãi
Disgust,t chỉ có 1 năm thôi cũng phát ngán lên được . đúng là không đi làm ở nhà mang danh kẻ ăn bám,tao chỉ có 1 năm thôi cũng phát ngán lên được đúng là không đi làm ở nhà mang danh kẻ ăn bám
Sadness,đoạn cuối hình như nó khóc,đoạn cuối hình như nó khóc
Other,đừng bao giờ chơi trò giận dỗi với lũ con gái :)),đừng bao giờ chơi trò giận dỗi với lũ con gái
Sadness,"per như một cú tát vào mặt , đau lòng quá đi",per như một cú tát vào mặt đau lòng quá đi
Sadness,địt mẹ vừa đi ép lại kính xong giờ tan con mẹ nó cái kính rồi 200k của bà mày đấyyyyy !!!!!,địt mẹ vừa đi ép lại kính xong giờ tan con mẹ nó cái kính rồi 200k của bà mày đấy
Other,"trừ khi đường có biển cấm dừng đỗ thì mới không được đỗ , còn có phải phố nào cũng kẻ ô cho ô tô đỗ đâu",trừ khi đường có biển cấm dừng đỗ thì mới không được đỗ còn có phải phố nào cũng kẻ ô cho ô tô đỗ đâu
Anger,dume mệt mỏi thật sự,dume mệt mỏi thật sự
Enjoyment,cũng có nơi gia đình khá giả mới có nó !,cũng có nơi gia đình khá giả mới có nó
Other,bởi đi mua cái gì cũng phải chọn chỗ uy tín,bởi đi mua cái gì cũng phải chọn chỗ uy tín
Enjoyment,"chơi game :v cấp 2 trộm tiền bố mẹ đốt gần 10tr vào game , cuối áy náy không chơi nữa nên ngồi bán nick được khoảng 2tr cũng gọi là thu nhập đầu tiên :v",chơi game v cấp 2 trộm tiền bố mẹ đốt gần 10tr vào game cuối áy náy không chơi nữa nên ngồi bán nick được khoảng 2tr cũng gọi là thu nhập đầu tiên v
Disgust,per bây giờ thì không nói nhưng mà cảm giác phủ nhận vai trò bà thảo ngày xưa . vl không chị đọc thấy viết khập khiễng quá :))),per bây giờ thì không nói nhưng mà cảm giác phủ nhận vai trò bà thảo ngày xưa vãi lồn không chị đọc thấy viết khập khiễng quá
Disgust,tôi đang ngủ mà ai cứ ăn chóp chép kế bên khó chịu thật !!!,tôi đang ngủ mà ai cứ ăn chóp chép kế bên khó chịu thật
Surprise,sao đi cắt tóc mà mắt nó từ đen sang xanh luôn vậy ?,sao đi cắt tóc mà mắt nó từ đen sang xanh luôn vậy
Anger,"ở mình bà đéo ông đéo nào cũng muốn dậy đưa giỏi , đứa ngu hay nghịch tý là ông bà ý làm ầm lên .",ở mình bà đéo ông đéo nào cũng muốn dậy đưa giỏi đứa ngu hay nghịch tý là ông bà ý làm ầm lên
Sadness,đã biết là thế nhưng không còn cách nào khác :(,đã bt là thế nhưng không còn cách nào khác
Disgust,đống góp ý kiến gì mà tằm với tàu không hà,đống góp ý kiến gì mà tằm với tàu không hà
Sadness,mua con lợn 5 chục lì xì được có 40 nghìn mất thời gian tốn cả tiền bạc 😂,mua con lợn 5 chục lì xì được có 40 nghìn mất thời gian tốn cả tiền bạc 😂
Enjoyment,"nhớ lại ngày đó , làm pg bán giấy , cười suốt ngày , khách chửi cũng cười , mà nhớ thời đó ghê , mới 1 , 2 năm chứ mấy",nhớ lại ngày đó làm pg bán giấy cười suốt ngày khách chửi cũng cười mà nhớ thời đó ghê mới 1 2 năm chứ mấy
Disgust,người ta đá hay bảo ăn đòn thằng admin ngu lol,người ta đá hay bảo ăn đòn thằng admin ngu lol
Other,8h sáng mấy bạn đi ngủ chưa ? sống theo giờ sao hoả hả má,8h sáng mấy bạn đi ngủ chưa sống theo giờ sao hoả hả má
Sadness,chỉ tại tôi không nói nên không còn cơ hội,chỉ tại tôi không nói nên không còn cơ hội
Enjoyment,cái mặt xinh quá,cái mặt xinh quá
Fear,"đang tính đi nhổ răng khôn ( à quên , nó ngu chứ khôn đéo gì ..) nghe được cảnh báo này chắc không dám đi nhổ luôn .",đang tính đi nhổ răng khôn à quên nó ngu chứ khôn đéo gì nghe được cảnh báo này chắc không dám đi nhổ luôn
Sadness,nắng cũng đã sắp tàn sao mà chả thấy em đâu ...,nắng cũng đã sắp tàn sao mà chả thấy em đâu
Other,ai mua thì bán không mua thì thâu 😂,ai mua thì bán không mua thì thâu 😂
Enjoyment,per đã nhẫn nhịn lắm ... đến khi con sen tao cứu tao thì tao đách có sợ đâu nhaaaaaaaa 😂😂😂,per đã nhẫn nhịn lắm đến khi con sen tao cứu tao thì tao đách có sợ đâu nha 😂
Enjoyment,"chời ơi , bé gái cưng muốn xỉu . bạn nữ nào kết hợp sx em bé hơm ?????????????? :))))",chời ơi bé gái cưng muốn xỉu bạn nữ nào kết hợp sx em bé hơm
Enjoyment,bài học rút ra là học cách buông bỏ những thứ không thuộc về mình,bài học rút ra là học cách buông bỏ những thứ không thuộc về mình
Anger,per cách gì thì kệ mẹ tao,per cách gì thì kệ mẹ tao
Surprise,"công nhận ổng nói tiếng việt giỏi ghê lun ,",công nhận ổng nói tiếng việt giỏi ghê lun
Other,per đừng hỏi tao nữa,per đừng hỏi tao nữa
Enjoyment,được bác ạ !! cứ lấy vợ giàu là được tuốt =))),được bác ạ cứ lấy vợ giàu là được tuốt
Enjoyment,cuộc sống mà =)),cuộc sống mà
Anger,page rẻ rách đĩ mẹ tao bỏ theo dõi súc sinh cận bả xã hội dcm 18 đời nhà mày :),page rẻ rách đĩ mẹ tao bỏ theo dõi súc sinh cận bả xã hội địt cụ mày 18 đời nhà mày
Other,bếp dầu chủ cái gì nữa,bếp dầu chủ cái gì nữa
Anger,per mở mắt ra đọc đi ! tao như này tất cả là do mày đấy chó ạ !,per mở mắt ra đọc đi tao như này tất cả là do mày đấy chó ạ
Anger,mợ không gọi công an phường đến cẩu đi .,mợ không gọi công an phường đến cẩu đi
Surprise,ngã sấp mặt lồn là có thật,ngã sấp mặt lồn là có thật
Other,do mày để gián ngay cửa nó không dám vào nên khóc thôi,do mày để gián ngay cửa nó không dám vào nên khóc thôi
Disgust,đồ phá hoại,đồ phá hoại
Other,per xem câu chuyện hư cấu này giết thời gian này 👏,per xem câu chuyện hư cấu này giết thời gian này 👏
Sadness,buồn hơn khi tôi còn là gái 🙄,buồn hơn khi tôi còn là gái 🙄
Disgust,phim như shits ức chế như lien quan trẻ trâu,phim như shits ức chế như lien quan trẻ trâu
Enjoyment,per bữa cuối nó ngồi chỗ đó nhìn mà khóc còn cuối khoá thì bth haha,per bữa cuối nó ngồi chỗ đó nhìn mà khóc còn cuối khoá thì bình thường haha
Enjoyment,dume cười vãi luôn trời :)))),dume cười vãi luôn trời
Enjoyment,ở chỗ khác chắc gì có đứa béo như mình !,ở chỗ khác chắc gì có đứa béo như mình
Disgust,per đừng ảo tưởng nhé,per đừng ảo tưởng nhé
Sadness,thật sự đọc xong thấy hơi rưng rưng,thật sự đọc xong thấy hơi rưng rưng
Other,bọn mấy bà thì quyền lực vãi rồi,bọn mấy bà thì quyền lực vãi rồi
Enjoyment,"sướng nhờ , bên trung chúng nó yêu nhau toàn sống chung . 😂😂😂 toàn richkid :>",sướng nhờ bên trung chúng nó yêu nhau toàn sống chung 😂 toàn richkid
Fear,đứng dưới cây này chỉ sợ ngột vì mùi hoa sữa 😂😂😂,đứng dưới cây này chỉ sợ ngột vì mùi hoa sữa 😂
Surprise,ngôn ngữ gì ngộ nghĩnh vậy,ngôn ngữ gì ngộ nghĩnh vậy
Surprise,ở free được lun hả 😮,ở free được lun hả 😮
Other,có ai thấy giống người đẹp 9p không ?,có ai thấy giống người đẹp 9p không
Disgust,em ghét nhất loại này . dính vào điểm mù của xe to thì ăn cức cụ ạ .,em ghét nhất loại này dính vào điểm mù của xe to thì ăn cức cụ ạ
Sadness,"buồn cho những ai thờ ơ , vô cảm trước một sự việc như thế .",buồn cho những ai thờ ơ vô cảm trước một sự việc như thế
Enjoyment,"aaaaa con nhện 😨 "" aaaaaaa con ế !"" - nhện said 😂😂😂",a con nhện 😨 a con ế nhện said 😂
Enjoyment,"hahaa , đợi em ngủ chút tí ròii buôn :))",hahaa đợi em ngủ chút tí ròii buôn
Disgust,móe mình chưa gặp cảnh này chỉ có dọn bánh kem bọn ném nhau dính lên mọi thứ hòa với bãi nôn thôi 😱😱😱,móe mình chưa gặp cảnh này chỉ có dọn bánh kem bọn ném nhau dính lên mọi thứ hòa với bãi nôn thôi 😱
Sadness,nhớ con gái tao quá :((((,nhớ con gái tao quá
Enjoyment,minh tu nguyen thuận phạm quan trọng đồng nghiệp có hợp phong thuỷ với mình hay không hâhhah,minh tu nguyen thuận phạm quan trọng đồng nghiệp có hợp phong thuỷ với mình hay không hâhhah
Sadness,tuổi thơ cũng từng trải qua nhiều lời cay nghiệt hơn vậy .. nên c hiểu được cảm giác của em ..,tuổi thơ cũng từng trải qua nhiều lời cay nghiệt hơn vậy nên c hiểu được cảm giác của em
Fear,sợ vãi tè ăn độc 2 quả mọc luôn 2 cái nhọt ở mông đíu hỉu,sợ vãi tè ăn độc 2 quả mọc luôn 2 cái nhọt ở mông đíu hỉu
Enjoyment,"per một thời mình ở bên nhau 😘😘😘😘, nhớ ghê",per một thời mình ở bên nhau 😘 nhớ ghê
Anger,chỉ vì tin “ nó không cắn đâu ” mà tao đã bị “ nó ” cắn 2 lần rồi . dume,chỉ vì tin “ nó không cắn đâu ” mà tao đã bị “ nó ” cắn 2 lần rồi dume
Sadness,hi vọng hòa bình ở triều tiên sẽ không còn xa nữa . goodbye ! # per,hi vọng hòa bình ở triều tiên sẽ không còn xa nữa goodbye per
Sadness,"cái đáng nói là chủ không có thương , dòm em husky này ốm nhom , mắt lờ đờ thấy tội lắm",cái đáng nói là chủ không có thương dòm em husky này ốm nhom mắt lờ đờ thấy tội lắm
Enjoyment,thằng nào chưa bước vào quán bar hay karaoke giống tao không 😂 trai ngoan điểm danh 😄,thằng nào chưa bước vào quán bar hay karaoke giống tao không 😂 trai ngoan điểm danh 😄
Enjoyment,xinh mà còn ngáo nữa thì người yêu mới cưng =)),xinh mà còn ngáo nữa thì người yêu mới cưng
Disgust,mình đéo làm nhé bạn .,mình đéo làm nhé bạn
Enjoyment,"ai thì tao không biết , chứ tao thấy tiền là đã có động lực phấn đấu rồi",ai thì tao không bt chứ tao thấy tiền là đã có động lực phấn đấu rồi
Sadness,":)))) cuộc sống mà . ngày càng thấy bản thân quá nhạt và "" duyên "" :v",cuộc sống mà ngày càng thấy bản thân quá nhạt và duyên v
Enjoyment,"moá nó , cười đau hết cả ruột",moá nó cười đau hết cả ruột
Surprise,sao con này mồm nó cứ rộng toang toác ra như thế nhỉ ?,sao con này mồm nó cứ rộng toang toác ra như thế nhỉ
Enjoyment,ý tưởng hay đáy chứ,ý tưởng hay đáy chứ
Enjoyment,có thằng nào mắc cười không hay là do tao đéo có cảm xúc vậy vkl,có thằng nào mắc cười không hay là do tao đéo có cảm xúc vậy vãi cả lồn
Sadness,lại là án oan sai 😔😔😔,lại là án oan sai 😔
Disgust,yêu như trẻ con tập yêu ây .. có cái chúc sinh nhật mà nháo nhào lên cãi nhau,yêu như trẻ con tập yêu ây có cái chúc sinh nhật mà nháo nhào lên cãi nhau
Enjoyment,tao quen rồi 😌,tao quen rồi 😌
Other,có ai vào đọc bình luận trước khi xem như tao không ???,có ai vào đọc bình luận trước khi xem như tao không
Enjoyment,tình yêu không bao giờ là mãi mãi . rồi cây cũng chết héo mà thôi khà khà,tình yêu không bao giờ là mãi mãi rồi cây cũng chết héo mà thôi khà khà
Anger,"đúng là những đứa khốn nạn , có bán hàng hay không thì nói một câu",đúng là những đứa khốn nạn có bán hàng hay không thì nói một câu
Other,đéo tin gì cả 😑,đéo tin gì cả 😑
Sadness,xem mà cuối phim thấy tội chị ma nữ 😂,xem mà cuối phim thấy tội chị ma nữ 😂
Sadness,thương các con quá đi,thương các con quá đi
Enjoyment,trung thu là tết thiếu nhi cớ sao người lớn lại vi vu thế nhỉ,trung thu là tết thiếu nhi cớ sao người lớn lại vi vu thế nhỉ
Disgust,thời buổi bây giờ càng nhiều tiền thì cơ hội có việc làm sẽ cao hơn,thời buổi bây giờ càng nhiều tiền thì cơ hội có việc làm sẽ cao hơn
Enjoyment,per xem đi haha,per xem đi haha
Enjoyment,per em hiểu sao anh đưa em quyển sổ rồi nha kkk,per em hiểu sao anh đưa em quyển sổ rồi nha không
Other,em per gì gì đang hot đi làm lại ngực mà đi đoạn đường này thì ngải cứu :)),em per gì gì đang hot đi làm lại ngực mà đi đoạn đường này thì ngải cứu
Disgust,quả quần tụt tận lỗ đít . đéo hiểu sao n có người yêu,quả quần tụt tận lỗ đít đéo hiểu sao n có người yêu
Other,"cái này dùng con kiến to to mới có vị chua , còn cái loại kiến này làm màu không tác dụng gì",cái này dùng con kiến to to mới có vị chua còn cái loại kiến này làm màu không tác dụng gì
Disgust,trông đen đen bẩn bẩn nhìn phát khiếp,trông đen đen bẩn bẩn nhìn phát khiếp
Sadness,đó là 1 câu chuyện buồn,đó là 1 câu chuyện buồn
Fear,"con quỷ này hồi nhỏ tao khóc vì nó hoài , thấy nó không dám đi , bỏ đường phải vòng đường khác ,",con quỷ này hồi nhỏ tao khóc vì nó hoài thấy nó không dám đi bỏ đường phải vòng đường khác
Enjoyment,phải chi có người yêu nhắn tin ngọt ngào như này,phải chi có người yêu nhắn tin ngọt ngào như này
Disgust,nhìn mặt bé mèo khó ở ghê - _ -,nhìn mặt bé mèo khó ở ghê
Sadness,tao cũng có 1 con đi lạc 1 tuần xong nó về bắt cho tao 2 con chuột làm tao mất ngủ xong hôm sau nó đi tiếp 😞 tao mong nó về lắm 😞,tao cũng có 1 con đi lạc 1 tuần xong nó về bắt cho tao 2 con chuột làm tao mất ngủ xong hôm sau nó đi tiếp 😞 tao mong nó về lắm 😞
Disgust,ác quá,ác quá
Enjoyment,lâu lâu được nghe truyện cổ tích thấy còn niềm tin vào cuộc sống 🤣🤣,lâu lâu được nghe truyện cổ tích thấy còn niềm tin vào cuộc sống 🤣🤣
Enjoyment,tao lại thích chua lè chua loét chứ :))),tao lại thích chua lè chua loét chứ
Surprise,nó ảnh hưởng tới cơ thể như thế nào vậy ạ ?,nó ảnh hưởng tới cơ thể như thế nào vậy ạ
Enjoyment,chúng ta thật hạnh phúc và luôn đi chung với nhau suốt chặn đường dài rồi đó nà ?,chúng ta thật hạnh phúc và luôn đi chung với nhau suốt chặn đường dài rồi đó nà
Other,như nó không phải là tình yêu . khi đã là tình yêu thì không gì đánh đổi nó cả . con gái kỳ lạ chỗ đó .,như nó không phải là tình yêu khi đã là tình yêu thì không gì đánh đổi nó cả con gái kỳ lạ chỗ đó
Enjoyment,t thấy dễ mà . không biết thì học khác biết . ez vãi,tao thấy dễ mà không bt thì học khác bt ez vãi
Disgust,"nếu không làm được thì nghỉ đi để người khác làm . đừng để vì mình mà làm ảnh hưởng đến uy tín , danh dự , nhân phẩm của chị em trong ngành . 😌",nếu không làm được thì nghỉ đi để người khác làm đừng để vì mình mà làm ảnh hưởng đến uy tín danh dự nhân phẩm của chị em trong ngành 😌
Disgust,"gia đình bọn này chắc cũng chả ra cái gì con cái mới thế , tội em gái bị đánh",gia đình bọn này chắc cũng chả ra cái gì con cái mới thế tội em gái bị đánh
Enjoyment,ôi cưng cưng quá,ôi cưng cưng quá
Disgust,dme thần đèn ăn theo tổng đài vtc à,dme thần đèn ăn theo tổng đài vtc à
Enjoyment,"đã dùng , nhớ quá ngày xưa",đã dùng nhớ quá ngày xưa
Enjoyment,đơn giản 🙂,đơn giản 🙂
Sadness,rủ được crush đi thì không cần qua đây nữa rồi admin ưiiii :(((,rủ được người mình thích đi thì không cần qua đây nữa rồi admin ưi
Fear,tình cờ gặp nó và đột nhiên cắm mặt bỏ chạy như điên,tình cờ gặp nó và đột nhiên cắm mặt bỏ chạy như điên
Fear,vl bố tao đang ở đây mà chắc sáng mai mới về mất ??,vãi lồn bố tao đang ở đây mà chắc sáng mai mới về mất
Sadness,căng thẳg quá mà,căng thẳg quá mà
Fear,"hồi bé đi mua xôi bị một đàn ngỗng đuổi 🙂 may mình đi xe đạp không thì ăn lol ** với chúng nó , cái thứ mất dậy 🙎🏻‍♀️🙎🏻‍♀️🙎🏻‍♀️",hồi bé đi mua xôi bị một đàn ngỗng đuổi 🙂 may mình đi xe đạp không thì ăn lol với chúng nó cái thứ mất dậy 🙎🏻‍♀️🙎🏻‍♀️🙎🏻‍♀️
Other,hồi năm lớp 8 lớp tao bị quỳ trước sân trường đây nguyên lớp luôn,hồi năm lớp 8 lớp tao bị quỳ trước sân trường đây nguyên lớp luôn
Enjoyment,chân thành và giản dị . con yêu mến tình cảm của 2 cụ,chân thành và giản dị con yêu mến tình cảm của 2 cụ
Other,cố gắng lên cụ nhé !!❤,cố gắng lên cụ nhé ❤
Anger,nhốt hết mấy thành phần hát karaoke đấy vào sọt đi trời,nhốt hết mấy thành phần hát karaoke đấy vào sọt đi trời
Enjoyment,"có tài nhưng đôi lúc muốn làm diễn viên hài 🤣🤣🤣, khoái thanh niên này buồn cười vkl",có tài nhưng đôi lúc muốn làm diễn viên hài 🤣 khoái thanh niên này buồn cười vãi cả lồn
Other,cuộc sống đổi thay làm lòng người thay đổi . hiểu vậy cho nó vuông,cuộc sống đổi thay làm lòng người thay đổi hiểu vậy cho nó vuông
Other,chung quy là hình thức quảng cáo !!!,chung quy là hình thức quảng cáo
Other,sao lại có chuyện vô lý như vậy được chứ 😠. rồi bé nhỏ sẽ như thế nào khi chứng kiến bố nó bị đâm ngay trước mặt nó . nghĩ đã không dám nghĩ tới rồi thấy thương bé quá .,sao lại có chuyện vô lý như vậy được chứ 😠 rồi bé nhỏ sẽ như thế nào khi chứng kiến bố nó bị đâm ngay trước mặt nó nghĩ đã không dám nghĩ tới rồi thấy thương bé quá
Enjoyment,trông anh thần thái vãi :v,trông anh thần thái vãi v
Other,khi bạn thật lòng với ai đó . nhưng người ta coi bạn như 1 trò đùa,khi bạn thật lòng với ai đó nhưng người ta coi bạn như 1 trò đùa
Enjoyment,giống ml em tao hồi n nhỏ vãi . muốn ngủ với mẹ nhưng bị tao nịnh nọt bắt lên ngủ với tao :)),giống ml em tao hồi n nhỏ vãi muốn ngủ với mẹ nhưng bị tao nịnh nọt bắt lên ngủ với tao
Anger,đụ con đĩ mẹ hôm nọ đang ngủ thằng lol nào hét ầm ầm . mày về nà hét cha hét mẹ mày chớ ngủ không yên,đụ con đĩ mẹ hôm nọ đang ngủ thằng lol nào hét ầm ầm mày về nà hét cha hét mẹ mày chớ ngủ không yên
Other,có tất cả các vị mày niếm được,có tất cả các vị mày niếm được
Disgust,cắt tóc rồi mặt như con heo,cắt tóc rồi mặt như con heo
Sadness,"bây giờ con đã sai vì đã chưa làm gì được cho cha , con thật sự xin lỗi cha và mẹ ,",bây giờ con đã sai vì đã chưa làm gì được cho cha con thật sự xin lỗi cha và mẹ
Sadness,không thấy không biết lòng không đau,không thấy không bt lòng không đau
Enjoyment,tán gái hay vãi,tán gái hay vãi
Disgust,nhìn ghê vãi . ai nuôi mà ác thế,nhìn ghê vãi ai nuôi mà ác thế
Other,"đúng . làm gì không quan trọng , quan trọng là bạn làm điều đó với ai",đúng làm gì không quan trọng quan trọng là bạn làm điều đó với ai
Enjoyment,"xời tưởng gì , cái này tao làm được =)))",xời tưởng gì cái này tao làm được
Other,thôi tốt nhất là chịu thua đi . thắng hay thua cũng đâu có được gì .,thôi tốt nhất là chịu thua đi thắng hay thua cũng đâu có được gì
Enjoyment,giao lưu tí không . tự bấm chứ không mua =))),giao lưu tí không tự bấm chứ không mua
Surprise,thằng nào quảng cáo xe vãi thế,thằng nào quảng cáo xe vãi thế
Sadness,đấy mới là điều càn đó . huhu,đấy mới là điều càn đó huhu
Enjoyment,hạnh phúc là đây chứ đâu =))),hạnh phúc là đây chứ đâu
Other,đó cũng là cái cốt lõi cái then chốt thúc đẩy ông phát tiển sách lược của mình bằng cái tâm và cái tầm .,đó cũng là cái cốt lõi cái then chốt thúc đẩy ông phát tiển sách lược của mình bằng cái tâm và cái tầm
Fear,môn này đéo dành cho những người chân ngắn như tao :) bay qua chắc lọt mẹ xuống sông ^^,môn này đéo dành cho những người chân ngắn như tao bay qua chắc lọt mẹ xuống sông
Enjoyment,xem đi xem lại vẫn hay ;)))))),xem đi xem lại vẫn hay
Enjoyment,per ông cháu không nè kkk,per ông cháu không nè không
Sadness,có hôm tao đang vương nỏ tính bắn vào con họa mi đang đậu trên cành thì ai ngờ nó phản đame đứt thun dội ngược vào mặt từ đó tao không còn chơi nữa,có hôm tao đang vương nỏ tính bắn vào con họa mi đang đậu trên cành thì ai ngờ nó phản đame đứt thun dội ngược vào mặt từ đó tao không còn chơi nữa
Enjoyment,cưng xỉu ~~??,cưng xỉu
Other,đằng nào thì điều hòa vẫn bật mà .,đằng nào thì điều hòa vẫn bật mà
Sadness,:))) mình sướng mà mình không biết hưởng nhìn lại những mảnh đời bất hạnh mình nguối mặt thẹn gấp 100 lần,mình sướng mà mình không bt hưởng nhìn lại những mảnh đời bất hạnh mình nguối mặt thẹn gấp 100 lần
Sadness,per đến con nít chúng ta cũng không bằng là sao ......... tuổi thơ và tuổi thanh xuân nợ chúng ta quá nhiều thứ rồi 😭😭😭😭,per đến con nít chúng ta cũng không bằng là sao tuổi thơ và tuổi thanh xuân nợ chúng ta quá nhiều thứ rồi 😭
Enjoyment,"đấy , chỉ có sale như tao mới tốt thôi , tao không bao giờ hỏi về nỗi đau của khách hàng : x",đấy chỉ có sale như tao mới tốt thôi tao không bao giờ hỏi về nỗi đau của khách hàng x
Disgust,kinh dị thật nhìn ngu vãi,kinh dị thật nhìn ngu vãi
Enjoyment,con bé xinh ghê,con bé xinh ghê
Enjoyment,kaka cái mặt bà kìa,kaka cái mặt bà kìa
Anger,lâu lâu tự nhiên ghen mặc dù đéo là gì của nhau 🙃🙃🙃,lâu lâu tự nhiên ghen mặc dù đéo là gì của nhau 🙃
Other,per tự nhiên thấy mình hơi thất đức,per tự nhiên thấy mình hơi thất đức
Fear,tưởng tượng mà dưới sông có cá sấu nữa chắc hết dám đi,tưởng tượng mà dưới sông có cá sấu nữa chắc hết dám đi
Other,cần xem cái kết của bọn này,cần xem cái kết của bọn này
Fear,quá nguy hiểm,quá nguy hiểm
Sadness,maii ban thanh nhung nhớ cái này không hic 😭😭😭😭😭,maii ban thanh nhung nhớ cái này không hic 😭
Other,hoàng thượng mặc áo đầu lâu mới sợ chứ,hoàng thượng mặc áo đầu lâu mới sợ chứ
Other,tao chả bao giờ làm thế,tao chả bao giờ làm thế
Anger,dume thằng mất dạy !,dume thằng mất dạy
Enjoyment,chưa bao giờ còn yêu nhiều hơn thế 😍😍 bởi cha mẹ cho tôi tất cả,chưa bao giờ còn yêu nhiều hơn thế 😍😍 bởi cha mẹ cho tôi tất cả
Disgust,cuốn sổ vô dụng nhất mà tôi từng biết . ơn giời nó không còn nữa,cuốn sổ vô dụng nhất mà tôi từng bt ơn giời nó không còn nữa
Disgust,có những người như chủ thớt bảo sao đất nước không phát triển,có những người như chủ thớt bảo sao đất nước không phát triển
Fear,má lỡ té xuống 1 cái tao nói lên tắm 8 năm cũng đéo sạch nữa,má lỡ té xuống 1 cái tao nói lên tắm 8 năm cũng đéo sạch nữa
Disgust,tao khuyên bọn mày đừng dắt bọn con gái theo . nó bắt bọn mày cõng nhảy qua đấy :))),tao khuyên bọn mày đừng dắt bọn con gái theo nó bắt bọn mày cõng nhảy qua đấy
Disgust,"bệnh quá , xấu mặt người dân 1 vùng quê đồng bằng bắc bộ",bệnh quá xấu mặt người dân 1 vùng quê đồng bằng bắc bộ
Enjoyment,hai bác học nghiêm túc ghê :))),hai bác học nghiêm túc ghê
Disgust,không thấy hay ho gì cả,không thấy hay ho gì cả
Anger,bóp dái thật mạnh xem còn dám sàm sỡ không,bóp dái thật mạnh xem còn dám sàm sỡ không
Sadness,mấy đứa chân ngắn qua sao,mấy đứa chân ngắn qua sao
Disgust,ôi vãi nhìn ảnh giật mình đám nghiệt súc cười nhé răng !!!!!! đhs ... 😞 đẻ ra đau bết cả lồn,ôi vãi nhìn ảnh giật mình đám nghiệt súc cười nhé răng đhs 😞 đẻ ra đau bết cả lồn
Other,bác nói vậy thì tao cũng quì,bác nói vậy thì tao cũng quì
Disgust,cứ thải trực tiếp ra sông thì có xử lý công nghệ mặt trăng cũng bó tay,cứ thải trực tiếp ra sông thì có xử lý công nghệ mặt trăng cũng bó tay
Disgust,"tao bảo 99 , 99999 % là mấy ông ngoài bắc và kiểu chửi này cũng ngoài bắc vì tao cũng bị chửi vậy khi còn bé . h thì bình thường nhưng nghĩ lại buồn chứ không vui đâu tụi bay . ngoài bắc cách giáo dục là miệt thị . ko đồng ý",tao bảo 99 9 là mấy ông ngoài bắc và kiểu chửi này cũng ngoài bắc vì tao cũng bị chửi vậy khi còn bé h thì bình thường nhưng nghĩ lại buồn chứ không vui đâu tụi bay ngoài bắc cách giáo dục là miệt thị không đồng ý
Enjoyment,phim này ý nghĩa lắm,phim này ý nghĩa lắm
Other,"ảnh đẹp lắm , nhưng không có những người khổ này thì sẽ đẹp hơn 🙂",ảnh đẹp lắm nhưng không có những người khổ này thì sẽ đẹp hơn 🙂
Anger,"thì bác cứ tranh luận đi , bác nói đúng thì mình cũng chả nói gì , còn mình thấy cái kiểu cậy nhà mặt đường nhưng tư tưởng nhắn tin kia thì kiểu gì cũng có ngày sấp mặt .",thì bác cứ tranh luận đi bác nói đúng thì mình cũng chả nói gì còn mình thấy cái kiểu cậy nhà mặt đường nhưng tư tưởng nhắn tin kia thì kiểu gì cũng có ngày sấp mặt
Enjoyment,yêu thế,yêu thế
Other,nhưng vẫn tồn tại nhiều đứa con gái không như vậy mà ??,nhưng vẫn tồn tại nhiều đứa con gái không như vậy mà
Surprise,làm sao mặc áo được ta 😂😂,làm sao mặc áo được ta 😂😂
Sadness,"ê tao cũng hay giữ mấy cái linh tinh lại như vậy để vài năm sau mở ra xem lại có cảm giác hoài niệm , mà mẹ tao bắt tao vứt hết rồi 😢",ê tao cũng hay giữ mấy cái linh tinh lại như vậy để vài năm sau mở ra xem lại có cảm giác hoài niệm mà mẹ tao bắt tao vứt hết rồi 😢
Enjoyment,ảnh đẹp quá 😍,ảnh đẹp quá 😍
Sadness,"t không tiếc mấy ly trà sữa , chỉ thấy tội cho mấy cô lao công dọn dẹp mà thôi 😔",tao không tiếc mấy ly trà sữa chỉ thấy tội cho mấy cô lao công dọn dẹp mà thôi 😔
Enjoyment,người lớn tuổi nhiều lúc rất dễ thương 😊❤,người lớn tuổi nhiều lúc rất dễ thương 😊❤
Sadness,sao giốg với mình v . nhưg mình từ bỏ rồi người ta hình như cũng có người khác . từ đầu là do mình ảo tưởg thôi giờ thì tỉnh đi cô gái ạ,sao giốg với mình vậy nhưg mình từ bỏ rồi người ta hình như cũng có người khác từ đầu là do mình ảo tưởg thôi giờ thì tỉnh đi cô gái ạ
Anger,tôi đập cho toè cái mỏ lun nha,tôi đập cho toè cái mỏ lun nha
Sadness,có ai ngu như tao không đơn phương con nhỏ cạnh nhà 4 năm mặc dù nó ngồi chung bàn với tao suốt mấy năm cấp 3 :(((,có ai ngu như tao không đơn phương con nhỏ cạnh nhà 4 năm mặc dù nó ngồi chung bàn với tao suốt mấy năm cấp 3
Disgust,ở nhà vênh lắm đi bộ đội thì yếu ớt vãi,ở nhà vênh lắm đi bộ đội thì yếu ớt vãi
Enjoyment,thương mấy anh quá mà tao không kiềm được vẫn phải thả haha,thương mấy anh quá mà tao không kiềm được vẫn phải thả haha
Disgust,bẩn vãi,bẩn vãi
Disgust,đường của nhà nước co phải nhà cụ đâu mà kêu ca,đường của nhà nước co phải nhà cụ đâu mà kêu ca
Surprise,sao giống tôi rứa hỉ ...,sao giống tôi rứa hỉ
Disgust,đm độc bình luận toàn kêu chọn nghề khác dume đây đéo phải nói tới cái nghề mà là nói tới ý thức của tụi mày đó đầu trâu óc chó . nếu chọn nghề khác thì dume ai làm công việc đó ... nghề chọn mình mình không chọn nghề được ... kể cả làm phò như tụi mày cũng vậy,địt mẹ độc bình luận toàn kêu chọn nghề khác dume đây đéo phải nói tới cái nghề mà là nói tới ý thức của tụi mày đó đầu trâu óc chó nếu chọn nghề khác thì dume ai làm công việc đó nghề chọn mình mình không chọn nghề được kể cả làm phò như tụi mày cũng vậy
Enjoyment,mai người ta đi học mai tao đi du lịch ố la la =))))))))))))),mai người ta đi học mai tao đi du lịch ố la la
Fear,có khi nào kết hôn xong nó giết lấy tiền bảo hiểm không,có khi nào kết hôn xong nó giết lấy tiền bảo hiểm không
Fear,nó mà cắn ai 1 phát thì ... nghĩ thôi đã rùng mình,nó mà cắn ai 1 phát thì nghĩ thôi đã rùng mình
Enjoyment,mát lồng lộng mày ạ,mát lồng lộng mày ạ
Other,mưa lắm các con giời ở nhà ngủ cho khoẻ nhé .,mưa lắm các con giời ở nhà ngủ cho khoẻ nhé
Other,năm nay con bao nhiêu tuổi rồi ? =)),năm nay con bao nhiêu tuổi rồi
Sadness,vì chúng ta không nên nói chuyện với nhau nữa,vì chúng ta không nên nói chuyện với nhau nữa
Other,tao xin bổ sung thêm,tao xin bổ sung thêm
Disgust,"ngu và ngang ngược quen rồi , chừa tật nhé",ngu và ngang ngược quen rồi chừa tật nhé
Enjoyment,có người sinh ra đã làm ban giám khảo anh nhé kk,có người sinh ra đã làm ban giám khảo anh nhé kk
Sadness,thật buồn khi mình thịt vợ thang khác mà thằng khác thịt vợ tưong lai mình,thật buồn khi mình thịt vợ thang khác mà thằng khác thịt vợ tưong lai mình
Sadness,hay bị giật khô trên đó rồi :(,hay bị giật khô trên đó rồi
Anger,"đm lũ chó bán thịt lợn sán cho các cháu lũ đấy phải tìm ra và xử tử hết . loz mẹ chúng mày vì lợi nhuận giết hết cả tương lai đất nước , dume lũ chó chết",địt mẹ lũ chó bán thịt lợn sán cho các cháu lũ đấy phải tìm ra và xử tử hết loz mẹ chúng mày vì lợi nhuận giết hết cả tương lai đất nước dume lũ chó chết
Sadness,đéo có người thương để mà làm ấy chứ :(,đéo có người thương để mà làm ấy chứ
Enjoyment,"per chồng xem đi , hài lắm",per chồng xem đi hài lắm
Disgust,per dume lần sau có tỏ tình thì cũng 1 vừa 2 phải thôi,per dume lần sau có tỏ tình thì cũng 1 vừa 2 phải thôi
Other,chạy ngay đi 😨😨 trước khi bọn chủ tịch vào đây và giả làm con c * c gì đó rồi bị coi thường và tụi bay phải nhận cái kết đấy . 😬😬😬😬,chạy ngay đi 😨😨 trước khi bọn chủ tịch vào đây và giả làm con c c gì đó rồi bị coi thường và tụi bay phải nhận cái kết đấy 😬
Sadness,nhưng mà từ giờ trở đi đéo được tiếp xúc rồiii,nhưng mà từ giờ trở đi đéo được tiếp xúc rồi
Other,"per cùng suy nghĩ , và sợ cả điện giật nữa , giờ cứ ngồi cho chắc ăn .",per cùng suy nghĩ và sợ cả điện giật nữa giờ cứ ngồi cho chắc ăn
Enjoyment,"cái này ở shop đồng giá 40k aeon có nè , tê tới dái luôn",cái này ở shop đồng giá 40k aeon có nè tê tới dái luôn
Sadness,ngày buồn nhất trời đổ cơn mưa :(,ngày buồn nhất trời đổ cơn mưa
Other,không có khúc rớt dt hả .. 😑,không có khúc rớt điện thoại hả 😑
Disgust,như con điên :)),như con điên
Sadness,tao lại bị mọc lông chân rồi :((,tao lại bị mọc lông chân rồi
Surprise,sao bắt nhanh thế sáng đọc báo có tin chôm ngân ngàng chiều đọc báo đã bắt được rồi,sao bắt nhanh thế sáng đọc báo có tin chôm ngân ngàng chiều đọc báo đã bắt được rồi
Sadness,mỗi lần tao ăn đu đủ bằng thìa thì bố tao lại chửi tao . bố tao bảo loại mày ăn đu đủ không cần thìa đâu .,mỗi lần tao ăn đu đủ bằng thìa thì bố tao lại chửi tao bố tao bảo loại mày ăn đu đủ không cần thìa đâu
Disgust,"vãi cả ngứa mắt :)). lập luận rất là có cái "" lí "" luôn . đấy , ngứa mắt là sai cả lí rồi nhé mấy ông đỗ xe =)))",vãi cả ngứa mắt lập luận rất là có cái lí luôn đấy ngứa mắt là sai cả lí rồi nhé mấy ông đỗ xe
Other,mua thuốc ngoài thú y sức vào vài ngày nó không bám nữa,mua thuốc ngoài thú y sức vào vài ngày nó không bám nữa
Sadness,"tao cũng hay nằm mơ con mèo của mình nó về , tao tưởng thật nên khóc cả trong mơ lẫn ngoài đời . nhưng nó đâu có thể về được nữa ...",tao cũng hay nằm mơ con mèo của mình nó về tao tưởng thật nên khóc cả trong mơ lẫn ngoài đời nhưng nó đâu có thể về được nữa
Sadness,giá mà có ai để giận :v,giá mà có ai để giận v
Sadness,"chân ta cũng là chân đi và giờ bị đứt dây chằng , nằm một chỗ đợi mổ rồi mày . đồng cảm vãi",chân ta cũng là chân đi và giờ bị đứt dây chằng nằm một chỗ đợi mổ rồi mày đồng cảm vãi
Sadness,"ai ở gần đó xin hãy giúp chú , thương chú",ai ở gần đó xin hãy giúp chú thương chú
Enjoyment,cuối ngày hình ảnh của ông bà là đẹp nhất ... chúc ông bà mãi hạnh phúc sống thật lâu lâu nhé 😘😘😘,cuối ngày hình ảnh của ông bà là đẹp nhất chúc ông bà mãi hạnh phúc sống thật lâu lâu nhé 😘
Other,cắt như anh này gọn gàng thoáng mát nhé auto đẹp trai,cắt như anh này gọn gàng thoáng mát nhé auto đẹp trai
Other,"có thể xương của mày nó bị giòn , xuất viện nhớ bổ sug thêm nhiều canxi nhé",có thể xương của mày nó bị giòn xuất viện nhớ bổ sug thêm nhiều canxi nhé
Other,per 1 lần chơi lớn xem em có trầm trồ,per 1 lần chơi lớn xem em có trầm trồ
Enjoyment,xin lỗi mày nhưng tao đọc buồn cười,xin lỗi mày nhưng tao đọc buồn cười
Sadness,trải qua một cuộc bể dâu . những điều trông thấy mà đau đớn lòng,trải qua một cuộc bể dâu những điều trông thấy mà đau đớn lòng
Other,t nghĩ thằng châu phi kia nó rất nhiều tiền,tao nghĩ thằng châu phi kia nó rất nhiều tiền
Anger,per đi đâu cũng nghe bài này riết muốn tắt dẹp cho rồi,per đi đâu cũng nghe bài này riết muốn tắt dẹp cho rồi
Disgust,nhìn thấy ghét ...,nhìn thấy ghét
Disgust,per xàm lol giáo dục đéo gì,per xàm lol giáo dục đéo gì
Anger,per biết phân biệt phải trái không vậy ??? và có biết đỗ như thế nào là đúng luật không ???,per bt phân biệt phải trái không vậy và có bt đỗ như thế nào là đúng luật không
Sadness,chán mấy ông thanh niên .,chán mấy ông thanh niên
Disgust,trẻ trâu thời nào cũng có thông cảm đi,trẻ trâu thời nào cũng có thông cảm đi
Other,cũng là chị em nó làm nhà trẻ nên chịu thôi,cũng là chị em nó làm nhà trẻ nên chịu thôi
Disgust,bắt được rồi cho bọn này đi chết đi để chúng nó sống rồi làm hại người khác,bắt được rồi cho bọn này đi chết đi để chúng nó sống rồi làm hại người khác
Anger,đốt cháy túi tiền thì ở nhà cho rồi . xem chi không biết,đốt cháy túi tiền thì ở nhà cho rồi xem chi không bt
Enjoyment,per có thằng bị tao bắn từ đó không thấy họa mi hót nữa luôn,per có thằng bị tao bắn từ đó không thấy họa mi hót nữa luôn
Enjoyment,"hôm qua tôi đi grab gặp được bạn đẹp trai , thơm phức nè . có cô gái nào có hứng thú hem ?",hôm qua tôi đi grab gặp được bạn đẹp trai thơm phức nè có cô gái nào có hứng thú không
Enjoyment,đẹp quá v 😍😍,đẹp quá vậy 😍😍
Other,:) thế trong trường hợp này thì sao ? có nhiều xe lắm đâu cụ,thế trong trường hợp này thì sao có nhiều xe lắm đâu cụ
Fear,lo cho thang bé lỡ rớt điện thoại xuống nước thì ....,lo cho thang bé lỡ rớt điện thoại xuống nước thì
Other,per dăm ba cái con nhện :))))),per dăm ba cái con nhện
Other,ủa rồi chân một khúc như tao nhảy kiểu gì ? 🙂,ủa rồi chân một khúc như tao nhảy kiểu gì 🙂
Other,trong 1 năm đó bố mẹ ông cho ông 10 tỷ đố là tiêu vặt và 1 con lám bồ để đi giao hàng,trong 1 năm đó bố mẹ ông cho ông 10 tỷ đố là tiêu vặt và 1 con lám bồ để đi giao hàng
Disgust,k chăm được thì đừng nuôi nhìn tội quá ??,không chăm được thì đừng nuôi nhìn tội quá
Sadness,"có hôm nó lo đọc cho mình nên không chép kịp bài , cô giáo bắt phạt đánh đòn cả hai đứa . năm sau bạn í chuyển trường mất , nhớ bạn quá !",có hôm nó lo đọc cho mình nên không chép kịp bài cô giáo bắt phạt đánh đòn cả hai đứa năm sau bạn í chuyển trường mất nhớ bạn quá
Fear,"đừng ám tao nữa , sợ lắm",đừng ám tao nữa sợ lắm
Other,tao gửi từ ngã tư đồng đội cơ mà đi xa vãi,tao gửi từ ngã tư đồng đội cơ mà đi xa vãi
Disgust,"lạ kì thật , một kì thi quan trọng như vầy mà vẫ nhầm đề được .",lạ kì thật một kì thi quan trọng như vầy mà vẫ nhầm đề được
Sadness,định mệnh tao lại quên mang áo mưa,định mệnh tao lại quên mang áo mưa
Sadness,chia buồn cùng người dân và đất nước pháp,chia buồn cùng người dân và đất nước pháp
Enjoyment,"per mày ơi trò này lợi hại nè áp dụng ngay :"")))",per mày ơi trò này lợi hại nè áp dụng ngay
Sadness,per :))) không bù cho nhũng người như cta,per không bù cho nhũng người như cta
Enjoyment,ôi gu mình !! mà phim lâu quá rùi giờ mà đóng lại bản khác thì không biết sao haaa,ôi gu mình mà phim lâu quá rùi giờ mà đóng lại bản khác thì không bt sao ha
Sadness,"giống hệt mình , nhưng bạn may mắn hơn vì bên này quyết trốn nợ tận cùng",giống hệt mình nhưng bạn may mắn hơn vì bên này quyết trốn nợ tận cùng
Anger,"đéo mẹ bệnh viện chứ có phải chỗ gửi xe đâu , nó niêm yết rõ ràng như thế kêu ca cái gì",đéo mẹ bệnh viện chứ có phải chỗ gửi xe đâu nó niêm yết rõ ràng như thế kêu ca cái gì
Surprise,per ngày mai là ngày gì mà ra lắm phim vậy bạn ?,per ngày mai là ngày gì mà ra lắm phim vậy bạn
Sadness,"ước gì con về với mẹ .... đợi mấy tháng rồi vẫn chưa thấy bóng dáng con , mong con vẫn sống ...",ước gì con về với mẹ đợi mấy tháng rồi vẫn chưa thấy bóng dáng con mong con vẫn sống
Other,chất đó có làm mềm não không ?,chất đó có làm mềm não không
Other,em này có cạo lông không ta sao nhìn lông ngăn quá,em này có cạo lông không ta sao nhìn lông ngăn quá
Sadness,"ngày nào cũng thấy tàu trật bánh , khá buồn",ngày nào cũng thấy tàu trật bánh khá buồn
Disgust,tao thấy nhảm quá,tao thấy nhảm quá
Surprise,y tế 24tr tháng á ???? kinh vầy ???,y tế 24tr tháng á kinh vầy
Disgust,"thế mày lại ghép nhạc vào làm gì cho con bé bị tán mấy chục cái , mày ác lắm",thế mày lại ghép nhạc vào làm gì cho con bé bị tán mấy chục cái mày ác lắm
Enjoyment,per em đã tìm ra giải pháp thiết kế rồi nhé :))),per em đã tìm ra giải pháp thiết kế rồi nhé
Sadness,sad cực mạnh,sad cực mạnh
Enjoyment,per may cho bạn 😄😄😄,per may cho bạn 😄
Sadness,đợi đến ngày họp lớp đi 😪,đợi đến ngày họp lớp đi 😪
Enjoyment,tao thích con trai đầu tóc gọn gàng vãi_chưởng 🙃,tao thích con trai đầu tóc gọn gàng vãi chưởng 🙃
Enjoyment,"hành động đẹp chứ sao , đằng nào cũng tiệt kiệm hơn :)) 0",hành động đẹp chứ sao đằng nào cũng tiệt kiệm hơn 0
Enjoyment,chỉ ước về sau mình được vay,chỉ ước về sau mình được vay
Disgust,"bạn bè nói chuyện cũng chụp post facebook , vui không ?",bạn bè nói chuyện cũng chụp post facebook vui không
Sadness,per mệt quá mấy con ơi,per mệt quá mấy con ơi
Other,nói tóm lại là nó thích đỗ đâu thì nó đỗ mình thích thì mình gọi công an . chứ mình không có quyền,nói tóm lại là nó thích đỗ đâu thì nó đỗ mình thích thì mình gọi công an chứ mình không có quyền
Sadness,"mới đây mẹ tao giúp tao làm lại giấy khai sinh . mẹ có hỏi "" mày sinh ngày mấy để mẹ làm ""😑",mới đây mẹ tao giúp tao làm lại giấy khai sinh mẹ có hỏi mày sinh ngày mấy để mẹ làm 😑
Other,tôi muốn có một mối tình bình dị .,tôi muốn có một mối tình bình dị
Fear,hú hồn chim én :)),hú hồn chim én
Sadness,phải có bao nhiêu tình cảm mới có thể viết ra được những dòng này ...,phải có bao nhiêu tình cảm mới có thể viết ra được những dòng này
Disgust,"bờ biển thì rộng , có những chỗ mày viết có thể rất lâu sau mới bị lấp đi tại sao chọn chỗ khó khăn nhất vậy . thảo nào đéo bao giờ có người yêu :))",bờ biển thì rộng có những chỗ mày viết có thể rất lâu sau mới bị lấp đi tại sao chọn chỗ khó khăn nhất vậy thảo nào đéo bao giờ có người yêu
Sadness,mệt mõi 😥,mệt mõi 😥
Enjoyment,đã thử và rất thích thú 😆.,đã thử và rất thích thú 😆
Surprise,"ủa bất ngờ đây , thanh niên nào đây =))))",ủa bất ngờ đây thanh niên nào đây
Enjoyment,con này chăm sóc n là n bao đẹp ><,con này chăm sóc n là n bao đẹp
Anger,"dume , phải con tao thì đéo bao giờ chúng mày có cơ hội xin lỗi luôn .",dume phải con tao thì đéo bao giờ chúng mày có cơ hội xin lỗi luôn
Disgust,"thiệt ra bạn mày đẹp hơn , vì màt chỉ được cái lưng dài lười biếng thui 🙃🙃",thiệt ra bạn mày đẹp hơn vì màt chỉ được cái lưng dài lười biếng thôi 🙃🙃
Sadness,móng tay và tóc theo thời gian thì mọc càng dài tại sao chỉ có con chim là nó không mọc dài hơn nữa ta,móng tay và tóc theo thời gian thì mọc càng dài tại sao chỉ có con chim là nó không mọc dài hơn nữa ta
Enjoyment,tuyệt thật,tuyệt thật
Sadness,năm nay vào quán net ngồi cho đỡ phải nhìn .....☺️,năm nay vào quán net ngồi cho đỡ phải nhìn ☺️
Enjoyment,bé tí mà đã có múi rồi :))),bé tí mà đã có múi rồi
Other,giờ nín ngay không ? việc gì phải khóc,giờ nín ngay không việc gì phải khóc
Enjoyment,"chẳng phải chuyện hài nhưng sao tao thấy buồn cười quá , chắc thần kinh có vấn đề",chẳng phải chuyện hài nhưng sao tao thấy buồn cười quá chắc thần kinh có vấn đề
Enjoyment,chuẩn không can chinh,chuẩn không can chinh
Anger,liên quan đéo gì . trung thu tết đoàn viên gia đình chứ đoàn viên người yêu đéo đâu .,liên quan đéo gì trung thu tết đoàn viên gia đình chứ đoàn viên người yêu đéo đâu
Other,cái đồng hồ mọi người cho em hỏi giá bao nhiêu ạ,cái đồng hồ mọi người cho em hỏi giá bao nhiêu ạ
Other,cụ í đỗ sai thì mợ cứ báo chính quyền thôi,cụ í đỗ sai thì mợ cứ báo chính quyền thôi
Other,tao chưa nghe nói kính thuỷ lực bai giờ .,tao chưa nghe nói kính thuỷ lực bai giờ
Disgust,"khiển trách là bị mắng rồi má , lại còn bắt chép phạt ác thật",khiển trách là bị mắng rồi má lại còn bắt chép phạt ác thật
Enjoyment,dăm ba cái kỉu đây hồi nhỏ tao đốt chấy vài á mà 😃,dăm ba cái kỉu đây hồi nhỏ tao đốt chấy vài á mà 😃
Enjoyment,cưng gì đâu,cưng gì đâu
Disgust,2 chúng mày yêu nhau chọc tức bọn fa tụi tao thêm cay chứ an ủi đéo gì,2 chúng mày yêu nhau chọc tức bọn độc thân tụi tao thêm cay chứ an ủi đéo gì
Enjoyment,per kkkk,per không
Sadness,tao của ngày này năm trước đang ước đừng lấy quỳ tím đem ra thử nghiệm . :(,tao của ngày này năm trước đang ước đừng lấy quỳ tím đem ra thử nghiệm
Other,thính thơm không,thính thơm không
Sadness,ôi không đừng vậy mà :((,ôi không đừng vậy mà
Anger,"sao mày không viết nhanh lên , mày lấy tay chặn làm gì có giúp mày tốt hơn không hả ???",sao mày không viết nhanh lên mày lấy tay chặn làm gì có giúp mày tốt hơn không hả
Enjoyment,nghe anh ấy nới chuyện rất thuyết phục,nghe anh ấy nới chuyện rất thuyết phục
Other,khi nào tao nhìn con xò lông bánh bèo mà tao không mắc ói . thì khi đó tao lấy,khi nào tao nhìn con xò lông bánh bèo mà tao không mắc ói thì khi đó tao lấy
Other,có thể là nó yêu mày :)),có thể là nó yêu mày
Enjoyment,per ối bạn ơi quà sinh nhật mình đây rồiiiii,per ối bạn ơi quà sinh nhật mình đây rồi
Enjoyment,ai cho mình xin page của con này với thích xem nó live stream bán đồ gê,ai cho mình xin page của con này với thích xem nó live stream bán đồ gê
Other,cho nó đi trồng lại 10 ha và chăm sóc cho tới khi cây lớn bằng núc chúng nó bơm chết,cho nó đi trồng lại 10 ha và chăm sóc cho tới khi cây lớn bằng núc chúng nó bơm chết
Disgust,toàn bọn óc chó . không có lương tâm . sao chúng nó lại làm như vậy không nghĩ hậu quả sau này sao .,toàn bọn óc chó không có lương tâm sao chúng nó lại làm như vậy không nghĩ hậu quả sau này sao
Anger,"bảo không ly hôn cơ mà 😑, dma chơi nhau à",bảo không ly hôn cơ mà 😑 dma chơi nhau à
Other,cần phải tỉnh táo,cần phải tỉnh táo
Other,per thật sự là có cách nào dắt bé đi theo được không ? 😭,per thật sự là có cách nào dắt bé đi theo được không 😭
Enjoyment,"thâ ̣ tao ra thi ̀ nê ́ u 1 thă ̀ người con trai no ́ yêu mày va ̀ coi tro ̣ người mày , câ ̀ n mày thi ̀ mày co ́ qua ́ i thai thê ́ na ̀ o no ́ cu ̃ người chi ̣ u đươ ̣ c va ̀ cô ́ gă ́ người la ̀ mày mày vui 🙂",thâ ̣ tao ra thi ̀ nê ́ u 1 thă ̀ người con trai no ́ yêu mày va ̀ coi tro ̣ người mày câ ̀ n mày thi ̀ mày co ́ qua ́ i thai thê ́ na ̀ o no ́ cu ̃ người chi ̣ u đươ ̣ c va ̀ cô ́ gă ́ người la ̀ mày mày vui 🙂
Enjoyment,phim nay xem rất nhiều lân nhưng quá hay vẫn muốn sẽ tiếp tục xem,phim nay xem rất nhiều lân nhưng quá hay vẫn muốn sẽ tiếp tục xem
Enjoyment,thôi thì đi xem avenger lần 3 để tránh nóng nốt chiều nay không mai mưa rồi hehee,thôi thì đi xem avenger lần 3 để tránh nóng nốt chiều nay không mai mưa rồi hehee
Other,cho xin tí muối ạ,cho xin tí muối ạ
Fear,sao không cắt móng chân cho em ... nhìn mặt cute mà thấy móng chân em sợ phết,sao không cắt móng chân cho em nhìn mặt cute mà thấy móng chân em sợ phết
Enjoyment,đã từng xem em là tất cả . mỗi khi mỏi mệt về thấy em và con cười là anh hạnh phúc rồi,đã từng xem em là tất cả mỗi khi mỏi mệt về thấy em và con cười là anh hạnh phúc rồi
Disgust,nằm đó mà mơ 🙂,nằm đó mà mơ 🙂
Enjoyment,duyên quá nói chuyện hay,duyên quá nói chuyện hay
Disgust,"đm phạt 200 triệu đồng không có tiền đóng phạt 12 tháng tù cho biết , câu thích câu view dơ bẩn cho cá nhân mình",địt mẹ phạt 200 triệu đồng không có tiền đóng phạt 12 tháng tù cho bt câu thích câu view dơ bẩn cho cá nhân mình
Disgust,gắt quá nha 😂,gắt quá nha 😂
Other,đừng trách anh vô tình vì em đã vô tâm,đừng trách anh vô tình vì em đã vô tâm
Surprise,"wow , đẹp dữ vậy à hehe",wow đẹp dữ vậy à hehe
Enjoyment,"ngồi chờ một người đi qua 1 và coi đó như 1 sự tình cờ 😂😂😂 tao đã từng , nhưng đó là tao của ngày xưa . buồn cười thật 😁",ngồi chờ một người đi qua 1 và coi đó như 1 sự tình cờ 😂 tao đã từng nhưng đó là tao của ngày xưa buồn cười thật 😁
Other,"thôi , không tranh cãi , không lại các bác . nói chung không cấm thì đỗ , còn đỗ để làm gì thì do ý thức mỗi người",thôi không tranh cãi không lại các bác nói chung không cấm thì đỗ còn đỗ để làm gì thì do ý thức mỗi người
Sadness,khóc vãi 😭,khóc vãi 😭
Disgust,"việc của ông vũ giờ là mua nhiều thật nhiều cigar và lên chùa xây cái am trung nguyên thiền định tiếp đi qua ơi , qua quậy quá rồi để cho vợ và 4 con tiếp quản được rồi qua ơi .",việc của ông vũ giờ là mua nhiều thật nhiều cigar và lên chùa xây cái am trung nguyên thiền định tiếp đi qua ơi qua quậy quá rồi để cho vợ và 4 con tiếp quản được rồi qua ơi
Disgust,cũng là ninja như nhau mà cũng hơn thua làm gì vậy trời,cũng là ninja như nhau mà cũng hơn thua làm gì vậy trời
Enjoyment,và vui mừng hơn khi biết tin chị vợ ở nhà vừa sinh hạ em bé được 1 tuần,và vui mừng hơn khi bt tin chị vợ ở nhà vừa sinh hạ em bé được 1 tuần
Disgust,lại là bà hàng xóm 😒,lại là bà hàng xóm 😒
Anger,bọn óc vật 🙂 đụng vào con cháu nhà tao thử,bọn óc vật 🙂 đụng vào con cháu nhà tao thử
Enjoyment,hay . đỡ mệt,hay đỡ mệt
Disgust,"thế đàn ông có thường gục ngã trước một đứa con gái xấu không ? vậy nên đó là chuyện thường tình , đàn ông mê sắc đàn bà mê tiền , mỗi giới một đam mê , đó là công bằng , khi nào mày yêu một con xấu đi rồi hãy nói đạo lol",thế đàn ông có thường gục ngã trước một đứa con gái xấu không vậy nên đó là chuyện thường tình đàn ông mê sắc đàn bà mê tiền mỗi giới một đam mê đó là công bằng khi nào mày yêu một con xấu đi rồi hãy nói đạo lol
Surprise,per nhìn quen quen mày ơi,per nhìn quen quen mày ơi
Disgust,mà ô chủ xe cũng ngu vãi . mất công đậu thì đậu hẳn ra giữa đường day . để cho nó đỡ mất công về lại phải mất công đi đại tu,mà ô chủ xe cũng ngu vãi mất công đậu thì đậu hẳn ra giữa đường day để cho nó đỡ mất công về lại phải mất công đi đại tu
Enjoyment,gv có tâm vãi 😂,giáo viên có tâm vãi 😂
Enjoyment,cầu mong chú có cuộc sống tốt hơn ❤,cầu mong chú có cuộc sống tốt hơn ❤
Other,"bạn bè thì nó hỏi han , hay nhắn tin thôi .. hồi trước hay ảo tưởng lắm , nhưng giờ lớn nên hết trẻ trâu rồi 🤣",bạn bè thì nó hỏi han hay nhắn tin thôi hồi trước hay ảo tưởng lắm nhưng giờ lớn nên hết trẻ trâu rồi 🤣
Enjoyment,khớp vãi =))))))) mặt con bé,khớp vãi mặt con bé
Other,mạng nhện chắc đóng kín rồi nhỉ,mạng nhện chắc đóng kín rồi nhỉ
Fear,tao đéo ghê con rắn tao ghê mấy cái trồi lên kìa :))),tao đéo ghê con rắn tao ghê mấy cái trồi lên kìa
Enjoyment,ngày ấy cũng từng như vậy ☺️,ngày ấy cũng từng như vậy ☺️
Enjoyment,"tao biết trước là nó sẽ lao vào màn hình mà , vậy nên tâm vẫn tỉnh lúc nó lao vào .",tao bt trước là nó sẽ lao vào màn hình mà vậy nên tâm vẫn tỉnh lúc nó lao vào
Surprise,quả mặt dễ thương dữ vậy,quả mặt dễ thương dữ vậy
Other,"lúc sinh ra rồi , con gái không nói , là con trai thì ổng sẽ phải ước mình chưa đẻ ra nó , có thêm đứa tranh vợ với mình mà 😂😂",lúc sinh ra rồi con gái không nói là con trai thì ổng sẽ phải ước mình chưa đẻ ra nó có thêm đứa tranh vợ với mình mà 😂😂
Enjoyment,cưng xĩu 😊😊,cưng xĩu 😊😊
Surprise,người ngoài hành tinh nói tiếng anh ????? nà ní ?????,người ngoài hành tinh nói tiếng anh nà ní
Enjoyment,"nghĩ đến cảnh mặc áo là cảm thấy mất cả tuổi thanh xuân , chưa kể là lúc ngứa thì gãi kiểu gì 😂😂",nghĩ đến cảnh mặc áo là cảm thấy mất cả tuổi thanh xuân chưa kể là lúc ngứa thì gãi kiểu gì 😂😂
Sadness,cứ thấy nó là ăn không còn xác thì lấy gì chúng kịp phá . nhìn thèm ứ chịu được 😔😔😔,cứ thấy nó là ăn không còn xác thì lấy gì chúng kịp phá nhìn thèm ứ chịu được 😔
Enjoyment,xem video chị này công nhận hay và ý nghĩa thật . giờ lên xem vid mới biết về tuổi thơ chị này cơ cực thật đấy,xem video chị này công nhận hay và ý nghĩa thật giờ lên xem vid mới bt về tuổi thơ chị này cơ cực thật đấy
Enjoyment,nó giống tao ghê . gặp tao tao cũng chọn mày,nó giống tao ghê gặp tao tao cũng chọn mày
Enjoyment,hiện tại cảm thấy hạnh phúc khi môi trường làm việc toàn người lầy ....,hiện tại cảm thấy hạnh phúc khi môi trường làm việc toàn người lầy
Enjoyment,đúng là mỹ nhanh gọn dứt khoát,đúng là mỹ nhanh gọn dứt khoát
Enjoyment,khúc cuối cười lộn ruột,khúc cuối cười lộn ruột
Enjoyment,mặt con mèo giải trí dữ 😬,mặt con mèo giải trí dữ 😬
Disgust,tại con này xấu quá không nhận diện được khuôn mặt,tại con này xấu quá không nhận diện được khuôn mặt
Disgust,"đã ra tù nhưng chắc nhớ tù quá , muốn quay lại trại nên mặc quả đồ này :vậy",đã ra tù nhưng chắc nhớ tù quá muốn quay lại trại nên mặc quả đồ này vậy
Enjoyment,anh có tin em giận lại anh không ?,anh có tin em giận lại anh không
Disgust,ác đến vậy là cùng,ác đến vậy là cùng
Sadness,khi cô đơn lòng em nhớ ai :((,khi cô đơn lòng em nhớ ai
Other,"nếu chiếc xe đỗ giữa cửa nhà tôi như trong hình của thớt tôi hoàn toàn không có cảm giác gì , kể cả ngày nào cũng vậy luôn .",nếu chiếc xe đỗ giữa cửa nhà tôi như trong hình của thớt tôi hoàn toàn không có cảm giác gì kể cả ngày nào cũng vậy luôn
Fear,"đang định đi nhổ răng khôn , nghe được tin này thấy ghê răng 😁",đang định đi nhổ răng khôn nghe được tin này thấy ghê răng 😁
Sadness,"ước gì boss không co chân lên , tao vẫn sẽ nghĩ là boss thật khí chất =)))",ước gì boss không co chân lên tao vẫn sẽ nghĩ là boss thật khí chất
Sadness,xem xong tao đã khóc rất nhiều,xem xong tao đã khóc rất nhiều
Enjoyment,ha ha ❤️ chất lắm,ha ha ❤️ chất lắm
Surprise,bộ này hoàn hảo quá,bộ này hoàn hảo quá
Enjoyment,đậu . tao mê nhất là giọng tuy hòa phú yên . nó luôn mang một ấn tượng sâu sắc . nghe cứ thích thế nào ấy,đậu tao mê nhất là giọng tuy hòa phú yên nó luôn mang một ấn tượng sâu sắc nghe cứ thích thế nào ấy
Disgust,lại ngáo đá rồi,lại ngáo đá rồi
Sadness,tao thì nói xong lại thấy người ta không hứng thú thì lại lượn,tao thì nói xong lại thấy người ta không hứng thú thì lại lượn
Enjoyment,để có được cái nắm tay tuổi già là bao giông bão của tuổi trẻ . mấy ai qua được bão giông ?,để có được cái nắm tay tuổi già là bao giông bão của tuổi trẻ mấy ai qua được bão giông
Enjoyment,quan trọng là có per luôn tạo độ khó game cho tôi :))) và không thể thiếu sự trợ giúp của các anh em trong team 😂,quan trọng là có per luôn tạo độ khó game cho tôi và không thể thiếu sự trợ giúp của các anh em trong team 😂
Sadness,điều tồi tệ là học nửa vời chã ra làm sao,điều tồi tệ là học nửa vời chã ra làm sao
Other,chỉ có màn hình là xấu thui,chỉ có màn hình là xấu thôi
Other,cùng câu hỏi .. vụ thang máy thì sao nhỉ,cùng câu hỏi vụ thang máy thì sao nhỉ
Enjoyment,"mỗi ngày đi làm về , tôi không vội vào thang ngay mà thường ngồi sảnh tầm 20p chỉ để ngắm gái xinh cùng tòa 😆.",mỗi ngày đi làm về tôi không vội vào thang ngay mà thường ngồi sảnh tầm 20p chỉ để ngắm gái xinh cùng tòa 😆
Enjoyment,đây mới là công an của nhân dân việt nam cảm ơn bạn nhiều điều tốt đẹp hơn nhé vanew,đây mới là công an của nhân dân việt nam cảm ơn bạn nhiều điều tốt đẹp hơn nhé vanew
Enjoyment,per sau hôm sinh nhật là có cái này . ngon vãi,per sau hôm sinh nhật là có cái này ngon vãi
Fear,per kinh dị thấy mệ luôn nè,per kinh dị thấy mệ luôn nè
Other,tuy hơi fail 1 chút nhưng rất có năng khiếu lớn lên không chừng làm ca sĩ ấy chứ đừng đùa,tuy hơi fail 1 chút nhưng rất có năng khiếu lớn lên không chừng làm ca sĩ ấy chứ đừng đùa
Enjoyment,đúng là tấm gương xáng để con cháu noi theo =)))))),đúng là tấm gương xáng để con cháu noi theo
Fear,khi đã đổ vỡ hàn gắn lại chắc gì đã được như lúc đầu :'<,khi đã đổ vỡ hàn gắn lại chắc gì đã được như lúc đầu
Disgust,"tào lao , bịa đặt",tào lao bịa đặt
Enjoyment,"chia sẻ cho anh em , haha",chia sẻ cho anh em haha
Enjoyment,cách này nhiều người áp dụng quá rồi :))),cách này nhiều người áp dụng quá rồi
Disgust,tưởng bú được vài cái thích của tụi dân trí thấp thì mình khôn ?,tưởng bú được vài cái thích của tụi dân trí thấp thì mình khôn
Surprise,doume khó vậy mà cũng nghĩ ra được 🤣,doume khó vậy mà cũng nghĩ ra được 🤣
Enjoyment,sao ảnh này nhìn con rắn đáng yêuc vãi :))),sao ảnh này nhìn con rắn đáng yêuc vãi
Fear,sau mưa ra đường sợ nhất gặp giun,sau mưa ra đường sợ nhất gặp giun
Enjoyment,per đứa nào nghĩ ra được cái qcao hay vãi ...,per đứa nào nghĩ ra được cái qcao hay vãi
Enjoyment,bạn trai thì chưa . nhưng mỗi lần thằng bạn nó cắt tóc cạo râu thì auto nhìn đẹp trai,bạn trai thì chưa nhưng mỗi lần thằng bạn nó cắt tóc cạo râu thì auto nhìn đẹp trai
Disgust,í thức mấy đứa đi xem như lol .,í thức mấy đứa đi xem như lol
Sadness,đã từng . và bị phũ như 1 con chó 🐶😂😂😂😂,đã từng và bị phũ như 1 con chó 🐶😂
Disgust,thiểu năng đội cái nón không nổi thì sao đủ năng lực chạy xe . nhìn là thấy hãm .,thiểu năng đội cái nón không nổi thì sao đủ năng lực chạy xe nhìn là thấy hãm
Sadness,anh lấy đi niềm tin trả lại cho em những gì,anh lấy đi niềm tin trả lại cho em những gì
Enjoyment,thông minh lắm,thông minh lắm
Anger,thêm cái trang này ăn cắp ý tưởng của tôi,thêm cái trang này ăn cắp ý tưởng của tôi
Other,đề nghị các bạn giữ trật tự trong rạp phim !!!!!!,đề nghị các bạn giữ trật tự trong rạp phim
Disgust,cam mà vắt thế chỉ có đắng nhé thôi đồ ngu,cam mà vắt thế chỉ có đắng nhé thôi đồ ngu
Disgust,"t sẽ tự an ủi tất cả chỉ là diễn thôi , diễn thôi , đéo thể tin được đâu 😏",tao sẽ tự an ủi tất cả chỉ là diễn thôi diễn thôi đéo thể tin được đâu 😏
Disgust,ngu hết phần thiên hạ,ngu hết phần thiên hạ
Other,tin tao đi tiền là thứ duy nhất làm động lực để mày vui :)) tao chia tay xong . cắm mặt vào làm để mua sắm và du lịch :)),tin tao đi tiền là thứ duy nhất làm động lực để mày vui tao chia tay xong cắm mặt vào làm để mua sắm và du lịch
Enjoyment,tao thấy con mèo xinh hơn,tao thấy con mèo xinh hơn
Enjoyment,cho nó cắn phát xem có thành spider man không 😂,cho nó cắn phát xem có thành spider man không 😂
Enjoyment,bếp ga hj hj 🤣🤣🤣🤣🤣🤣,bếp ga hj hj 🤣
Disgust,"từ hành động và lời nói của tụi nhỏ này không biết nên trách ai bây giờ ,, thối nát một thế hệ",từ hành động và lời nói của tụi nhỏ này không bt nên trách ai bây giờ thối nát một thế hệ
Other,sớm bình phục nhé,sớm bình phục nhé
Disgust,căn bản là họ không đáng cho mình trân trọng thôi . per,căn bản là họ không đáng cho mình trân trọng thôi per
Enjoyment,giống thằng này vãi :))),giống thằng này vãi
Enjoyment,"năm nào cả sinh nhật âm hay dương mẹ cũng gọi điện cho mình , bà ngoại trên 80 , bác ruột mình đều nhớ hết 😂😂😂",năm nào cả sinh nhật âm hay dương mẹ cũng gọi điện cho mình bà ngoại trên 80 bác ruột mình đều nhớ hết 😂
Other,quan trọng nhất vẫn là tấm lòng 🙂,quan trọng nhất vẫn là tấm lòng 🙂
Enjoyment,cái mặt hoang mang thấy thương 😆❤️,cái mặt hoang mang thấy thương 😆❤️
Anger,nhìn ức chế vãi,nhìn ức chế vãi
Fear,coi mà cái tay nó rung trái tim nó đập sợ cái thằng đó té sấp mặt luôn thì không bình thường họa mi còn hót được không :)))),coi mà cái tay nó rung trái tim nó đập sợ cái thằng đó té sấp mặt luôn thì không bình thường họa mi còn hót được không
Disgust,nhìn kinh vãi,nhìn kinh vãi
Other,hỡi thế gian tình ái là chi mà đôi lứa nguyện thề sống chết ? 😁😁,hỡi thế gian tình ái là chi mà đôi lứa nguyện thề sống chết 😁😁
Other,per bất nghờ bốc cháy,per bất nghờ bốc cháy
Disgust,"đọc bình luận mới công nhận "" mấy đứa nói đạo lý sống như lol "". đây là câu chuyện vui bạn bè trêu nhau thôi không đến lượt mấy người dạy bé cách cư xử như thế nào đâu . có người con như thế nào bố sẽ rất tự hào đấy",đọc bình luận mới công nhận mấy đứa nói đạo lý sống như lol đây là câu chuyện vui bạn bè trêu nhau thôi không đến lượt mấy người dạy bé cách cư xử như thế nào đâu có người con như thế nào bố sẽ rất tự hào đấy
Enjoyment,chuẩn kkk 😁,chuẩn không 😁
Other,😂😂😂 nhìn và đợi chúng nó chia tay,😂 nhìn và đợi chúng nó chia tay
Other,làm mấy chuyện dở người để được nó chú ý,làm mấy chuyện dở người để được nó chú ý
Disgust,không mưa thì kêu trời mưa thì cũng kêu trời,không mưa thì kêu trời mưa thì cũng kêu trời
Other,họ có thể không giàu có về vật chất nhưng hạnh phúc của họ giàu hơn rất nhìu người ❤,họ có thể không giàu có về vật chất nhưng hạnh phúc của họ giàu hơn rất nhìu người ❤
Disgust,"người ta ăn hàng tỉ lại phát 5 tr , còn gì là pháp luật nữa",người ta ăn hàng tỉ lại phát 5 trời còn gì là pháp luật nữa
Disgust,à còn có thể loại con trai cắt tóc xong rồi tự soi gương xong khen mình đẹp trai mới vãi,à còn có thể loại con trai cắt tóc xong rồi tự soi gương xong khen mình đẹp trai mới vãi
Enjoyment,"per đi làm với c mình vui hết xẩy , trừ những lúc khó tính :))",per đi làm với c mình vui hết xẩy trừ những lúc khó tính
Other,phải tôi đỗ lên vỉa hè giáp cửa nhà bạn bán hàng luôn . vỉa hè rộng thế kia cơ mà .??????????,phải tôi đỗ lên vỉa hè giáp cửa nhà bạn bán hàng luôn vỉa hè rộng thế kia cơ mà
Sadness,cảm thấy sợ mấy thứ suy nghĩ cổ hủ của người lớn :(,cảm thấy sợ mấy thứ suy nghĩ cổ hủ của người lớn
Enjoyment,bò ra mà cười :)),bò ra mà cười
Other,per xem cái này đỡ chán đi ông,per xem cái này đỡ chán đi ông
Sadness,em buông tay anh nhé .... quá khứ ấy anh hãy xoá hết đi .......,em buông tay anh nhé quá khứ ấy anh hãy xoá hết đi
Enjoyment,thông minh vãi,thông minh vãi
Other,gửi đứa nào chưa có người yêu,gửi đứa nào chưa có người yêu
Disgust,mày lười vãi lol,mày lười vãi lol
Other,đi xem 1 mình có sợ ma không 🤔,đi xem 1 mình có sợ ma không 🤔
Other,chả thấy nói nó cho admin bao nhiêu xiền để pr nhỉ,chả thấy nói nó cho admin bao nhiêu xiền để pr nhỉ
Enjoyment,tôi đã xem đi xem lại 3 lần và xem lại lần hai mới hiểu hết nội dung và thấy hay hơn khi xem lại lần 3 . ai chưa xem hãy vào xem thử 2 lần !,tôi đã xem đi xem lại 3 lần và xem lại lần hai mới hiểu hết nội dung và thấy hay hơn khi xem lại lần 3 ai chưa xem hãy vào xem thử 2 lần
Other,"anh biết em có nhiều chuyện , nhưng việc trước mắt là em nộp phạt đã , nếu không xe em sẽ bị thu vào đồn",anh bt em có nhiều chuyện nhưng việc trước mắt là em nộp phạt đã nếu không xe em sẽ bị thu vào đồn
Sadness,thế hóa ra nguy cơ trầm cảm của tao cao lắm,thế hóa ra nguy cơ trầm cảm của tao cao lắm
Enjoyment,mày giận lại tao hả tốt quá bố mày được đi chơi game rồi . tối về dỗ nó sau . chờ mãi câu giận của mày :)),mày giận lại tao hả tốt quá bố mày được đi chơi game rồi tối về dỗ nó sau chờ mãi câu giận của mày
Other,đừng đùa với người nước ngoài nhé,đừng đùa với người nước ngoài nhé
Disgust,làm giáo sư mấy chục năm mà cuốn giáo trình chưa thuộc hết nữa à,làm giáo sư mấy chục năm mà cuốn giáo trình chưa thuộc hết nữa à
Sadness,anh lỡ mất em rồi huhu,anh lỡ mất em rồi huhu
Other,nhớ lại ngày xưa,nhớ lại ngày xưa
Enjoyment,bình tĩnh vãi_chưởng =)),bình tĩnh vãi chưởng
Disgust,đai giảm tốc độ kiểu ấy mà gặp mấy bà đang đau đẻ là xác định đẻ trên xe hay ở nhà đi rồi hẳn đem lên bệnh viện 😂😂😂,đai giảm tốc độ kiểu ấy mà gặp mấy bà đang đau đẻ là xác định đẻ trên xe hay ở nhà đi rồi hẳn đem lên bệnh viện 😂
Enjoyment,thạ timmmmm đùa tao yêu mặt nó lúc ôm đầu vlllll xinh quá con ưiiiiiiii,thạ tim đùa tao yêu mặt nó lúc ôm đầu vãi lồn xinh quá con ưi
Anger,đứa nào tin là đơn giản thế ra đây tao tát cho vài cái cho tỉnh :),đứa nào tin là đơn giản thế ra đây tao tát cho vài cái cho tỉnh
Anger,mẹ . trung thu là tết thiếu nhi . có phải mùa động dục đâu mà phải có người yêu nhỉ . vớ va vớ vẩn 😒,mẹ trung thu là tết thiếu nhi có phải mùa động dục đâu mà phải có người yêu nhỉ vớ va vớ vẩn 😒
Sadness,nhiều khi cũng muốn người yêu chọc để dỗi phát cho bằng người ta . mà nhận ra mình làm gì có người yêu 😌,nhiều khi cũng muốn người yêu chọc để dỗi phát cho bằng người ta mà nhận ra mình làm gì có người yêu 😌
Anger,lâu lâu mới có dịp ăn bánh trung thu mà gặp bán hàng halo thế này thì cho ế mẹ luôn không mua bán gì hết . xem ai bất hạnh hơn ?,lâu lâu mới có dịp ăn bánh trung thu mà gặp bán hàng halo thế này thì cho ế mẹ luôn không mua bán gì hết xem ai bất hạnh hơn
Other,ngáo như con cáo rồi ????,ngáo như con cáo rồi
Anger,khác đéo gì . về thái độ lồi lõm nhìn muốn sút cho phát 🤬🤬,khác đéo gì về thái độ lồi lõm nhìn muốn sút cho phát 🤬🤬
Other,mấy con gà bị lừa mà đéo biết .,mấy con gà bị lừa mà đéo bt
Disgust,móng dài thế lúc đi ỉa xong làm sao xịt nước . xịt nước 1 tay còn tay kia phải rửa đít mới sạch được chứ . khả năng cao ông này dùng giấy chứ không dùng vòi xịt,móng dài thế lúc đi ỉa xong làm sao xịt nước xịt nước 1 tay còn tay kia phải rửa đít mới sạch được chứ khả năng cao ông này dùng giấy chứ không dùng vòi xịt
Enjoyment,chút mua ... hehe,chút mua hehe
Sadness,tạm biệt ánh sáng của đời tao,tạm biệt ánh sáng của đời tao
Sadness,cái tháng học sấp mặt luôn,cái tháng học sấp mặt luôn
Enjoyment,làm ở đâu không quan trọng . quan trọng là có chị em tốt để tạo nghiệp :)))),làm ở đâu không quan trọng quan trọng là có chị em tốt để tạo nghiệp
Sadness,giống chó này hình như không có lông ạ ?? chó nhà em lông rụng đầy nhà .. huhu,giống chó này hình như không có lông ạ chó nhà em lông rụng đầy nhà huhu
Sadness,tôi từng được sống . nhưng đấy là truyện của năm ngoái rồi,tôi từng được sống nhưng đấy là truyện của năm ngoái rồi
Disgust,một lũ ngu,một lũ ngu
Enjoyment,dễ thươnggg,dễ thương
Sadness,"vãi cả phí , có ... 81 tỷ hoy 😓",vãi cả phí có 81 tỷ thôi 😓
Disgust,ra tới cổng tao nói ha xấu cái chắc tao cười ỉa,ra tới cổng tao nói ha xấu cái chắc tao cười ỉa
Fear,nếu địa phương không xây cầu thì người dân cũng có thể tự làm cầu cây mà . phóng lỡ hụt chân thì xác định nát người .,nếu địa phương không xây cầu thì người dân cũng có thể tự làm cầu cây mà phóng lỡ hụt chân thì xác định nát người
Disgust,cứ chiếu mấy bộ phim thế này bảo sao tụi nhỏ không chịu học,cứ chiếu mấy bộ phim thế này bảo sao tụi nhỏ không chịu học
Other,giận làm gì cho mệt 🙄 đằng nào mày cũnh phải xin lỗi tao mà,giận làm gì cho mệt 🙄 đằng nào mày cũnh phải xin lỗi tao mà
Sadness,móng của bố tao . hồi trước và bây giờ đã cắt vì lý do . sức khoẻ .,móng của bố tao hồi trước và bây giờ đã cắt vì lý do sức khoẻ
Surprise,uầy các cụ ngày xưa đẹp trai xinh gái thế,uầy các cụ ngày xưa đẹp trai xinh gái thế
Enjoyment,nín đi . sang ngủ với mẹ đi đêm nay anh chông chị cho =))),nín đi sang ngủ với mẹ đi đêm nay anh chông chị cho
Disgust,"không nghe lời cha mẹ , không ăn học , giờ đi hốt rác . không có giá trị trong xã hội , bày đặt chữi ai .",không nghe lời cha mẹ không ăn học giờ đi hốt rác không có giá trị trong xã hội bày đặt chữi ai
Anger,mày không phải nhảy vào mồm tao như thế . nhảy vào là tao cạp cạp cạp ...,mày không phải nhảy vào mồm tao như thế nhảy vào là tao cạp cạp cạp
Sadness,mình thiì chưa năm nào được trọn vẹn,mình thiì chưa năm nào được trọn vẹn
Anger,loại mất dậy,loại mất dậy
Other,hỏi thế gian tình ái là chi =)))),hỏi thế gian tình ái là chi
Fear,quả mắt nhìn sợ vãi,quả mắt nhìn sợ vãi
Anger,vặt đôi gương cảnh cáo :)),vặt đôi gương cảnh cáo
Enjoyment,per chúng ta vẩn xài . kk,per chúng ta vẩn xài kk
Other,per nhớ lần mua mộc ra bờ sông ghê . đã thế còn làm li đặc biệt . dm,per nhớ lần mua mộc ra bờ sông ghê đã thế còn làm li đặc biệt địt mẹ
Disgust,cảm xúc đéo gì khi mà họp lớp đéo đi,cảm xúc đéo gì khi mà họp lớp đéo đi
Disgust,vừa xử lí vừa thải nước bẩn ra liên tục thì coi như bó tay,vừa xử lí vừa thải nước bẩn ra liên tục thì coi như bó tay
Enjoyment,moá cưng quá ??,moá cưng quá
Disgust,má con đàn bà thối mồm gặp thằng say hèm,má con đàn bà thối mồm gặp thằng say hèm
Enjoyment,đó là dấu hiện của sự trưởng thành =))))))))),đó là dấu hiện của sự trưởng thành
Enjoyment,cứ mỗi lần có phim hay là xách nhau đi 🤣,cứ mỗi lần có phim hay là xách nhau đi 🤣
Surprise,vãi đông như này á 😢,vãi đông như này á 😢
Enjoyment,cười muốn tắt thở 😂😂😂,cười muốn tắt thở 😂
Other,ừ thế là kể từ đấy về sau đứa con trai nào cũng trở thành huynh đệ với nó hết,ừ thế là kể từ đấy về sau đứa con trai nào cũng trở thành huynh đệ với nó hết
Sadness,per không lẽ sau này kím bạn trai không tập gym 😖,per không lẽ sau này kím bạn trai không tập gym 😖
Sadness,per huhuu không biết lúc đấy thực tập chưa :(((,per huhuu không bt lúc đấy thực tập chưa
Enjoyment,chất quá .. haha,chất quá haha
Disgust,"per cái thứ yêu nghiệt này cứ thấy tao như thấy crush , cứ gặp tao là đuổi :)",per cái thứ yêu nghiệt này cứ thấy tao như thấy người mình thích cứ gặp tao là đuổi
Other,"ốm cũng được , chỉ cần mát thôi 😌",ốm cũng được chỉ cần mát thôi 😌
Other,cái vị mà ai cũg muốn thử và mỗi người thử lại cảm nhận được một vị riêng,cái vị mà ai cũg muốn thử và mỗi người thử lại cảm nhận được một vị riêng
Surprise,per mày ăn ở kiểu gì mà ra được cái này luôn thế,per mày ăn ở kiểu gì mà ra được cái này luôn thế
Disgust,chứ còn con mẹ gì nữa 😔,chứ còn con mẹ gì nữa 😔
Other,"per 2ce thì có thể làm được , ly mà làm như vầy thì 🤣",per 2ce thì có thể làm được ly mà làm như vầy thì 🤣
Disgust,- chủ tịch giả nghèo bán vé số và cái kết -> đừng bao giờ xem thường người khác,chủ tịch giả nghèo bán vé số và cái kết đừng bao giờ xem thường người khác
Other,phải giết ngay không nó lại đẻ trứng,phải giết ngay không nó lại đẻ trứng
Enjoyment,yêu chết dược 😍😍😍,yêu chết dược 😍
Enjoyment,"thằng bạn ngồi kế bên lớp 2 nhà bán vàng mà nó học dốt , thế là làm bình thường về nhà cho nó , 1 bài 2k , mồi ngày kiếm 8 - 10k 🤑",thằng bạn ngồi kế bên lớp 2 nhà bán vàng mà nó học dốt thế là làm bình thường về nhà cho nó 1 bài 2k mồi ngày kiếm 8 10k 🤑
Sadness,để tao nấu thì quên luôn . xác định tối đó đói :((,để tao nấu thì quên luôn xác định tối đó đói
Enjoyment,ngưỡn mộ chi lâu lắm oy . mà giờ biết thêm nhiều về chj nữa nên càng yêuc chj nhiều hơn 😍😍😍,ngưỡn mộ chi lâu lắm oy mà giờ bt thêm nhiều về chj nữa nên càng yêuc chj nhiều hơn 😍
Enjoyment,haha cứ lên xuống thấp thỏm kìa ..,haha cứ lên xuống thấp thỏm kìa
Other,còn nhiều người chưa có người yêu lắm :),còn nhiều người chưa có người yêu lắm
Enjoyment,các bạn trẻ ! người lớn có thể nghe thấy tiếng chó kêu mà không hành động gì để cứu vớt . các em thật đáng khen . cần những bạn trẻ nhân ái như các bạn .,các bạn trẻ người lớn có thể nghe thấy tiếng chó kêu mà không hành động gì để cứu vớt các em thật đáng khen cần những bạn trẻ nhân ái như các bạn
Enjoyment,cuối cùng per cũng thành công rồi nha per nha,cuối cùng per cũng thành công rồi nha per nha
Enjoyment,🤣 lau mặt bằng quần chíp của vợ à ?,🤣 lau mặt bằng quần chíp của vợ à
Disgust,đồng nghiệp của tôi là ai 😑,đồng nghiệp của tôi là ai 😑
Disgust,con chó có đuôi . con người có ý thức . đm mấy thằng lol này ý thức đéo bằng con ruồi .,con chó có đuôi con người có ý thức địt mẹ mấy thằng lol này ý thức đéo bằng con ruồi
Fear,"khi xưa bị rượt 1 lần mà nhớ đời , còn mổ tao nữa chứ 😨😨😨",khi xưa bị rượt 1 lần mà nhớ đời còn mổ tao nữa chứ 😨
Disgust,việc mày giận lại không còn quan trọng khi mày đéo còn là món mà nó hứng thú nữa 🙂,việc mày giận lại không còn quan trọng khi mày đéo còn là món mà nó hứng thú nữa 🙂
Fear,gì mà ghê vậy 😑 sởn gai ốc,gì mà ghê vậy 😑 sởn gai ốc
Enjoyment,ngầu lắm bạn ạ ^^,ngầu lắm bạn ạ
Enjoyment,thực ra chỉ cần nhập đúng input là được thôi mà :d,thực ra chỉ cần nhập đúng input là được thôi mà d
Enjoyment,dăm ba chuyện hẹn hò có gì hay ho 😌 nhưng mà thi thoảng có dăm ba cái chuyện này cũng hay 🙂 tóm lại xem để giải trí đỡ buồn cũng tốt 🙂,dăm ba chuyện hẹn hò có gì hay ho 😌 nhưng mà thi thoảng có dăm ba cái chuyện này cũng hay 🙂 tóm lại xem để giải trí đỡ buồn cũng tốt 🙂
Other,t tưởng nó nói tiếng việt chứ,tao tưởng nó nói tiếng việt chứ
Enjoyment,má đáng yêuc quá dạyyyy ??,má đáng yêuc quá dạy
Other,per đẳng cấp nào rồi em,per đẳng cấp nào rồi em
Enjoyment,"sao mày không như crush của tao , thuỷ triều lên cũng đéo sợ nhé 😆",sao mày không như người mình thích của tao thuỷ triều lên cũng đéo sợ nhé 😆
Sadness,khổ thân vãi :)) xong bà lườm luôn :)),khổ thân vãi xong bà lườm luôn
Other,học sinh cứ làm mấy việc tốt như thế này có phải các phụ huynh yên tâm không . 😍😍,học sinh cứ làm mấy việc tốt như thế này có phải các phụ huynh yên tâm không 😍😍
Enjoyment,dù trời có sập cũng phải ăn đã nhé :))) anh có gấp lắm cũng phải chờ em nhé 🤣🤣🤣,dù trời có sập cũng phải ăn đã nhé anh có gấp lắm cũng phải chờ em nhé 🤣
Enjoyment,cưng thiệt chớ ????,cưng thiệt chớ
Other,"màu này lạ quá , kết hợp hài hòa đẹp quá",màu này lạ quá kết hợp hài hòa đẹp quá
Other,"dùng iq xíu đi mấy má , người ta đang mô tả tình yêu của người ta",dùng iq xíu đi mấy má người ta đang mô tả tình yêu của người ta
Other,đây là hình ảnh của boss trước khi có vợ và sau khi có vợ là một tr một vực,đây là hình ảnh của boss trước khi có vợ và sau khi có vợ là một trời một vực
Disgust,ý thức người khác không tốt thì cũng chẳng bao biện được hành xử của bạn không tốt . nghe từ đầu đến cuối là tiếng la hét chửi rủa -.-,ý thức người khác không tốt thì cũng chẳng bao biện được hành xử của bạn không tốt nghe từ đầu đến cuối là tiếng la hét chửi rủa
Fear,"thật là romantic , mà mà mà ... sao nghĩ tới cảnh động phòng hoa chúc tao thấy nhột nhột lỗ đít 😧😧",thật là romantic mà mà mà sao nghĩ tới cảnh động phòng hoa chúc tao thấy nhột nhột lỗ đít 😧😧
Anger,"per đi coi phim coi , hẹn quài luôn á",per đi coi phim coi hẹn quài luôn á
Enjoyment,bố là số 1 vĩ đại hơn những gì con cần,bố là số 1 vĩ đại hơn những gì con cần
Disgust,tưởng thế mà ngầu,tưởng thế mà ngầu
Sadness,hôm nay anh xin lỗi em về những việc anh đã làm hôm nay .. anh không thể kiểm soát não anh được nữa rồi 🤫,hôm nay anh xin lỗi em về những việc anh đã làm hôm nay anh không thể kiểm soát não anh được nữa rồi 🤫
Enjoyment,thế này mà gặp per thì phải chạy phọt dắm ra quần per nhỉ,thế này mà gặp per thì phải chạy phọt dắm ra quần per nhỉ
Sadness,sao nỡ lòng nào khiển trách bác ấy . còn họp kiểm điểm nữa . tội quá .,sao nỡ lòng nào khiển trách bác ấy còn họp kiểm điểm nữa tội quá
Sadness,khổ nhân viên,khổ nhân viên
Fear,mới ho mà đã như thế nào thì lấy chồng chắc sống trong bệnh viện cả đời mất thôi,mới ho mà đã như thế nào thì lấy chồng chắc sống trong bệnh viện cả đời mất thôi
Anger,hồi lúc nhà tao nuôi mấy con ngỗng . mỗi lần đi ngang nó là nó đòi dí cắn mà trong khi tao là người cho nó ăn . thứ ngu như bò 😤😤,hồi lúc nhà tao nuôi mấy con ngỗng mỗi lần đi ngang nó là nó đòi dí cắn mà trong khi tao là người cho nó ăn thứ ngu như bò 😤😤
Surprise,thế mà cũng bắt được siêu vãi,thế mà cũng bắt được siêu vãi
Enjoyment,per ê xem đi phim này lâu rồi nhưng mà hay lắm,per ê xem đi phim này lâu rồi nhưng mà hay lắm
Sadness,còn tao thì còn không có nổi 1 người tỏ ra thân thiết quan tâm cơ . _ .,còn tao thì còn không có nổi 1 người tỏ ra thân thiết quan tâm cơ
Sadness,có gặp cũng đéo dám ngẩng đầu lên nhìn,có gặp cũng đéo dám ngẩng đầu lên nhìn
Fear,"công nhận lãng mạn thật , nhưng tao đang tưởng tượng cái cảnh động phòng , eo ơi ......",công nhận lãng mạn thật nhưng tao đang tưởng tượng cái cảnh động phòng eo ơi
Other,ông định làm gì anh vợ tôi ?,ông định làm gì anh vợ tôi
Sadness,có đủ mọi gia vị :< em thấy vị đắng của sự chua sót quá nhiều :),có đủ mọi gia vị em thấy vị đắng của sự chua sót quá nhiều
Anger,thằng chó chết mày quá dã ư,thằng chó chết mày quá dã ư
Sadness,có duyên nhưng không có phận ... người ở lại vẫn luôn là người đau nhất !,có duyên nhưng không có phận người ở lại vẫn luôn là người đau nhất
Other,per hôm nay c cũng bị giống thằng này này,per hôm nay c cũng bị giống thằng này này
Enjoyment,mua thêm vài trăm con cá xấu thả chắc vui hơn,mua thêm vài trăm con cá xấu thả chắc vui hơn
Sadness,:( cầu chúa ơn nhiều ban bình an cho những người kém may mắn như vậy,cầu chúa ơn nhiều ban bình an cho những người kém may mắn như vậy
Disgust,đéo hề dễ thương khi nó cười với đứa khác :)),đéo hề dễ thương khi nó cười với đứa khác
Other,dài quá vướn víu,dài quá vướn víu
Fear,nhiều lúc sợ bị pê đi,nhiều lúc sợ bị pê đi
Sadness,"trượt rồi , còn đâu mà rủ 😞",trượt rồi còn đâu mà rủ 😞
Disgust,hình như đây là 3 đứa ranh con củ lồn đó ((:,hình như đây là 3 đứa ranh con củ lồn đó
Disgust,"kiến đỏ thì được , nhưng đây thì lại mấy con kiến hay bò qua cứt .... mấy ổng ăn ngon vãi 😐",kiến đỏ thì được nhưng đây thì lại mấy con kiến hay bò qua cứt mấy ổng ăn ngon vãi 😐
Enjoyment,azz :3 mặt cưng xĩu,azz 3 mặt cưng xĩu
Fear,"lâu lắm đéo được gặp nhện trong wc , quên mất cảm giác nhịn ỉa như nào rồi 😂",lâu lắm đéo được gặp nhện trong wc quên mất cảm giác nhịn ỉa như nào rồi 😂
Anger,cái thứ bán hàng đéo có tâm . rồi mày sẽ ế bánh cho mà xem,cái thứ bán hàng đéo có tâm rồi mày sẽ ế bánh cho mà xem
Disgust,ko biết đúng sai như thế nào giờ báo đài ai cũng bênh ông vũ tự nhiên cảm thấy táo xàm vì tiền bất chấp .,không bt đúng sai như thế nào giờ báo đài ai cũng bênh ông vũ tự nhiên cảm thấy táo xàm vì tiền bất chấp
Enjoyment,gặp tao cũng thế :))),gặp tao cũng thế
Enjoyment,"cái quá phơi lúa xong mưa , tao đang cười vì bà béo thì phải ngậm mồm .",cái quá phơi lúa xong mưa tao đang cười vì bà béo thì phải ngậm mồm
Disgust,chụp xong về chia tay ráng chịu :))),chụp xong về chia tay ráng chịu
Enjoyment,"per huyền thoại , kkkk",per huyền thoại không
Enjoyment,3 chàng ngốc . top 1imdb phim đáng xem nhất mọi thời đại,3 chàng ngốc top 1imdb phim đáng xem nhất mọi thời đại
Disgust,giống con nít quá ba :))),giống con nít quá ba
Disgust,đúng là thằng admin khùng,đúng là thằng admin khùng
Enjoyment,"ngày xưa toàn bị mẹ đánh bằng dây điện , vụt phát nào ứa máu phát đấy . giờ nghĩ lại tự nhiên lại thấy hay , vì ngày xưa mẹ nghiêm khắc như thế giờ mình mới ngoan 🙂",ngày xưa toàn bị mẹ đánh bằng dây điện vụt phát nào ứa máu phát đấy giờ nghĩ lại tự nhiên lại thấy hay vì ngày xưa mẹ nghiêm khắc như thế giờ mình mới ngoan 🙂
Anger,thằng dăm này phải cho vào tù nó mới biết thế nào là dâm rê,thằng dăm này phải cho vào tù nó mới bt thế nào là dâm rê
Surprise,per cú này hoành tráng hơn bệnh nhân của anh luôn nè,per cú này hoành tráng hơn bệnh nhân của anh luôn nè
Surprise,cái này đẹp tía,cái này đẹp tía
Enjoyment,nào tao cũng phải thử =)))),nào tao cũng phải thử
Disgust,ngu thì chết . chẳng biết nó nghĩ sao mà lao vô cướp ngân hàng ... có thằng nào thoát bao giờ đâu . không biết nó có hiểu không 😅😅😅,ngu thì chết chẳng bt nó nghĩ sao mà lao vô cướp ngân hàng có thằng nào thoát bao giờ đâu không bt nó có hiểu không 😅
Other,này 2 đứa . đã chia tay chưa . chia tay rồi có xem lại video này không .,này 2 đứa đã chia tay chưa chia tay rồi có xem lại video này không
Other,cho hết vào trường giáo dưỡng,cho hết vào trường giáo dưỡng
Other,cao su không thu mà đồi cao su đắt vậy,cao su không thu mà đồi cao su đắt vậy
Enjoyment,per gặp thần tượng mỗi ngày kkk,per gặp thần tượng mỗi ngày không
Other,lâu lắm không nghe bài này .. có bà bạn bình luận dạo mới nghe lại ??,lâu lắm không nghe bài này có bà bạn bình luận dạo mới nghe lại
Anger,con mèo mặt lol dám đập con thỏ của tao sao 😡😡😡. dkm mày,con mèo mặt lol dám đập con thỏ của tao sao 😡 dkm mày
Enjoyment,sau nay em cung uoc duoc nhu vay ❤,sau nay em cung uoc duoc nhu vay ❤
Enjoyment,ngộ nghĩnh nhỉ ! lạ lờ nhỉ !,ngộ nghĩnh nhỉ lạ lờ nhỉ
Sadness,một năm đầy biến động và thăng trầm của nước pháp ☹️,một năm đầy biến động và thăng trầm của nước pháp ☹️
Disgust,"dm gì cũng bắt phải làm , phí thu vãi thì chả top1 :))) nhân với chả viên",địt mẹ gì cũng bắt phải làm phí thu vãi thì chả top1 nhân với chả viên
Enjoyment,per :)) hiểu được nỗi lòng anh chưa ! mốt đừng giận anh nhiều nữa nha,per hiểu được nỗi lòng anh chưa mốt đừng giận anh nhiều nữa nha
Surprise,việt nam có hệ thống bật tường sắt như nước ngoài luôn à :v,việt nam có hệ thống bật tường sắt như nước ngoài luôn à v
Disgust,nhìn mặt con mèo là thấy ghét rồi,nhìn mặt con mèo là thấy ghét rồi
Sadness,phận làm con trai haizz,phận làm con trai haizz
Disgust,chơi ngu vừa thôi mày,chơi ngu vừa thôi mày
Other,thiết kế vậy tiện . nào hư của xe thì lấy của quạt gắn vào đỡ mất tiền thay,thiết kế vậy tiện nào hư của xe thì lấy của quạt gắn vào đỡ mất tiền thay
Other,biết bao khó khăn mới được vậy,bt bao khó khăn mới được vậy
Sadness,3 giờ sáng nằm xem xong khóc miên man 😢😢,3 giờ sáng nằm xem xong khóc miên man 😢😢
Enjoyment,em mình là con trai viết đẹp y chang thế này nhé,em mình là con trai viết đẹp y chang thế này nhé
Other,hóa chó nhiều quá thì cũng có lúc phải hóa thành người chứ =)))),hóa chó nhiều quá thì cũng có lúc phải hóa thành người chứ
Anger,dm con già mà hành xử trâu chó . đời nó sẽ gặp báo ứng,địt mẹ con già mà hành xử trâu chó đời nó sẽ gặp báo ứng
Enjoyment,per má có điểm cho sướng vãi,per má có điểm cho sướng vãi
Enjoyment,cảm ơn những người thả 😡 nên mình biết là đéo hay nên mình đéo xem . may vãi,cảm ơn những người thả 😡 nên mình bt là đéo hay nên mình đéo xem may vãi
Other,đề này cũng bình thường mà đâu có khó,đề này cũng bình thường mà đâu có khó
Disgust,mắc dại thiệt chứ,mắc dại thiệt chứ
Disgust,kém sang,kém sang
Sadness,thanh xuân là để bỏ lỡ 😔,thanh xuân là để bỏ lỡ 😔
Other,tẩy được bao nhiêu mà hô hào gớm thế,tẩy được bao nhiêu mà hô hào gớm thế
Other,công khai biết sai sao vẫn làm .,công khai bt sai sao vẫn làm
Enjoyment,năm ngoái nhìn rồi năm nay ở nhà xem lại phim ác quỷ valak the nun .😄😄,năm ngoái nhìn rồi năm nay ở nhà xem lại phim ác quỷ valak the nun 😄😄
Enjoyment,đẹp trai v :((((,đẹp trai vậy
Disgust,"chủ quá vô tâm ?? thà đừng có nuôi , nhà tôi nuôi chó cỏ thôi nhưng vẫn tim thuốc định kì đấy ??",chủ quá vô tâm thà đừng có nuôi nhà tôi nuôi chó cỏ thôi nhưng vẫn tim thuốc định kì đấy
Disgust,do kiếp trước mày nghiệp nhiều quá lên giờ phải trả thôi,do kiếp trước mày nghiệp nhiều quá lên giờ phải trả thôi
Enjoyment,có tâm mới có tầm haha,có tâm mới có tầm haha
Surprise,lấy tiền tỷ mat phạt có 5tr thôi á ?,lấy tiền tỷ mat phạt có 5tr thôi á
Sadness,per nghe lại buồn vãi,per nghe lại buồn vãi
Sadness,năm nay chạnh lòng quá . haizz,năm nay chạnh lòng quá haizz
Enjoyment,"mình theo dõi mấy nick quân nhân , tập trận , pccc ... hay vãi luôn á .",mình theo dõi mấy nick quân nhân tập trận pc hay vãi luôn á
Fear,ám ảnh đến bây giờ 24 tuổi vẫn sợ ngỗng :))),ám ảnh đến bây giờ 24 tuổi vẫn sợ ngỗng
Other,"thao trường đổ mồ hôi để chiến trường đỡ đổ máu , ý thức từ bé đi 🙂",thao trường đổ mồ hôi để chiến trường đỡ đổ máu ý thức từ bé đi 🙂
Disgust,"và mấy mẹ thấy mỗi cái chi tiết : ông vũ khuyên bà thảo lui về sau . chăm lo cho gia đình .,,, là gào mồm lên , kêu đàn ông gia trưởng này nọ , vũ phu , bảo thủ nọ kia .... đúng là toàn mấy con bò ... chả ai hiểu bà thảo bằng ông vũ cả đâu , người ta khuyên vợ lui về vì thừa biết tính vợ , tầm nhìn của vợ đến đâu . còn thực vợ giỏi , có tầm thì chả thằng nào không muốn sát cánh , đồng lòng với người chăn gối , tay ấp cùng mình cả . vấn đề là cái tầm của bà thảo để mà đưa tn đi lên chỉ có vậy , vì đó là tâm trí của một con buôn .",và mấy mẹ thấy mỗi cái chi tiết ông vũ khuyên bà thảo lui về sau chăm lo cho gia đình là gào mồm lên kêu đàn ông gia trưởng này nọ vũ phu bảo thủ nọ kia đúng là toàn mấy con bò chả ai hiểu bà thảo bằng ông vũ cả đâu người ta khuyên vợ lui về vì thừa bt tính vợ tầm nhìn của vợ đến đâu còn thực vợ giỏi có tầm thì chả thằng nào không muốn sát cánh đồng lòng với người chăn gối tay ấp cùng mình cả vấn đề là cái tầm của bà thảo để mà đưa tn đi lên chỉ có vậy vì đó là tâm trí của một con buôn
Enjoyment,"ba cái đồ yêu , 1 ngày 2 lần nấu đây , ngon bá cháy bọ chét nhé , thơm mùi khói nữa …",ba cái đồ yêu 1 ngày 2 lần nấu đây ngon bá cháy bọ chét nhé thơm mùi khói nữa …
Disgust,nó sẵn sàng kiếm cớ bỏ người đang quen để theo người có tiền nhiều hơn,nó sẵn sàng kiếm cớ bỏ người đang quen để theo người có tiền nhiều hơn
Other,tại ông bố bảo thủ hết,tại ông bố bảo thủ hết
Anger,"trung thi thì liên quan mẹ gì đến việc có gấu , tao thà ngồi nhà cho khỏe để xem mấy thằng đó dắt vợ của thằng khác đi chơi !!",trung thi thì liên quan mẹ gì đến việc có gấu tao thà ngồi nhà cho khỏe để xem mấy thằng đó dắt vợ của thằng khác đi chơi
Enjoyment,:))) đồng nghiệp đáng yêu,đồng nghiệp đáng yêu
Enjoyment,chuẩn không cần chỉnh chỉ cần sửa thôi ...,chuẩn không cần chỉnh chỉ cần sửa thôi
Enjoyment,chuẩn lun,chuẩn lun
Disgust,dume hẩy kiểu đó làm sao mấy bà kia ăn dô nữa 🙂,dume hẩy kiểu đó làm sao mấy bà kia ăn dô nữa 🙂
Enjoyment,crush của tao cười hơi bị xinh :3 xinh + cười = đỗ mãi • 3 •,người mình thích của tao cười hơi bị xinh 3 xinh cười đỗ mãi • 3 •
Disgust,"trông mấy anh bên người ta vẫn men nhỉ , bên mình bạn nam dưới nhìn hơi íu đúi .",trông mấy anh bên người ta vẫn men nhỉ bên mình bạn nam dưới nhìn hơi íu đúi
Surprise,woa ... dài dữ ..😃😃,woa dài dữ 😃😃
Fear,đừng ai lấy cả hộp kẹp của anh ý nhé :(((,đừng ai lấy cả hộp kẹp của anh ý nhé
Sadness,lại mất tiền ngu,lại mất tiền ngu
Other,có người còn thả haha não gì ấy nhỉ . gạch đá xin nhận,có người còn thả haha não gì ấy nhỉ gạch đá xin nhận
Enjoyment,sau vụ 200k thì vụ 5tr này có nội dung hài hước y hịt :)))),sau vụ 200k thì vụ 5tr này có nội dung hài hước y hịt
Other,sang năm khênh hẳn giường ra nằm xem cho đỡ mỏi lưng,sang năm khênh hẳn giường ra nằm xem cho đỡ mỏi lưng
Fear,má chắc gặp tao chạy mất giày,má chắc gặp tao chạy mất giày
Sadness,thế chân ngắn như tao thì phải làm sao với cái cầu,thế chân ngắn như tao thì phải làm sao với cái cầu
Enjoyment,phim rất ư là hay lun quả xứng đáng là đạo diễn phim việt nam tài ba,phim rất ư là hay lun quả xứng đáng là đạo diễn phim việt nam tài ba
Disgust,mẹ mấy tk chê này chê nọ thử chạy 5 vòng sân bóng đá đi đã rồi hãy phán người khác .,mẹ mấy tài khoản chê này chê nọ thử chạy 5 vòng sân bóng đá đi đã rồi hãy phán người khác
Disgust,thằng biến thái,thằng biến thái
Enjoyment,ra xã hội rồi mới biết mình còn may mắn hơn rất nhiều người vậy nên hãy trân trọng những gì mình có 😊,ra xã hội rồi mới bt mình còn may mắn hơn rất nhiều người vậy nên hãy trân trọng những gì mình có 😊
Anger,đéo thấy vui đến lúc nó dừng xe đạp nó vả cho vỡ mõm lại hỏi tại sao 😌,đéo thấy vui đến lúc nó dừng xe đạp nó vả cho vỡ mõm lại hỏi tại sao 😌
Enjoyment,đầu năm chúc đại kỷ nguyên vạn sự như ý nhé,đầu năm chúc đại kỷ nguyên vạn sự như ý nhé
Other,"hồi nhỏ chỉ khi nào mẹ làm bánh tai yến thì mới dùng tới bếp dầu hôi này , không là bỏ tủ để dành",hồi nhỏ chỉ khi nào mẹ làm bánh tai yến thì mới dùng tới bếp dầu hôi này không là bỏ tủ để dành
Disgust,khi bạn ngu tất cả các lĩnh vực như toán học văn học nhưng vẫn cố tỏ ra nguy hiểm,khi bạn ngu tất cả các lĩnh vực như toán học văn học nhưng vẫn cố tỏ ra nguy hiểm
Sadness,tự nhiên mình lại không muốn làm single mum nữa -.-,tự nhiên mình lại không muốn làm single mum nữa
Other,quan trọng là đồng nghiệp tốt và sếp,quan trọng là đồng nghiệp tốt và sếp
Sadness,không có gì là tồn tại mãi nhỉ,không có gì là tồn tại mãi nhỉ
Sadness,đau lòng lắm khi tối nay chồng tương lai của tao lại cống hiến sức lực để chăm sóc vợ thằng khác ..,đau lòng lắm khi tối nay chồng tương lai của tao lại cống hiến sức lực để chăm sóc vợ thằng khác
Disgust,nhiều cụ cứ chửi người ta mà không chịu xem lại bản thân mình :)),nhiều cụ cứ chửi người ta mà không chịu xem lại bản thân mình
Disgust,đi hành xác chẳng có cái vẹo gì :))) tao đi 1 lần tao cạch,đi hành xác chẳng có cái vẹo gì tao đi 1 lần tao cạch
Other,chưa hoàn thiện hết đâu .,chưa hoàn thiện hết đâu
Enjoyment,các bạn đã xuất sắc hoàn thành nhiệm vụ,các bạn đã xuất sắc hoàn thành nhiệm vụ
Disgust,"chạy xe ra đường mà che kín mặt , làm sao mà quan sát xung quanh được . đúng là ninja xành điệu , mai mốt thành ninja bàn thờ cho mà xem .",chạy xe ra đường mà che kín mặt làm sao mà quan sát xung quanh được đúng là ninja xành điệu mai mốt thành ninja bàn thờ cho mà xem
Enjoyment,per mỗi ngày đi làm thấy per là như có thêm power cho 1 ngày siêng năng !!!!,per mỗi ngày đi làm thấy per là như có thêm power cho 1 ngày siêng năng
Disgust,con gái thật lòng nhất khi con trai không có gì . con trai thật lòng nhất khi anh ta có tất cả mọi thứ . cuộc sống mà 🙄 có chắc mình thấy gái xinh là không tớn lên không mà đòi con người ta không mê tiền . phát biểu nghe thực dụng vãi,con gái thật lòng nhất khi con trai không có gì con trai thật lòng nhất khi anh ta có tất cả mọi thứ cuộc sống mà 🙄 có chắc mình thấy gái xinh là không tớn lên không mà đòi con người ta không mê tiền phát biểu nghe thực dụng vãi
Disgust,"dume lương cao nhất vẫn là các lãnh đạo nhé , trăm đến nghìn tỷ :))) mà toàn chạy thêm xe ôm với bán rau :))))",dume lương cao nhất vẫn là các lãnh đạo nhé trăm đến nghìn tỷ mà toàn chạy thêm xe ôm với bán rau
Enjoyment,cuối cùng tao cũng được xem hết mấy cái video mà trước đọc comt đéo hiểu gì 🤣🤣,cuối cùng tao cũng được xem hết mấy cái video mà trước đọc comt đéo hiểu gì 🤣🤣
Disgust,cái phim vietsub đang hay lồng tiếng vào nghe dị ứng thật 😒😒,cái phim vietsub đang hay lồng tiếng vào nghe dị ứng thật 😒😒
Other,nắng quá chứ bộ ai muốn,nắng quá chứ bộ ai muốn
Other,sau vụ này ý thức đậu đỗ xe của tài xế sẽ tốt hơn rất nhiều !,sau vụ này ý thức đậu đỗ xe của tài xế sẽ tốt hơn rất nhiều
Sadness,hôm ấy tao chân ướt chân ráo từ quận 6 lên quận 3 cũng rẽ trái đoạn ntmk và cmt8 . mất 3 lít :( khôn hẳn ra,hôm ấy tao chân ướt chân ráo từ quận 6 lên quận 3 cũng rẽ trái đoạn ntmk và cmt8 mất 3 lít khôn hẳn ra
Fear,nổii da gà hic,nổii da gà hic
Enjoyment,tìm mọi lí do để có thể chạy xe ngang nhà nhìn nhà nó phát xong cười mãn nguyện đi về :)),tìm mọi lí do để có thể chạy xe ngang nhà nhìn nhà nó phát xong cười mãn nguyện đi về
Fear,nguy hiểm lắm,nguy hiểm lắm
Disgust,ông này chính xa ́ c làm biến nhất thế giới !!! để bộ móng tay như thế này sao làm được mọi viê ̣ c !,ông này chính xa ́ c làm biến nhất thế giới để bộ móng tay như thế này sao làm được mọi viê ̣ c
Enjoyment,tính ra tao lúc nào cũng hài hước vui vẻ luôn đó trời :)))),tính ra tao lúc nào cũng hài hước vui vẻ luôn đó trời
Sadness,"cũng tùy , đôi khi không cần vật chất mà chỉ cần động viên , san sẽ những khi con mình vấp ngã hay khó khăn trong cuộc sống thì ...",cũng tùy đôi khi không cần vật chất mà chỉ cần động viên san sẽ những khi con mình vấp ngã hay khó khăn trong cuộc sống thì
Sadness,cảm thấy bị tổn thương,cảm thấy bị tổn thương
Disgust,eo ....,eo
Fear,sởn gai ốc với chị ấy,sởn gai ốc với chị ấy
Other,"haha con hãm bán nước hoa fake mà kêu real , bị tao vạch mặt rồi block tao",haha con hãm bán nước hoa fake mà kêu real bị tao vạch mặt rồi block tao
Disgust,hóng mấy đứa mấy thằng tag người yêu rồi ảo tưởng như thế này xd,hóng mấy đứa mấy thằng tag người yêu rồi ảo tưởng như thế này xd
Sadness,"còn tôi thì lại khác , thanh xuân của tôi chả có bây giờ gặp được aiii và hạnh phúc bền lâu cả :(",còn tôi thì lại khác thanh xuân của tôi chả có bây giờ gặp được ai và hạnh phúc bền lâu cả
Other,càng nhìn tấm ảnh càng thấy thương cha mẹ nhiều hơn,càng nhìn tấm ảnh càng thấy thương cha mẹ nhiều hơn
Fear,"ám ảnh hồi bé của c , con này trông nhà oke hơn cả chó luôn",ám ảnh hồi bé của c con này trông nhà ok hơn cả chó luôn
Other,cai lo xô tôi đang xài mỗi ngày,cai lo xô tôi đang xài mỗi ngày
Other,hình như xe biển xanh,hình như xe biển xanh
Disgust,lớp tao thì học nhau 3 năm chụp kỉ yếu nói : đéo có tiền đi chụp . địt mẹ mấy con mặt lồn . quá đen khi học còn mấy con đấy,lớp tao thì học nhau 3 năm chụp kỉ yếu nói đéo có tiền đi chụp địt mẹ mấy con mặt lồn quá đen khi học còn mấy con đấy
Surprise,trời ơi quảng cáo ngói mà sống động quá,trời ơi quảng cáo ngói mà sống động quá
Enjoyment,"hy vọng chừng đó con đã đi mẫu giáo lớn , 1 xe bảy chổ và nhà hai tấm 🤣",hy vọng chừng đó con đã đi mẫu giáo lớn 1 xe bảy chổ và nhà hai tấm 🤣
Other,per đừng lầm tưởng,per đừng lầm tưởng
Disgust,bưởi chín nó như vậy đấy ngu ạ,bưởi chín nó như vậy đấy ngu ạ
Other,không sao đâu :) bệnh này lây qua đường tình bạn,không sao đâu bệnh này lây qua đường tình bạn
Anger,1 bạt tai 2 đạp chứ ở đó bướng,1 bạt tai 2 đạp chứ ở đó bướng
Disgust,súc vật là có thật .😏,súc vật là có thật 😏
Enjoyment,anh vui thì anh ngồi thôi ... chú cự để mặc anh . :v,anh vui thì anh ngồi thôi chú cự để mặc anh v
Enjoyment,"phim này nên xem và thuộc mấy đoạn thoại , rất hay",phim này nên xem và thuộc mấy đoạn thoại rất hay
Sadness,vn là vậy . bn công chăm sóc của tao đổ sông đổ biển .,vn là vậy bn công chăm sóc của tao đổ sông đổ biển
Other,thế em ăn anh được không ?,thế em ăn anh được không
Enjoyment,như kiểu người yêu luôn ấy =))) nhẹ nhàng,như kiểu người yêu luôn ấy nhẹ nhàng
Enjoyment,per cđ chỉ cần đơn giản như thế đã ấm lòng thế ... rơi cả nói chuyện mắt ...,per cđ chỉ cần đơn giản như thế đã ấm lòng thế rơi cả nói chuyện mắt
Sadness,chỉ mong cảnh này sẽ không còn xãy ra ở xã hội này nữa . bất hạnh vậy đủ rồi 😞🙁,chỉ mong cảnh này sẽ không còn xãy ra ở xã hội này nữa bất hạnh vậy đủ rồi 😞🙁
Disgust,đúng phải chia tay gặp loại óc chó thế này cơ mà,đúng phải chia tay gặp loại óc chó thế này cơ mà
Disgust,xạo quá add ơi ! y tế nào lương 24tr thế ?,xạo quá add ơi y tế nào lương 24tr thế
Sadness,"tao thì chưa cắt thì đã đéo có sức hút rồi cắt , bùn vãi",tao thì chưa cắt thì đã đéo có sức hút rồi cắt bùn vãi
Enjoyment,"per đâ ́ y , hiê ̉ u vi ̀ sao nên cha ̀ o mo ̣ i ngươ ̀ i chưa",per đâ ́ y hiê ̉ u vi ̀ sao nên cha ̀ o mo ̣ i ngươ ̀ i chưa
Other,khó hiểu lắm,khó hiểu lắm
Sadness,ước gì tôi cũng được kiên trì như anh ấy để dạy con gào mất nết nhà tôi 😪,ước gì tôi cũng được kiên trì như anh ấy để dạy con gào mất nết nhà tôi 😪
Disgust,con này ăn cức mà lớn hay sao ấy . đánh không lại thì chạy ngu như bò đứng cho tụi nó đánh,con này ăn cức mà lớn hay sao ấy đánh không lại thì chạy ngu như bò đứng cho tụi nó đánh
Disgust,khi nào có người mang trầu cau sang hỏi cưới thì tao kết hôn . hỏi thừa thế 😒,khi nào có người mang trầu cau sang hỏi cưới thì tao kết hôn hỏi thừa thế 😒
Enjoyment,cho em canh với . hehe,cho em canh với hehe
Enjoyment,"vừa về xong , phải nói là đông vãi đông chứ không phải đông bình thường =))))",vừa về xong phải nói là đông vãi đông chứ không phải đông bình thường
Enjoyment,trên đời vẫn còn nhiều điều tốt đẹp ❤️,trên đời vẫn còn nhiều điều tốt đẹp ❤️
Sadness,chắc học từ bỏ quá,chắc học từ bỏ quá
Enjoyment,mẹ thấy đơn giản không ? đấy giờ chỉ việc lên số cái .... lên ...☝️☝️,mẹ thấy đơn giản không đấy giờ chỉ việc lên số cái lên ☝️☝️
Disgust,và thế những thanh niên ô dâm vào bình luận về cô giáo mình như đúng rồi . nhân cách mất mẹ nó rồi,và thế những thanh niên ô dâm vào bình luận về cô giáo mình như đúng rồi nhân cách mất mẹ nó rồi
Disgust,per tôi có 1 thằng bạn lúc nào cũng chỉ lo dìm hàng chiều cao của tôi thôi .,per tôi có 1 thằng bạn lúc nào cũng chỉ lo dìm hàng chiều cao của tôi thôi
Sadness,yêu làm mẹ gì rồi phải chia tay người ơi,yêu làm mẹ gì rồi phải chia tay người ơi
Other,cô per vợ ông per - trung nguyên - có phải là cô giáo per huyền thoại không nhỉ ?,cô per vợ ông per trung nguyên có phải là cô giáo per huyền thoại không nhỉ
Other,chỉ sợ tốc độ ăn của dân mình thì không kịp gây hại thôi,chỉ sợ tốc độ ăn của dân mình thì không kịp gây hại thôi
Disgust,phạt là đúng rồi,phạt là đúng rồi
Other,cần có cơ quan chức năng tới để làm rõ vụ việc với ngư dân đã bắt nó,cần có cơ quan chức năng tới để làm rõ vụ việc với ngư dân đã bắt nó
Disgust,ai bảo đi mách lẻo làm gì chúng nó chả đánh cho .,ai bảo đi mách lẻo làm gì chúng nó chả đánh cho
Enjoyment,chúc mừng em và chúc em học tập tốt ngành học đã chọn ! niềm tự hào của tây bắc !,chúc mừng em và chúc em học tập tốt ngành học đã chọn niềm tự hào của tây bắc
Disgust,t nghĩ thợ chụp đéo có tâm bằng thợ make đăng và thợ photoshop đâu,tao nghĩ thợ chụp đéo có tâm bằng thợ make đăng và thợ photoshop đâu
Disgust,"nói dân trí thấp lại tự ái , hỏi nhiều hỏng nhiệm vụ nó lại quy tội chống người thi hành công vụ thì ăn lồn",nói dân trí thấp lại tự ái hỏi nhiều hỏng nhiệm vụ nó lại quy tội chống người thi hành công vụ thì ăn lồn
Enjoyment,có chị em nào khu vực loc đi coi cùng mình không ...,có chị em nào khu vực loc đi coi cùng mình không
Other,vì ai cũng có mối quan tâm riêng,vì ai cũng có mối quan tâm riêng
Enjoyment,"nói câu sau là nuốt câu trước , y chang nuốt não nó v đó nhỉ kk thật thú vị",nói câu sau là nuốt câu trước y chang nuốt não nó vậy đó nhỉ kk thật thú vị
Other,mới mua p30 luôn,mới mua p30 luôn
Sadness,rồi nhận ra chỉ mình là cảm thấy như thế thôi hả :(,rồi nhận ra chỉ mình là cảm thấy như thế thôi hả
Disgust,nhìn cách dạy chó là biết cách dạy con,nhìn cách dạy chó là bt cách dạy con
Enjoyment,ngày nào cũng ngủ với mẹ rồi mà vẫn còn tiếc :))))),ngày nào cũng ngủ với mẹ rồi mà vẫn còn tiếc
Enjoyment,"thằng nào vẽ đẹp , vẽ giúp tao tấm ảnh per phòng hờ cúp điện không có tài liệu quay tay :(",thằng nào vẽ đẹp vẽ giúp tao tấm ảnh per phòng hờ cúp điện không có tài liệu quay tay
Disgust,cho chừa cái thói chạy xe khôn lõi,cho chừa cái thói chạy xe khôn lõi
Enjoyment,thề luôn con ngáo nó thích trêu mấy đứa sợ sợ như này =)),thề luôn con ngáo nó thích trêu mấy đứa sợ sợ như này
Anger,"đm tao quăng bể mẹ nó cái màn hình , chó admin - _ -",địt mẹ tao quăng bể mẹ nó cái màn hình chó admin
Other,không biết nguyên nhân từ đâu,không bt nguyên nhân từ đâu
Other,tài năng sáng tạo vẩy bút thôi cũng là nghệ thuật,tài năng sáng tạo vẩy bút thôi cũng là nghệ thuật
Fear,má :))) đoạn đeo mặt nạ kinh dị vkl :)),má đoạn đeo mặt nạ kinh dị vãi cả lồn
Disgust,thế mới bảo . chủ động riết rồi nó xem thường :)),thế mới bảo chủ động riết rồi nó xem thường
Other,cafe nguyên chất 🙂,cafe nguyên chất 🙂
Sadness,"chưa nói chuyện thân thiết quan tâm , mới xã giao thôi đã lầm tưởng rồi ấy chứ , haizz khổ lắm",chưa nói chuyện thân thiết quan tâm mới xã giao thôi đã lầm tưởng rồi ấy chứ haizz khổ lắm
Fear,các mày trốn đi bọn chủ tịch đang đến kìa 😨😨😨,các mày trốn đi bọn chủ tịch đang đến kìa 😨
Enjoyment,cái này phải hơn 20 năm rồi . lần đầu không biết canh lửa nên cơm khét hoài 🤣🤣🤣🤣🤣,cái này phải hơn 20 năm rồi lần đầu không bt canh lửa nên cơm khét hoài 🤣
Disgust,per ông này ác thật con bé nó van xin thế rồi,per ông này ác thật con bé nó van xin thế rồi
Other,per sự tích con chim họa tao với mấy thắc mắc hồi trước nè,per sự tích con chim họa tao với mấy thắc mắc hồi trước nè
Disgust,"mỏi lần làm phiền và sát hại bao nhiu con kiến , tôi không tu hành nhưng làm thế vì miếng ăn ác ôn quá ngon lành gì",mỏi lần làm phiền và sát hại bao nhiu con kiến tôi không tu hành nhưng làm thế vì miếng ăn ác ôn quá ngon lành gì
Enjoyment,lớn lên sẽ rất đẹp chaiii ??,lớn lên sẽ rất đẹp chai
Sadness,"thấy bảo sang năm được tủi , nhưng mà năm nay vẫn chưa có người êu",thấy bảo sang năm được tủi nhưng mà năm nay vẫn chưa có người êu
Enjoyment,diễn viên có cá tính hay nhât từng xem,diễn viên có cá tính hay nhât từng xem
Enjoyment,mệt như chó :3 nhưng mà hoan hỉ đầu năm đi xin lộc :v,mệt như chó 3 nhưng mà hoan hỉ đầu năm đi xin lộc v
Fear,per cái dume mày thấy tác hại của tập gym chưa,per cái dume mày thấy tác hại của tập gym chưa
Disgust,bạn đặt câu hỏi với mục đích không cần câu trả lời thì thôi mình không nói chuyện,bạn đặt câu hỏi với mục đích không cần câu trả lời thì thôi mình không nói chuyện
Fear,"tao sợ chó lắm .""",tao sợ chó lắm
Other,"đấm liên tục vào mồm , không trượt phát nào ...",đấm liên tục vào mồm không trượt phát nào
Enjoyment,"per nếu có khi nào thấy bản thân vô dụng hay là thất bại , thì hãy nhớ có những người chế tạo ra mấy cái của nợ này . =))",per nếu có khi nào thấy bản thân vô dụng hay là thất bại thì hãy nhớ có những người chế tạo ra mấy cái của nợ này
Other,per ai bày mày thiết kế thế này hả ???,per ai bày mày thiết kế thế này hả
Sadness,gd năm nay chán,gd năm nay chán
Enjoyment,em chờ được mà 🙂,em chờ được mà 🙂
Disgust,thanh niên thích chơi nổi nhưng nói ngọng :vậy,thanh niên thích chơi nổi nhưng nói ngọng vậy
Enjoyment,sau khi xem ảnh này xong tôi quyết định ... mua honda :v,sau khi xem ảnh này xong tôi quyết định mua honda v
Enjoyment,tao cừi tao ỉa 🤣🤣🤣,tao cừi tao ỉa 🤣
Enjoyment,per tuổi thơ của mềnh đi học là lúc nào bạn tao cũng ngồi trên và khi nào múa giờ ra chơi cũng múa chung với mềnh 😅😅😅,per tuổi thơ của mềnh đi học là lúc nào bạn tao cũng ngồi trên và khi nào múa giờ ra chơi cũng múa chung với mềnh 😅
Other,thấy không có gì hấp dẫn,thấy không có gì hấp dẫn
Other,chẳng bao giờ thấy sai,chẳng bao giờ thấy sai
Enjoyment,per bài tủ 1 thời =)),per bài tủ 1 thời
Surprise,hồi xưa đã có giày sục mõm cá sấu rồi cơ à ??,hồi xưa đã có giày sục mõm cá sấu rồi cơ à
Enjoyment,chỉ mong ở cái độ tuổi ấy chúng ta còn được như vậy,chỉ mong ở cái độ tuổi ấy chúng ta còn được như vậy
Disgust,trong luật có khung hình phạt xử bắn không ... ghê tởm,trong luật có khung hình phạt xử bắn không ghê tởm
Surprise,nhanh thật . đã bắt được rồi,nhanh thật đã bắt được rồi
Disgust,"lên kiểm tra phòng thấy dơ quá thì x10 x20 lên cho nó trả lòi lồn , lần sau nó không làm nữa việc chi không kiểm tra phòng giờ gào thét , nhiều phòng nó phạt nặng vụ bánh kem , rồi bình xịt xà phồng các kiểu , ghi tổn thất đồ trong phòng đền gấp đôi .",lên kiểm tra phòng thấy dơ quá thì x10 x20 lên cho nó trả lòi lồn lần sau nó không làm nữa việc chi không kiểm tra phòng giờ gào thét nhiều phòng nó phạt nặng vụ bánh kem rồi bình xịt xà phồng các kiểu ghi tổn thất đồ trong phòng đền gấp đôi
Other,rải đinh nhiều thật,rải đinh nhiều thật
Other,nếu yêu anh ! em sẽ hỏi ý kiến anh về mọi việc .,nếu yêu anh em sẽ hỏi ý kiến anh về mọi việc
Enjoyment,giữ mãi lòng nhân ái các em nhé ! tấm lòng các em đẹp biết bao .,giữ mãi lòng nhân ái các em nhé tấm lòng các em đẹp bt bao
Other,hình như chính là cái nhà thờ đó đó,hình như chính là cái nhà thờ đó đó
Disgust,"sao nghiệt ngã vậy :'( đề nghị bắt luôn con mụ tri hô vớ vẩn , phá vỡ hạnh phúc 1 gia đình",sao nghiệt ngã vậy đề nghị bắt luôn con mụ tri hô vớ vẩn phá vỡ hạnh phúc 1 gia đình
Enjoyment,bình yên thật,bình yên thật
Enjoyment,quan trọng là có con đồng nghiệp đầy khẩu nghiệp yến đặng 🤣🤣🤣,quan trọng là có con đồng nghiệp đầy khẩu nghiệp yến đặng 🤣
Other,"ở việt nam một số người không giàu đơn thuần , tiền của họ không biết từ đâu ra nên khi lập sân sau họ có thể chơi trò này .",ở việt nam một số người không giàu đơn thuần tiền của họ không bt từ đâu ra nên khi lập sân sau họ có thể chơi trò này
Fear,má tao coi mà cứ sợ nó bay ra 😌😌,má tao coi mà cứ sợ nó bay ra 😌😌
Anger,đù mé nó ... bơi nhiều quá não rớt mẹ xuống hồ rồi hay gì mấy thằng chó,đù mé nó bơi nhiều quá não rớt mẹ xuống hồ rồi hay gì mấy thằng chó
Other,chân ngắn sao đi đây ta ?,chân ngắn sao đi đây ta
Sadness,mẹ mắng lúc sáng sớm là xui cả ngày :(,mẹ mắng lúc sáng sớm là xui cả ngày
Sadness,per mã mẹ biết hôm qua quay video sớm hơn ự,per mã mẹ bt hôm qua quay video sớm hơn ự
Disgust,"dân trí thấp , trẻ trâu , trai làng 🙂",dân trí thấp trẻ trâu trai làng 🙂
Disgust,tự dưng cụt con mẹ nó 1 tay trong 66 năm 😂 chả để làm đéo gì . nhìn bẩn bựa vkl 😂,tự dưng cụt con mẹ nó 1 tay trong 66 năm 😂 chả để làm đéo gì nhìn bẩn bựa vãi cả lồn 😂
Disgust,nhện đéo bằng thằng lằn đâu :)) dume kinhh tởm vll :((,nhện đéo bằng thằng lằn đâu dume kinhh tởm vll
Disgust,địt mẹ 2 thằng bạn lol,địt mẹ 2 thằng bạn lol
Enjoyment,đùa ... cảnh sát việt nam tài thật . vụ gì cũng bắt trong 48 giờ,đùa cảnh sát việt nam tài thật vụ gì cũng bắt trong 48 giờ
Enjoyment,xem chỉ đợi đến đọan nó ngã để cười :)))),xem chỉ đợi đến đọan nó ngã để cười
Disgust,per đồ ảo tưởng,per đồ ảo tưởng
Other,đó là lý do tao chỉ muốn điện thoại là phương tiện liên lạc . không phảu phương tiện chứa đựng bí mật,đó là lý do tao chỉ muốn điện thoại là phương tiện liên lạc không phảu phương tiện chứa đựng bí mật
Other,"gia đình và tình yêu , để thay đổi mọi thứ",gia đình và tình yêu để thay đổi mọi thứ
Fear,"hồi lớp 1 đú theo lũ bạn về học nấu . thế là cơm sống , sợ quá vùi gạo trong đống tro",hồi lớp 1 đú theo lũ bạn về học nấu thế là cơm sống sợ quá vùi gạo trong đống tro
Enjoyment,năm ngoái là hôm hai chị em chuẩn bị làm mứt tết ... cũng không nhó có gato với họ không ... năm nay thì khác .... vẫn cô đơn nhưng không hề gato .....,năm ngoái là hôm hai chị em chuẩn bị làm mứt tết cũng không nhó có ghen tị với họ không năm nay thì khác vẫn cô đơn nhưng không hề ghen tị
Fear,chỉ là không có ai để nhắn thì mới nhắn cho mình . công nhận nguy hiểm,chỉ là không có ai để nhắn thì mới nhắn cho mình công nhận nguy hiểm
Other,tau cố gắng chỉ được từng này 😦😦,tau cố gắng chỉ được từng này 😦😦
Anger,tội này nên cho đi tù cả lũ đi người mình hại người mình 😡,tội này nên cho đi tù cả lũ đi người mình hại người mình 😡
Disgust,thằng này cục súc vãi,thằng này cục súc vãi
Enjoyment,nhỏ ngầu lớn lên nhìn bê đi =))),nhỏ ngầu lớn lên nhìn bê đi
Disgust,thằng lái tàu mua bằng .. con ông cháu cha mới xin vào đây được .... bẻ lái lách ra 1 chút thì có sao đâu ... cục súc vãi ....,thằng lái tàu mua bằng con ông cháu cha mới xin vào đây được bẻ lái lách ra 1 chút thì có sao đâu cục súc vãi
Sadness,tối nay chồng tương lai sẽ đưa con khác đi chơi 😆😆😆,tối nay chồng tương lai sẽ đưa con khác đi chơi 😆
Sadness,hôm nay đi qua vẫn thấy nói chuyện thải chảy thẳng ra sông thì bao giờ mới sạch được ... haiz,hôm nay đi qua vẫn thấy nói chuyện thải chảy thẳng ra sông thì bao giờ mới sạch được haiz
Sadness,"đó là 1 câu chuyện buồn , tao không có bạn trai hix hix",đó là 1 câu chuyện buồn tao không có bạn trai hix hix
Other,ở daklak nữa không xử phạt thì còn mất nhiều,ở daklak nữa không xử phạt thì còn mất nhiều
Enjoyment,đầu mùa chua chua ăn ngon vãi_chưởng . thích vải lắm luôn . trong khi nhà toàn nhãn .,đầu mùa chua chua ăn ngon vãi chưởng thích vải lắm luôn trong khi nhà toàn nhãn
Disgust,chẳng thấm vào đâu . so với số tiền khủng kiếm được . hằng ngày mụ ta nói khoác lác vài câu .???,chẳng thấm vào đâu so với số tiền khủng kiếm được hằng ngày mụ ta nói khoác lác vài câu
Disgust,"tao có 4 cái ăn không tao share bớt cho , cạch mặt đứa bán hàng đi",tao có 4 cái ăn không tao share bớt cho cạch mặt đứa bán hàng đi
Fear,đầu óc đến giờ vẫn còn nặng và đang né tránh mọi người .,đầu óc đến giờ vẫn còn nặng và đang né tránh mọi người
Enjoyment,chuyên cơ tt quá đẹp ! bao giờ má mua được chiêc như vâ ̀ y trơi ̀ !!,chuyên cơ tt quá đẹp bao giờ má mua được chiêc như vâ ̀ y trơi ̀
Anger,bó tay . lại khiển trách . rút kinh nghiệm,bó tay lại khiển trách rút kinh nghiệm
Enjoyment,điên khùng . nhưng hahahah . nhiều tiền quá mạ ơi,điên khùng nhưng hahahah nhiều tiền quá mạ ơi
Sadness,một nỗi buồn thầm lặng,một nỗi buồn thầm lặng
Enjoyment,béo tí đáng yêu mà =)),béo tí đáng yêu mà
Other,tag cái đứa bạn nghĩ nó nên gia nhập hội này ;),tag cái đứa bạn nghĩ nó nên gia nhập hội này
Other,sau này có nhắn tin thì không phải là chào em mà là chào mọi người,sau này có nhắn tin thì không phải là chào em mà là chào mọi người
Disgust,tài liệu mật mà mày cũng biết à 😆 max xạo lờ,tài liệu mật mà mày cũng bt à 😆 max xạo lờ
Surprise,ổng múa đẹp thiệt chứ bộ .,ổng múa đẹp thiệt chứ bộ
Other,per anh có định quát mắng em không,per anh có định quát mắng em không
Surprise,"má ơi , coi đến fire tưởng quảng cáo rạp chiếu phim , đến cuối té ra là mái nhà =))",má ơi coi đến fire tưởng quảng cáo rạp chiếu phim đến cuối té ra là mái nhà
Sadness,ra chỗ khác sóng không tới viết đi cậu :((( nhìn buồn vãi,ra chỗ khác sóng không tới viết đi cậu nhìn buồn vãi
Fear,rơi mất tim . nguy hiểm thiệt ^^,rơi mất tim nguy hiểm thiệt
Fear,"hồi nhỏ thì tao bị cả bầy dí , được fine :)))))) đến khi tao 12 và đi học đh năm nhất , sau 1 tháng xa nhà , về nhà và cái kết là tao không còn bước ra khỏi cửa nữa , n dí everywhere :)))))))",hồi nhỏ thì tao bị cả bầy dí được fine đến khi tao 12 và đi học đh năm nhất sau 1 tháng xa nhà về nhà và cái kết là tao không còn bước ra khỏi cửa nữa n dí everywhere
Enjoyment,per ngồi ôm bụng cười và liên tưởng đến nhiều nhân vật,per ngồi ôm bụng cười và liên tưởng đến nhiều nhân vật
Fear,ko sợ gì chỉ sợ con ml ý 😞,không sợ gì chỉ sợ con ml ý 😞
Enjoyment,cảm thấy bạn trai tớ giận dỗi đáng yêu cực,cảm thấy bạn trai tớ giận dỗi đáng yêu cực
Other,ủa xưng mày tao thì có vấn đề gì nhễ,ủa xưng mày tao thì có vấn đề gì nhễ
Disgust,"toàn xử ép , đi tù gần được 7 năm rồi đền người ta 200 triệu . thời gian tuổi trẻ của con người rẻ mạt quâ",toàn xử ép đi tù gần được 7 năm rồi đền người ta 200 triệu thời gian tuổi trẻ của con người rẻ mạt quâ
Fear,thứ mà dễ dàng qa cũng nguy hiểm,thứ mà dễ dàng qa cũng nguy hiểm
Enjoyment,"đúng vại , với ai nó cũng tỏ ra như thế . hihi 😂",đúng vại với ai nó cũng tỏ ra như thế hihi 😂
Enjoyment,với mình đoạn mấy thằng đỡ đẻ là hay nhất,với mình đoạn mấy thằng đỡ đẻ là hay nhất
Other,nhà em có tính lắp không per,nhà em có tính lắp không per
Disgust,gái đĩ già mồm,gái đĩ già mồm
Sadness,thương em :(,thương em
Other,sáu múi đâu rồi,sáu múi đâu rồi
Enjoyment,đậu phộng hahhahah may hềy,đậu phộng hahhahah may hềy
Other,nó ở cái tầm vũ trụ chuẩn mẹ rồi,nó ở cái tầm vũ trụ chuẩn mẹ rồi
Disgust,đổ vỏ chắc luôn 😌,đổ vỏ chắc luôn 😌
Disgust,cô ấy còn không thèm coi tin nhắn của tao :((,cô ấy còn không thèm coi tin nhắn của tao
Enjoyment,hạnh phúc phát khóc,hạnh phúc phát khóc
Surprise,per tụi này bản lĩnh ghê .,per tụi này bản lĩnh ghê
Disgust,mai thi xong tao sẽ mang đống đề cương đi bán cho đỡ ghét,mai thi xong tao sẽ mang đống đề cương đi bán cho đỡ ghét
Other,dự là sắp có án mạng xảy ra 😂,dự là sắp có án mạng xảy ra 😂
Other,phòng gì vậy .,phòng gì vậy
Disgust,"hai đứa đều có máu ở tay , mù à mà không nhìn thấy 😒",hai đứa đều có máu ở tay mù à mà không nhìn thấy 😒
Fear,thằng nào sửa xe này dễ đau tim mà chết lắm . :)). nhất là những thằng sợ rắn .,thằng nào sửa xe này dễ đau tim mà chết lắm nhất là những thằng sợ rắn
Other,đó cứ có phải trông giàu sang phú quý là sẽ sòng phẳng đâu,đó cứ có phải trông giàu sang phú quý là sẽ sòng phẳng đâu
Surprise,sao đũy đó có thể mập được vậy nhỉ,sao đũy đó có thể mập được vậy nhỉ
Sadness,lại công cốc rồi . cả thế giới kì vọng,lại công cốc rồi cả thế giới kì vọng
Enjoyment,tao tưởng tượng sau này sẽ có 1 thằng bồ vừa điên vừa ngáo giống tao .. chắc vui hết sảy 🤣,tao tưởng tượng sau này sẽ có 1 thằng bồ vừa điên vừa ngáo giống tao chắc vui hết sảy 🤣
Enjoyment,ai hát tao cho tao nge bài này chắc tao say quá,ai hát tao cho tao nge bài này chắc tao say quá
Enjoyment,cách tốt nhất là đứng lên và chọn 1 nơi khác để tìm 1 thứ tốt đẹp hơn và dễ viết hơn :)),cách tốt nhất là đứng lên và chọn 1 nơi khác để tìm 1 thứ tốt đẹp hơn và dễ viết hơn
Other,lập đội cảnh sat chuyên đi dẹp những nơi tụ tập như thế,lập đội cảnh sat chuyên đi dẹp những nơi tụ tập như thế
Enjoyment,tao ngự ở trong uống nước cho nhàn thân rồi,tao ngự ở trong uống nước cho nhàn thân rồi
Disgust,nếu bạn kinh doanh mà tôi đỗ xe trước cửa nhà bạn cả buổi thì đường của ai nhỉ,nếu bạn kinh doanh mà tôi đỗ xe trước cửa nhà bạn cả buổi thì đường của ai nhỉ
Other,per thuê kiểm kê tài sản do toà án làm bạn ơi . 😂 cả 1 nùi người làm cật lực đấy .,per thuê kiểm kê tài sản do toà án làm bạn ơi 😂 cả 1 nùi người làm cật lực đấy
Enjoyment,yêu quá ! xinh quá ??????,yêu quá xinh quá
Other,ước mơ làm ngành thật đam mê,ước mơ làm ngành thật đam mê
Sadness,câu chuyện của em làm anh cảm động quá …,câu chuyện của em làm anh cảm động quá …
Enjoyment,êu ơi sao con mụ này không gặp mình nhờ :))) ước gì có con mụ thế này tông vào mình ý :)))) klq mà giọng bé quay video đáng yêu thế ❤️,êu ơi sao con mụ này không gặp mình nhờ ước gì có con mụ thế này tông vào mình ý không liên quan mà giọng bé quay video đáng yêu thế ❤️
Disgust,thề dume đứa nào nghĩ ra cái đoạn kết như kiểu hết phim như này nhàm vãi ra . đang hay thì tụt hứng,thề dume đứa nào nghĩ ra cái đoạn kết như kiểu hết phim như này nhàm vãi ra đang hay thì tụt hứng
Anger,ko như thằng per năm ấy ngồi cạnh tao một hai không cho chép bài thi ! đm,không như thằng per năm ấy ngồi cạnh tao một hai không cho chép bài thi địt mẹ
Enjoyment,tuổi gì so với anh ! :) haha,tuổi gì so với anh haha
Sadness,"nó gieo cho tao mầm hi vọng , hi vọng vừa chớm nở nó đạp xẹp lép sự hi vọng bằg sự lặng im",nó gieo cho tao mầm hi vọng hi vọng vừa chớm nở nó đạp xẹp lép sự hi vọng bằg sự lặng im
Anger,bỏ tù hết lũ xả thải như thế này đi,bỏ tù hết lũ xả thải như thế này đi
Enjoyment,chữ tao từ lớp 3 đã kiểu như thế nào và còn đẹp hơn nhé .,chữ tao từ lớp 3 đã kiểu như thế nào và còn đẹp hơn nhé
Fear,dume nó hết con mẹ nó hồn ....😭😭😭😭,dume nó hết con mẹ nó hồn 😭
Enjoyment,14 / 2 năm ngoái tao mọc sừng . nên 14 / 2 năm nay tao quyết định cưa sừng 😊,14 2 năm ngoái tao mọc sừng nên 14 2 năm nay tao quyết định cưa sừng 😊
Enjoyment,đm trí tuệ vãi,địt mẹ trí tuệ vãi
Sadness,thấy tội em thỏ bị ăn đòn tới tấp,thấy tội em thỏ bị ăn đòn tới tấp
Enjoyment,một bài dịch hay,một bài dịch hay
Enjoyment,giọng cute phết,giọng cute phết
Disgust,mày độc ác vãi,mày độc ác vãi
Other,ở đây chúng tôi không làm thế,ở đây chúng tôi không làm thế
Enjoyment,uầy . ngọt thế ??????,uầy ngọt thế
Enjoyment,mỗi lần chào cờ :)) đậu má dth vãi :v,mỗi lần chào cờ đậu má dth vãi v
Other,lâu quá rồi không nghe,lâu quá rồi không nghe
Other,sẽ được toại nguyện thôi . yên tâm .,sẽ được toại nguyện thôi yên tâm
Surprise,"à , thì ra là nó dỗ mình 😂",à thì ra là nó dỗ mình 😂
Enjoyment,dth quá haha,dth quá haha
Other,bớt rung động đời bớt suy nghĩ,bớt rung động đời bớt suy nghĩ
Other,tóm lại gọi là nghệt thuật của kinh doanh là bán lỗ ho nhanh,tóm lại gọi là nghệt thuật của kinh doanh là bán lỗ ho nhanh
Disgust,"mấy thằng con nào sủa câu "" công việc thì chịu đi than cái lol "" thì dume tụi bây sau này ráng làm giàu làm chủ nha con chứ nghèo thì con cái tụi bây phải đi làm thuê làm mướn gặp hoàn cảnh tương tự rồi tụi nó quay lại chửi vô mặt cha mẹ nó là chúng mày thì nhục lắm nha con .",mấy thằng con nào sủa câu công việc thì chịu đi than cái lol thì dume tụi bây sau này ráng làm giàu làm chủ nha con chứ nghèo thì con cái tụi bây phải đi làm thuê làm mướn gặp hoàn cảnh tương tự rồi tụi nó quay lại chửi vô mặt cha mẹ nó là chúng mày thì nhục lắm nha con
Enjoyment,per một thời nè 😃,per một thời nè 😃
Fear,"má gần nhà có nuôi 1 cặp ngày nào đi ngang nó nhìn thấy nó quay đầu bỏ chạy , con gì mà dữ thấy mẹ hà",má gần nhà có nuôi 1 cặp ngày nào đi ngang nó nhìn thấy nó quay đầu bỏ chạy con gì mà dữ thấy mẹ hà
Disgust,cái kết hay nhất là đuổi khỏi dòng họ tiếp theo nhàm quá,cái kết hay nhất là đuổi khỏi dòng họ tiếp theo nhàm quá
Sadness,định share mà đọc bình luận tắt con mẹ nó cảm xúc :(((((,định share mà đọc bình luận tắt con mẹ nó cảm xúc
Other,thật là một sự mỉa mai,thật là một sự mỉa mai
Sadness,tao đang cố un crush nhưng khi xem xong video trên thì ..........( khóc không ra nước mắt ),tao đang cố un người mình thích nhưng khi xem xong video trên thì khóc không ra nước mắt
Enjoyment,lúc mày vui thì sao :))) những lúc buồn hãy nghĩ lại trước kia vui sướng !,lúc mày vui thì sao những lúc buồn hãy nghĩ lại trước kia vui sướng
Other,anh ơi :3 hôm nay em thích anh chơi game và đi ngủ sớm đấy :3 đừng đi chơi với gái :<,anh ơi 3 hôm nay em thích anh chơi game và đi ngủ sớm đấy 3 đừng đi chơi với gái
Disgust,ai ngu như mày,ai ngu như mày
Enjoyment,per bị phạt 10tr à c 🤣🤣,per bị phạt 10tr à c 🤣🤣
Enjoyment,xem mấy lần rồi vẫn thấy hay,xem mấy lần rồi vẫn thấy hay
Enjoyment,đơn giản mà mấy ai làm được .... ngưỡng mộ,đơn giản mà mấy ai làm được ngưỡng mộ
Enjoyment,hạnh phúc ghê,hạnh phúc ghê
Disgust,vớ vẩn :)))),vớ vẩn
Enjoyment,nt thêm cái dạ vâng thấy quý vãi,nt thêm cái dạ vâng thấy quý vãi
Sadness,:) đàn ông mà nặng tình vãi lol ra,đàn ông mà nặng tình vãi lol ra
Disgust,loài vật đang dần dần có trí khôn và hành động như một con người còn một số người thì đang tiến hóa ngược :v,loài vật đang dần dần có trí khôn và hành động như một con người còn một số người thì đang tiến hóa ngược v
Disgust,khiếp quá có đẹp đẽ gì đâu chứ ?,khiếp quá có đẹp đẽ gì đâu chứ
Sadness,"dù chỉ để nhìn 1 cái , để biết người ấy vẫn ổn , người ấy còn tồn tại . ít nhất là nv 😔",dù chỉ để nhìn 1 cái để bt người ấy vẫn ổn người ấy còn tồn tại ít nhất là nv 😔
Other,biết đâu mưa xuống ổng ấy lại hết ngáo ??????,bt đâu mưa xuống ổng ấy lại hết ngáo
Sadness,"phải chi có ai đối với tao như này ha . nghĩ lại , mình không bằng cả chó . aiyo ....",phải chi có ai đối với tao như này ha nghĩ lại mình không bằng cả chó aiyo
Fear,tao mà ở đây là sợ rụng trứng luôn chứ đừng nói ăn,tao mà ở đây là sợ rụng trứng luôn chứ đừng nói ăn
Enjoyment,tao rất thích nhạc trung từ giai điệu đến ý nghĩa rất hay 😁😁😁,tao rất thích nhạc trung từ giai điệu đến ý nghĩa rất hay 😁
Anger,"đứng nhất tại trừ phí nhiều chứ khỉ gì . mới lãnh lương xong là trừ , không đki dịch vụ gì hết mà tháng nào cũng trừ , tới lúc cần giải quyết ra đợi cả buổi , rồi lại hẹn cả tuần .",đứng nhất tại trừ phí nhiều chứ khỉ gì mới lãnh lương xong là trừ không đki dịch vụ gì hết mà tháng nào cũng trừ tới lúc cần giải quyết ra đợi cả buổi rồi lại hẹn cả tuần
Sadness,làm phục vụ xong 4 tháng đi hà nội 1 lần chỉ để gặp người yêu xong giờ thì mới biết là nó cắm nguyên cây sừng lên đầu mình,làm phục vụ xong 4 tháng đi hà nội 1 lần chỉ để gặp người yêu xong giờ thì mới bt là nó cắm nguyên cây sừng lên đầu mình
Anger,thế con lồn chủ nhiệm kia đéo có trách nhiệm gì nữa à :/ giáo viên mà sao nghĩ ngắn thế ?,thế con lồn chủ nhiệm kia đéo có trách nhiệm gì nữa à giáo viên mà sao nghĩ ngắn thế
Enjoyment,trong khi đó lũ con trai lớp tao mỗi lần cắt tóc xong là một vở kịch mới được mở màn :vv,trong khi đó lũ con trai lớp tao mỗi lần cắt tóc xong là một vở kịch mới được mở màn vv
Enjoyment,"chúg mày cứ bảo nhắn thêm , tao thấy mày nhắn chữ dạ vâng là đã thấy đáng yêu rồi :)))",chúg mày cứ bảo nhắn thêm tao thấy mày nhắn chữ dạ vâng là đã thấy đáng yêu rồi
Disgust,con đũy ngổng ngáo,con đũy ngổng ngáo
Disgust,add xem ảnh ngoài đời chưa mà nói dume,add xem ảnh ngoài đời chưa mà nói dume
Sadness,có người sinh ra đã giàu có người làm cực khổ cũng không thể giàu . thương ông,có người sinh ra đã giàu có người làm cực khổ cũng không thể giàu thương ông
Surprise,cho hỏi ngu tí là tiền bồi thươ ̀ người mấy vụ án oan lấy ra từ đâu vậy ??,cho hỏi ngu tí là tiền bồi thươ ̀ người mấy vụ án oan lấy ra từ đâu vậy
Sadness,tên thì tất nhiên nhớ nhưng ngày sinh của tao thì ông bà bô nhà tao không một ai nhớ cả ^^,tên thì tất nhiên nhớ nhưng ngày sinh của tao thì ông bà bô nhà tao không một ai nhớ cả
Enjoyment,câu chuyện vui ha =]],câu chuyện vui ha
Surprise,sao em này lại xinh vậy ?,sao em này lại xinh vậy
Enjoyment,đáng yêu mà sợ gì,đáng yêu mà sợ gì
Other,không hiểu lắm,không hiểu lắm
Disgust,"tao chả thấy cười ở cái đoạn buồi nào cả , sắp đến đoạn hay tí lại ngắt cmnl",tao chả thấy cười ở cái đoạn buồi nào cả sắp đến đoạn hay tí lại ngắt cmnl
Enjoyment,chúc trump chuyến bay thật may mắn nhớ tới thăm hà nội nhé xin chào,chúc trump chuyến bay thật may mắn nhớ tới thăm hà nội nhé xin chào
Fear,"gặp tao , tao ré cái hoảng mất :(( đáng sợ qué",gặp tao tao ré cái hoảng mất đáng sợ qué
Other,có đứa nào giống tao vào đọc bình luận để biết cái này là cái gì không .?,có đứa nào giống tao vào đọc bình luận để bt cái này là cái gì không
Disgust,"này hai đứa , đã đi niềng răng chưa , chưa thì đi niềng đi rồi quay lại nhé nhởn ra cười như hai đứa thần kinh nhé",này hai đứa đã đi niềng răng chưa chưa thì đi niềng đi rồi quay lại nhé nhởn ra cười như hai đứa thần kinh nhé
Other,"sai nhé ! không phải trầm cảm đâu . thứ đó , kinh khủng hơn rất nhiều",sai nhé không phải trầm cảm đâu thứ đó kinh khủng hơn rất nhiều
Other,lò bếp dầu một thời nè gì per,lò bếp dầu một thời nè gì per
Enjoyment,khi nhỏ còn bị nghiện mùi khói này nữa chớ . 😄,khi nhỏ còn bị nghiện mùi khói này nữa chớ 😄
Enjoyment,lâu lắm rồi mới nghe lại bài này 😀,lâu lắm rồi mới nghe lại bài này 😀
Enjoyment,phim này xem rồi ý nghĩa vài,phim này xem rồi ý nghĩa vài
Other,khi đang xây cầu mà bị rút bớt kinh phí !,khi đang xây cầu mà bị rút bớt kinh phí
Enjoyment,ít nhất con nhện nó còn yêu mày 🙂🙂🙂,ít nhất con nhện nó còn yêu mày 🙂
Anger,tao bẻ cổ mày luôn ấy,tao bẻ cổ mày luôn ấy
Disgust,"đm 3 tiếng đi được 20m , đéo biết bao giờ mới về đến nhà",địt mẹ 3 tiếng đi được 20m đéo bt bao giờ mới về đến nhà
Disgust,dell hiểu phí cái con cặc gì =))) cái tỷ lệ mặt này .,dell hiểu phí cái con cặc gì cái tỷ lệ mặt này
Other,mày chặt một tay đi cho dễ nhớ,mày chặt một tay đi cho dễ nhớ
Sadness,khoảng gần chục năm về trước thì còn vàng trắng .... giờ thì bán còn không đủ không đủ để trả công nữa là,khoảng gần chục năm về trước thì còn vàng trắng giờ thì bán còn không đủ không đủ để trả công nữa là
Other,1 chút vị cay pha thêm 1 chút vị đắng nhưng đôi khi cũng có chút ngọt ngào,1 chút vị cay pha thêm 1 chút vị đắng nhưng đôi khi cũng có chút ngọt ngào
Disgust,tình yêu là lời nói dối của 1 thằng khùng được tin bởi 1 con ngu 🤣🤣,tình yêu là lời nói dối của 1 thằng khùng được tin bởi 1 con ngu 🤣🤣
Other,má 2 thằng áo vàng lầy ghê 😂,má 2 thằng áo vàng lầy ghê 😂
Enjoyment,bộ phim truyền cảm hứng hay nhất =),bộ phim truyền cảm hứng hay nhất
Enjoyment,cái kết có hậu quá :)),cái kết có hậu quá
Enjoyment,mặt hài vãi chưởng =)))),mặt hài vãi chưởng
Disgust,câu chuyện thật cục súc :),câu chuyện thật cục súc
Sadness,"em sẽ mãi không biết có lúc tôi gọi chỉ để nghe câu "" ai vậy ?""",em sẽ mãi không bt có lúc tôi gọi chỉ để nghe câu ai vậy
Enjoyment,per kinh nghiệm nha,per kinh nghiệm nha
Other,bếp dầu lại nhớ thời sinh viên,bếp dầu lại nhớ thời sinh viên
Disgust,"các bạn đừng dạy người giàu đặc biệt ( đàn ông ) cách khoan dung và của chồng công vợ . qua bao nhiêu bài tìm hiểu . chị vợ rất thâm !!! tuy mình là phụ nữ , nhưng đọc qua nhiều bài mới nể phục anh vũ . và cảm thấy sự khinh bỉ đâu đó dành cho c thảo , dù c tài năng đến đâu nhưng c tham thì thâm mọi người sẽ không bao giờ ủng hộ c .",các bạn đừng dạy người giàu đặc biệt đàn ông cách khoan dung và của chồng công vợ qua bao nhiêu bài tìm hiểu chị vợ rất thâm tuy mình là phụ nữ nhưng đọc qua nhiều bài mới nể phục anh vũ và cảm thấy sự khinh bỉ đâu đó dành cho c thảo dù c tài năng đến đâu nhưng c tham thì thâm mọi người sẽ không bao giờ ủng hộ c
Enjoyment,người ta thật thà phết,người ta thật thà phết
Enjoyment,chàng trai vàng trong làng bấm biển =))),chàng trai vàng trong làng bấm biển
Other,sao không thây lên báo nhỉ,sao không thây lên báo nhỉ
Other,lần sau mua mấy con vít gỗ 2cm lém gần bánh :)) lần sau sợ ngay :)),lần sau mua mấy con vít gỗ 2cm lém gần bánh lần sau sợ ngay
Other,ai sẽ chở tớ đi đâyy,ai sẽ chở tớ đi đâyy
Fear,không may thụt chân xuống thì sẽ như thế nào nhỉ chắc là thốn đến tận rốn,không may thụt chân xuống thì sẽ như thế nào nhỉ chắc là thốn đến tận rốn
Enjoyment,nhìn ông với bà chất hơn thanh niên bây giờ,nhìn ông với bà chất hơn thanh niên bây giờ
Enjoyment,per đồng nghiệp tốt giúp ta dễ vào nhà thương điên kkkk,per đồng nghiệp tốt giúp ta dễ vào nhà thương điên không
Disgust,"thứ hãm lol , trêu vô duyên vãi , xấu mặt dân tao",thứ hãm lol trêu vô duyên vãi xấu mặt dân tao
Enjoyment,per vẽ đẹp cũng có thú vui của nó mày :)),per vẽ đẹp cũng có thú vui của nó mày
Sadness,"ngày xưa nuôi mấy con mèo . đêm hôm nó cứ lựa lúc cửa mở là chạy đi chơi mất . những lần nó không về buồn thối ruột , tối cứ mở cửa để đợi tiếng meo meo 😥",ngày xưa nuôi mấy con mèo đêm hôm nó cứ lựa lúc cửa mở là chạy đi chơi mất những lần nó không về buồn thối ruột tối cứ mở cửa để đợi tiếng meo meo 😥
Enjoyment,xem cả chục lần vẫn thấy hạnh phúc lây với cụ bà 😊 không biết mai sau mình có được vậy không,xem cả chục lần vẫn thấy hạnh phúc lây với cụ bà 😊 không bt mai sau mình có được vậy không
Enjoyment,phim này rất hay . tình cảm nhẹ nhàng . toàn zai đẹp . hehe,phim này rất hay tình cảm nhẹ nhàng toàn zai đẹp hehe
Sadness,per thế mà cháu tôi không biết chơi 😭😭,per thế mà cháu tôi không bt chơi 😭😭
Sadness,là nhân duyên trời ban cớ sao chẳng thành đôi :(,là nhân duyên trời ban cớ sao chẳng thành đôi
Enjoyment,per c . bị tinh thần đi xem đi 👻,per c bị tinh thần đi xem đi 👻
Enjoyment,đáng yêuc quad 🤤🤤🤤,đáng yêuc quad 🤤
Other,thu nhập bình quân chứ không phải thu nhập của nhân viên nào cũng thế 😏,thu nhập bình quân chứ không phải thu nhập của nhân viên nào cũng thế 😏
Other,tốt nhất là không nên mang điện thoại theo người,tốt nhất là không nên mang điện thoại theo người
Fear,dume sởn gai ốc 😭,dume sởn gai ốc 😭
Disgust,"chả lẽ không không cô bắt học sinh quỳ như thế à ... bây giờ vài bọn “ học giả ” cứ rả rích là thầy cô không giáo dục học trò chỉ đăm đăm vào dạy , lúc thầy cô “ dạy ” thì lại rôm rả về đạo đức nghề giáo ... ôi thôi ... đủ các thể loại",chả lẽ không không cô bắt học sinh quỳ như thế à bây giờ vài bọn “ học giả ” cứ rả rích là thầy cô không giáo dục học trò chỉ đăm đăm vào dạy lúc thầy cô “ dạy ” thì lại rôm rả về đạo đức nghề giáo ôi thôi đủ các thể loại
Enjoyment,"đẹp quá mày , còn không cho tao xin ít",đẹp quá mày còn không cho tao xin ít
Other,mày nghĩ mày cản được tao à ? :)),mày nghĩ mày cản được tao à
Sadness,thế là dấu ấn lịch sử và hình tượng thằng gù nhà thờ đức bà của nước pháp đã thành tàn tro :(,thế là dấu ấn lịch sử và hình tượng thằng gù nhà thờ đức bà của nước pháp đã thành tàn tro
Disgust,mày cứ đái ra võng là lần sau vợ mày sẽ rút kinh nghiệm,mày cứ đái ra võng là lần sau vợ mày sẽ rút kinh nghiệm
Anger,dkm bọn này thất đức thật,dkm bọn này thất đức thật
Enjoyment,add cứ khoe đi . mai lại chặt hết như nguyễn trãi mà 😂😂😂,add cứ khoe đi mai lại chặt hết như nguyễn trãi mà 😂
Disgust,cảm giác lúc đấy mình quá đáng vãi ra,cảm giác lúc đấy mình quá đáng vãi ra
Enjoyment,nghe quả tên nó đã khét vãi rồi . :))),nghe quả tên nó đã khét vãi rồi
Sadness,mình cũng có con mèo đực nuôi được 1 năm thì nó biệt tích 1 năm sau nó về rồi 1 năm sau thì nó mất .... buồn,mình cũng có con mèo đực nuôi được 1 năm thì nó biệt tích 1 năm sau nó về rồi 1 năm sau thì nó mất buồn
Other,per cứ chuẩn bị tiền đi hú là tôi đi,per cứ chuẩn bị tiền đi hú là tôi đi
Surprise,ui mấy ông tướng men nì từ bé luôn nhỉ . đáng yêuc chết được 🥰🥰🥰,ui mấy ông tướng men nì từ bé luôn nhỉ đáng yêuc chết được 🥰
Anger,quá đáng !,quá đáng
Sadness,cái này thì ai chả đau lòng trời,cái này thì ai chả đau lòng trời
Enjoyment,hay lắm,hay lắm
Sadness,thế này lại thành xây nhà cho nhà hàng xóm rồi 😰,thế này lại thành xây nhà cho nhà hàng xóm rồi 😰
Enjoyment,"nhiều nước quá , lấy bát về múc nước ra thêm tí đường vào là có 1 bát nước gạo ngon lành",nhiều nước quá lấy bát về múc nước ra thêm tí đường vào là có 1 bát nước gạo ngon lành
Disgust,"phải nói thằng lái xe đỗ quá thể , sau vụ này chắc sẽ khôn ra nhiều",phải nói thằng lái xe đỗ quá thể sau vụ này chắc sẽ khôn ra nhiều
Enjoyment,"xem tới xem lui không biết bao nhiêu lần , nhưng đều có cùng cảm xúc mỗi lần xem lại . một bộ phim tuyệt vời 👍",xem tới xem lui không bt bao nhiêu lần nhưng đều có cùng cảm xúc mỗi lần xem lại một bộ phim tuyệt vời 👍
Sadness,"tàn nhẫn thế nào , là khi mình trao họ hết hy vọng rồi họ lại dập tắt đi nó",tàn nhẫn thế nào là khi mình trao họ hết hy vọng rồi họ lại dập tắt đi nó
Enjoyment,có tiến bộ ! kkk,có tiến bộ không
Other,chờ một ngày tao ưu tú rồi mọi thứ sẽ tự tìm đến với ta,chờ một ngày tao ưu tú rồi mọi thứ sẽ tự tìm đến với ta
Enjoyment,t định thả sad nhưng đọc bình luận buồn cười vailon 😂 nên thả hahaa :v,tao định thả sad nhưng đọc bình luận buồn cười vailon 😂 nên thả hahaa v
Other,quá nguy hiểm . chúng nó có thể đang đùa cợt với mày đấy,quá nguy hiểm chúng nó có thể đang đùa cợt với mày đấy
Disgust,"người ta đi trước cả ý nghĩ của ông rồi đừng dậy người ta , phải tự hào chứ",người ta đi trước cả ý nghĩ của ông rồi đừng dậy người ta phải tự hào chứ
Sadness,buồn thế nhỉ . t mới mua con per chưa nổi 1 năm . thế này thì biết sống sao 😨😨,buồn thế nhỉ tao mới mua con per chưa nổi 1 năm thế này thì bt sống sao 😨😨
Other,phải thế mới hết thối được,phải thế mới hết thối được
Enjoyment,thấy cái thèm ts quá,thấy cái thèm ts quá
Other,nếu diễn viên chính trẻ hơn đẹp hơn đang yêuc hơn thì mình sẽ xem haizz,nếu diễn viên chính trẻ hơn đẹp hơn đang yêuc hơn thì mình sẽ xem haizz
Enjoyment,dm cưng vlll =))),địt mẹ cưng vãi lồn
Enjoyment,"quan trọng là lòng tin , bạn bè mình một số người mình đã mất lòng tin thì đừng bao giờ nói chuyện tiền nong . khâm phục anh",quan trọng là lòng tin bạn bè mình một số người mình đã mất lòng tin thì đừng bao giờ nói chuyện tiền nong khâm phục anh
Fear,dm . đồ dạo này lắm tạp chất hay s í nó đéo phê nhg mà vẫn bị ngáo,địt mẹ đồ dạo này lắm tạp chất hay s í nó đéo phê nhg mà vẫn bị ngáo
Sadness,chỉ khổ thân bọn trẻ thôi đau sót lắm,chỉ khổ thân bọn trẻ thôi đau sót lắm
Other,chứ sao mày không ngủ mà kêu tao ngủ,chứ sao mày không ngủ mà kêu tao ngủ
Other,mấy con bò nó nhột nó lại cắn cho giờ,mấy con bò nó nhột nó lại cắn cho giờ
Sadness,tao sẽ chỉ tự an ủi là đấy chỉ có trong phim truỵên ngôn tình :),tao sẽ chỉ tự an ủi là đấy chỉ có trong phim truỵên ngôn tình
Other,dume sự nghiệp vứt đi đâu,dume sự nghiệp vứt đi đâu
Fear,t mà bị như này thì chắc tao chết luôn c ạ 😂😂 per,tao mà bị như này thì chắc tao chết luôn c ạ 😂😂 per
Anger,lại cái trò đéo cho đỗ ???,lại cái trò đéo cho đỗ
Sadness,"hăm hở đón nhận tất cả , thậm chí là nỗi buồn , nếu điều ấy khiến việc tồn tại của bạn mang một hương vị đáng nhớ ...",hăm hở đón nhận tất cả thậm chí là nỗi buồn nếu điều ấy khiến việc tồn tại của bạn mang một hương vị đáng nhớ
Surprise,đôi mắt to quá,đôi mắt to quá
Sadness,buồn dễ sợ mà huhu,buồn dễ sợ mà huhu
Enjoyment,thú vị vậy =)),thú vị vậy
Surprise,giống tao thế nhỉ ! 😑😑,giống tao thế nhỉ 😑😑
Enjoyment,nói chuyện như người yêu ??,nói chuyện như người yêu
Disgust,toàn bọn lùn haizz,toàn bọn lùn haizz
Enjoyment,"per mày nhìn thành long hồi này có thấy giống mặt anh chung nhung hồi xưa không :))))). thề luôn , tao thấy giống vãi 🤣",per mày nhìn thành long hồi này có thấy giống mặt anh chung nhung hồi xưa không thề luôn tao thấy giống vãi 🤣
Other,thôi chết . thế thì tao đứt dây thần kinh gây cười rồi,thôi chết thế thì tao đứt dây thần kinh gây cười rồi
Anger,tao lại lấy mỡ đè chết mày bây giờ,tao lại lấy mỡ đè chết mày bây giờ
Enjoyment,"rất thích g7 hồi từ 2012 trở lại , có lẽ sẽ uống lại trung nguyên :)",rất thích g7 hồi từ 2012 trở lại có lẽ sẽ uống lại trung nguyên
Sadness,chuỗi ngày tủi nhục cũng từ đó mà bắt đầu,chuỗi ngày tủi nhục cũng từ đó mà bắt đầu
Enjoyment,per hihi nhớ không,per hihi nhớ không
Disgust,con cháu thằng nào ra đường mà không dạy thế,con cháu thằng nào ra đường mà không dạy thế
Other,chắc là không sợ chó ha,chắc là không sợ chó ha
Enjoyment,tks admin ... tôi muốn tìm phim này lâu rồi mà không nhớ tên phim ... tks admin nhiều,cảm ơn admin tôi muốn tìm phim này lâu rồi mà không nhớ tên phim cảm ơn admin nhiều
Anger,thính hơn chó động 1 tí là kêu inh ỏi điếc cả tai . đuổi thì đuổi dai 😒,thính hơn chó động 1 tí là kêu inh ỏi điếc cả tai đuổi thì đuổi dai 😒
Other,lạy chúa con còn lứa tuổi học sinh,lạy chúa con còn lứa tuổi học sinh
Sadness,đó là 1 câu chuyện buồn 😤,đó là 1 câu chuyện buồn 😤
Sadness,"nhìn cảnh này mình nhớ lại cảnh ông ngoại mình đứng ngay quan tài bà ngoại khóc nức nở . bà đi rồi để ông ở lại một mình , đau lòng quá",nhìn cảnh này mình nhớ lại cảnh ông ngoại mình đứng ngay quan tài bà ngoại khóc nức nở bà đi rồi để ông ở lại một mình đau lòng quá
Sadness,"bánh tráng trộn năm đó ở roai ờ ti , ruột đau như cắt nói chuyện mắt đầm đìa đền thg dưa gang cốc dưa hấu kem chi per",bánh tráng trộn năm đó ở roai ờ ti ruột đau như cắt nói chuyện mắt đầm đìa đền thg dưa gang cốc dưa hấu kem chi per
Disgust,bây thấy nó vô lý vãi lol không ?,bây thấy nó vô lý vãi lol không
Enjoyment,chuẩn con mẹ nó cơm oy 😂😂😂,chuẩn con mẹ nó cơm oy 😂
Fear,ngày xưa mẹ tao dạy ở miền núi . năm tao học lớp 3 lần đầu tiên lên trường với mẹ . đaumoa mấy con ngỗng mất dạy rượt tao leo lên cây phượng cao chót vót cả tiếng không dám xuống .,ngày xưa mẹ tao dạy ở miền núi năm tao học lớp 3 lần đầu tiên lên trường với mẹ đaumoa mấy con ngỗng mất dạy rượt tao leo lên cây phượng cao chót vót cả tiếng không dám xuống
Disgust,đúng rồi . tất cả chỉ là lừa dối thôi . nhớ nhé ..,đúng rồi tất cả chỉ là lừa dối thôi nhớ nhé
Other,mày chuẩn bị ra rìa rồi con,mày chuẩn bị ra rìa rồi con
Other,"chứ tao mà viết đến giờ chắc dày lắm , nhiều đứa bị lôi vào sổ ghi nợ lắm :d",chứ tao mà viết đến giờ chắc dày lắm nhiều đứa bị lôi vào sổ ghi nợ lắm d
Other,xem 1 lần rồi thôi !!,xem 1 lần rồi thôi
Enjoyment,cắt tóc xong rùi gội đầu xong tóc còn ướt ý nhìn đẹp trai lắm luôn ý,cắt tóc xong rùi gội đầu xong tóc còn ướt ý nhìn đẹp trai lắm luôn ý
Enjoyment,"sau 1 thời còm men dạo khắp muôn nơi , cháu đã lên được fan cứng rất rất cứng 😆😆",sau 1 thời còm men dạo khắp muôn nơi cháu đã lên được fan cứng rất rất cứng 😆😆
Other,ông lại tự phức tạp hóa vấn đề lên thôi :v,ông lại tự phức tạp hóa vấn đề lên thôi v
Disgust,"mất 1 phút để say mê một người , một giờ để thích một người và một ngày để yêu một người nhưng có thể lại mất một đời để quên đi hình bóng ấy . đấy là câu xạo lol trong ngôn tình thôi chứ tin thế đéo nào được",mất 1 phút để say mê một người một giờ để thích một người và một ngày để yêu một người nhưng có thể lại mất một đời để quên đi hình bóng ấy đấy là câu xạo lol trong ngôn tình thôi chứ tin thế đéo nào được
Enjoyment,hạnh phúc . mà hạnh phúc của đàn ông thì khó nói lắm . kaka,hạnh phúc mà hạnh phúc của đàn ông thì khó nói lắm kaka
Disgust,tripod dựng cao lên để chụp thì thần kinh chỗ nào :) dume ghép video đếu xem mà chèn tiêu đề như con cặc ấy,tripod dựng cao lên để chụp thì thần kinh chỗ nào dume ghép video đếu xem mà chèn tiêu đề như con cặc ấy
Disgust,thấy ớn,thấy ớn
Disgust,mấy bọn thả chó không rọ mõm gây hại cho người khác phải bị chó cắn mới thích đáng per,mấy bọn thả chó không rọ mõm gây hại cho người khác phải bị chó cắn mới thích đáng per
Disgust,"đó là do bạn ngu , đéo biết chọn chỗ viết",đó là do bạn ngu đéo bt chọn chỗ viết
Sadness,"giờ đây chúng ta , những con người của ngày ấy giờ không còn nữa ... những lời nói về mai sau nhưng ta đâu ngờ sau này chúng ta càng trở lên xa lạ",giờ đây chúng ta những con người của ngày ấy giờ không còn nữa những lời nói về mai sau nhưng ta đâu ngờ sau này chúng ta càng trở lên xa lạ
Other,ngại gì thế vừa nhanh vừa tiện,ngại gì thế vừa nhanh vừa tiện
Disgust,nhà anh có cơ to nhưng óc anh bằng quả nho !!,nhà anh có cơ to nhưng óc anh bằng quả nho
Other,bếp dầu vặn tim rồi chăm lửa nó mới cháy nha chỉ cho mấy đứa không bit sài,bếp dầu vặn tim rồi chăm lửa nó mới cháy nha chỉ cho mấy đứa không bit sài
Sadness,không biết thật mà hix .,không bt thật mà hix
Disgust,về nhà thể hiển nhé chú em,về nhà thể hiển nhé chú em
Enjoyment,"per anh nào nhắn vậy là tao yêuc luôn đéo suy nghĩ , ngọt vãi",per anh nào nhắn vậy là tao yêuc luôn đéo suy nghĩ ngọt vãi
Disgust,lỗi là do phụ huynh . nên đừng gây áp lực cho mấy em trẻ,lỗi là do phụ huynh nên đừng gây áp lực cho mấy em trẻ
Disgust,"sai rõ rồi , bếp công cộng nào cũng phải có lưu mẫu chứ . nếu không lưu thì lại vi phạm thì xử cái đó",sai rõ rồi bếp công cộng nào cũng phải có lưu mẫu chứ nếu không lưu thì lại vi phạm thì xử cái đó
Other,"đang lười quá nè , làm sao để bớt lười",đang lười quá nè làm sao để bớt lười
Surprise,đẹp quá 😆 vi diệu,đẹp quá 😆 vi diệu
Sadness,"đến lúc yêu nhạt cực :) tao thề ! kiểu chán chán , muốn quay về đơn phương hơn",đến lúc yêu nhạt cực tao thề kiểu chán chán muốn quay về đơn phương hơn
Disgust,ngiu tao cắt tóc xong nhìn như cặc . phải để tầm nữa tháng sau nhìn mới nung trở lại,ngiu tao cắt tóc xong nhìn như cặc phải để tầm nữa tháng sau nhìn mới nung trở lại
Disgust,có lẽ chỉ là con tốt thí thân cho cả bầy bụng phệ phía sau,có lẽ chỉ là con tốt thí thân cho cả bầy bụng phệ phía sau
Disgust,nghèo mà đi tập huấn sang chảnh ??,nghèo mà đi tập huấn sang chảnh
Sadness,tao toàn bạn gái mà sao vẫn tưng tửng nhể ???,tao toàn bạn gái mà sao vẫn tưng tửng nhể
Anger,vậy cứ mở mồm chó ra đổ thừa trung quốc . toàn mình giết mình,vậy cứ mở mồm chó ra đổ thừa trung quốc toàn mình giết mình
Disgust,"cấm đỗ thì gọi phường hay thanh tra giao thông xuống cẩu đi , chứ đường nhà chủ thớt bỏ tiền mua chắc ??????",cấm đỗ thì gọi phường hay thanh tra giao thông xuống cẩu đi chứ đường nhà chủ thớt bỏ tiền mua chắc
Disgust,"cái dòng ế mà dễ dãi , hứ tao khinh",cái dòng ế mà dễ dãi hứ tao khinh
Enjoyment,xem lâu rồi giờ xem lại vẫn buồn cười,xem lâu rồi giờ xem lại vẫn buồn cười
Enjoyment,"còn giữ 2 cái đĩa cổ này luôn á , ghê hông",còn giữ 2 cái đĩa cổ này luôn á ghê không
Sadness,quen với quên rồi thì hết đau thôi mà,quen với quên rồi thì hết đau thôi mà
Enjoyment,anh này còn phim pk nữa rất hay và ý nghĩa,anh này còn phim pk nữa rất hay và ý nghĩa
Enjoyment,"cả phim trừ anh dv chính ra thì thấy anh này là đáng yêu nhất , dù nhìn hơi hâm hâm tý",cả phim trừ anh dv chính ra thì thấy anh này là đáng yêu nhất dù nhìn hơi hâm hâm tý
Disgust,mua mà không được phát tán virut bán ra chợ đen thì mua để mà tế ah .,mua mà không được phát tán virut bán ra chợ đen thì mua để mà tế ah
Other,cẩn thận quá cô ơi,cẩn thận quá cô ơi
Enjoyment,muốn nhanh thì phải từ từ =))))),muốn nhanh thì phải từ từ
Other,nhìn phiêu thật chắc nhẹ mất mấy cân một bên tai 😂😂😂,nhìn phiêu thật chắc nhẹ mất mấy cân một bên tai 😂
Other,đang có phong trào tế trượt chân bể bình hả,đang có phong trào tế trượt chân bể bình hả
Other,có khi nào là chủ tịch giả vờ không ?,có khi nào là chủ tịch giả vờ không
Enjoyment,một giây rung động con tim :))))),một giây rung động con tim
Other,này làm mình liên tưởng tới hoá,này làm mình liên tưởng tới hoá
Enjoyment,"thích hôn , thèm hôn ư ư ...",thích hôn thèm hôn ư ư
Disgust,"nhớ lúc nhỏ tao và nó mỗi đứa 1 đường đi không ai đá động gì đến nó mà dume tao đang đi nó chạy sang đá cho tao mấy phát , dume đúng là đồ hoạ mi điên ... 🌚🌚 thứ độg vật không thể nào yêu thương nổi ...",nhớ lúc nhỏ tao và nó mỗi đứa 1 đường đi không ai đá động gì đến nó mà dume tao đang đi nó chạy sang đá cho tao mấy phát dume đúng là đồ hoạ mi điên 🌚🌚 thứ độg vật không thể nào yêu thương nổi
Anger,"nhìn mặt đã thấy tởm , lũ thầy cô trong trường biết còn trêu chọc các em . rặt một lũ cặn bã , súc sinh .",nhìn mặt đã thấy tởm lũ thầy cô trong trường bt còn trêu chọc các em rặt một lũ cặn bã súc sinh
Anger,"tự nhiên chơi với con trai cái bị kêu không đàng quàng , con gái gì kỳ vậy , lại còn nhiều bồ , đi với ai cũng nghĩ là bồ . mệt thiệt chứ",tự nhiên chơi với con trai cái bị kêu không đàng quàng con gái gì kỳ vậy lại còn nhiều bồ đi với ai cũng nghĩ là bồ mệt thiệt chứ
Sadness,tao ho rụng hết tóc rồi 😭,tao ho rụng hết tóc rồi 😭
Disgust,tưởng đàng hoàng cho chơi chung ai dè bạn xấu,tưởng đàng hoàng cho chơi chung ai dè bạn xấu
Enjoyment,per bit cái nay không . hihi,per bit cái nay không hihi
Enjoyment,vừa lên dốc thấy crush cười =)),vừa lên dốc thấy người mình thích cười
Sadness,kiếp trước sống lỗi quá nên kiếp này nghiệp quật :((,kiếp trước sống lỗi quá nên kiếp này nghiệp quật
Enjoyment,kkk tao chọn anh đầu tiên,không tao chọn anh đầu tiên
Disgust,lol :) dume nhảm nhí,lol dume nhảm nhí
Sadness,thằng hack game nó gặp trùm cuối rồi 😭😭 truyện đến đây là kết thúc sao 😭,thằng hack game nó gặp trùm cuối rồi 😭😭 truyện đến đây là kết thúc sao 😭
Other,lúc đầu tao còn tưởng thật ấy chứ,lúc đầu tao còn tưởng thật ấy chứ
Other,rất chi là chờ đợi 🙄,rất chi là chờ đợi 🙄
Enjoyment,chị em mình giờ nói ít thôi haha,chị em mình giờ nói ít thôi haha
Sadness,per rồi sẽ có 1 ngày vừa cười tao vừa kể chuyện khiến tao rơi nước mắt,per rồi sẽ có 1 ngày vừa cười tao vừa kể chuyện khiến tao rơi nước mắt
Fear,ăn vào lại thức dậy ở một nơi xa thì bỏ mẹ :)),ăn vào lại thức dậy ở một nơi xa thì bỏ mẹ
Other,em ấy đang ở đâu ạ,em ấy đang ở đâu ạ
Anger,gọi gọi người ra cái lờ ! gặp bố đập mày lun cho rảnh lol nhá,gọi gọi người ra cái lờ gặp bố đập mày lun cho rảnh lol nhá
Enjoyment,"giả bộ vô tình gặp nhìn lén rồi đi , lại còn tìm hiểu cả gia phả người ta nữa chứ ... một thời ngu ngốc đáng yêu .",giả bộ vô tình gặp nhìn lén rồi đi lại còn tìm hiểu cả gia phả người ta nữa chứ một thời ngu ngốc đáng yêu
Disgust,nghe lần 3 đéo thấy hay,nghe lần 3 đéo thấy hay
Surprise,ủa sao biết ??,ủa sao bt
Anger,dume cà rốt bố đéo thèm nhé !,dume cà rốt bố đéo thèm nhé
Disgust,nhạt hơn tao,nhạt hơn tao
Other,tao hiểu cảm giác đó,tao hiểu cảm giác đó
Surprise,anh thật máu lửa 🤣🤣🤣,anh thật máu lửa 🤣
Enjoyment,"per vì ss thích coi nặn mụn , c cũng ráng coi hết và cái kết có hậu 😂😂",per vì ss thích coi nặn mụn c cũng ráng coi hết và cái kết có hậu 😂😂
Disgust,bọn fa sẽ nói tao lấy ảnh mạng cho mà xem,bọn độc thân sẽ nói tao lấy ảnh mạng cho mà xem
Enjoyment,bắt võng nằm cho sướng,bắt võng nằm cho sướng
Enjoyment,đúng là khổ trước sướng sau thế mới giàu =))),đúng là khổ trước sướng sau thế mới giàu
Disgust,nói thiệt là 10 người thanh hoá hết 9 người chả ra gì ...,nói thiệt là 10 người thanh hoá hết 9 người chả ra gì
Enjoyment,đó là tìm đúng người còn sai người thì auto mối quan hệ kết thúc :)),đó là tìm đúng người còn sai người thì auto mối quan hệ kết thúc
Anger,bọn công ty nào vậy mọi người cùng nhau lên xiên cho bọn nó mỗi đứa vài phát,bọn công ty nào vậy mọi người cùng nhau lên xiên cho bọn nó mỗi đứa vài phát
Other,"có thể là ngày mai , tháng sau , cuối năm , sang năm hoặc 30 tuổi :))) khi nào có tình yêu .",có thể là ngày mai tháng sau cuối năm sang năm hoặc 30 tuổi khi nào có tình yêu
Anger,dume mấy con nhãi danh . 😒,dume mấy con nhãi danh 😒
Sadness,mình còn chưa được nắm tay,mình còn chưa được nắm tay
Enjoyment,boss dễ thương vãi lúa,boss dễ thương vãi lúa
Other,"nhà nuôi 1 cặp ngỗng kêu thì ôi thôi điếc tai luôn . chạy xe thì cứ canh ngay đầu xe mà nhào ra mổ , dí hơn cả chó nữa",nhà nuôi 1 cặp ngỗng kêu thì ôi thôi điếc tai luôn chạy xe thì cứ canh ngay đầu xe mà nhào ra mổ dí hơn cả chó nữa
Disgust,mặt thằng mèo khó ở vãi,mặt thằng mèo khó ở vãi
Disgust,hỏng xe và phải đền tầu hỏa . có thể phải đi tù nếu gây hậu quả nghiêm trọng . đầu đất là có thật . 😔😔😔😔,hỏng xe và phải đền tầu hỏa có thể phải đi tù nếu gây hậu quả nghiêm trọng đầu đất là có thật 😔
Sadness,2 năm rồi và đã kết thúc rồi,2 năm rồi và đã kết thúc rồi
Enjoyment,ngáo cỏ này đáng yêu nhỉ,ngáo cỏ này đáng yêu nhỉ
Enjoyment,ấm áp vãi .,ấm áp vãi
Enjoyment,per được đi thi chưa babe 😂,per được đi thi chưa babe 😂
Other,mấy vụ giết người chặt xác gần đây ở việt nam toàn là người hiền lành 🤔🤔🤔,mấy vụ giết người chặt xác gần đây ở việt nam toàn là người hiền lành 🤔
Enjoyment,"cảm ơn các em , tuổi học sinh lắm nghịch ngợm nhưng có lòng yêu thương con vật nhỏ bé đã giúp bé cún được sống 😘😘",cảm ơn các em tuổi học sinh lắm nghịch ngợm nhưng có lòng yêu thương con vật nhỏ bé đã giúp bé cún được sống 😘😘
Enjoyment,dume cười muốn chết người ta ~~,dume cười muốn chết người ta
Enjoyment,ngày xưa có 1 cái,ngày xưa có 1 cái
Anger,dm đã mải đạp xe rồi còn hỏi hoi cái lol gì vậy ????,địt mẹ đã mải đạp xe rồi còn hỏi hoi cái lol gì vậy
Disgust,"kaka bạn này best bán hành luôn kaka . bó tay . miệng nói một đường , não nghỉ một lối",kaka bạn này best bán hành luôn kaka bó tay miệng nói một đường não nghỉ một lối
Enjoyment,"đm buồn cười đéo chịu được , đặc vụ nằm vùng đi xe đạp thì đuổi sao kịp mấy th lol đi xe máy 🙄",địt mẹ buồn cười đéo chịu được đặc vụ nằm vùng đi xe đạp thì đuổi sao kịp mấy th lol đi xe máy 🙄
Disgust,"con sâu làm rầu nồi canh , tuyệt đối không có chuyện ....",con sâu làm rầu nồi canh tuyệt đối không có chuyện
Surprise,đứng trụ điện mới lạ chứ,đứng trụ điện mới lạ chứ
Disgust,bọn tiếp tay cho kẻ giết người,bọn tiếp tay cho kẻ giết người
Other,"cho phải công bằng , nếu không anh chị em không hoà thuận ...",cho phải công bằng nếu không anh chị em không hoà thuận
Other,rồi rủi gặp phải thằng người yêu con kia cục súc nó lại xiên cả đám :),rồi rủi gặp phải thằng người yêu con kia cục súc nó lại xiên cả đám
Disgust,cái này mình thấy ở ngoài đường người ta diễn nhiều lắm . nay chỗ này mai chỗ khác à . nhìn thấy riết rồi cũng nhạt cái mặt ra,cái này mình thấy ở ngoài đường người ta diễn nhiều lắm nay chỗ này mai chỗ khác à nhìn thấy riết rồi cũng nhạt cái mặt ra
Disgust,đi mà ngửi nách nhau à ? mua được cái cây về đến nhà còn trơ cọng,đi mà ngửi nách nhau à mua được cái cây về đến nhà còn trơ cọng
Disgust,quá ẩu vay mà bỏ tù người ta tân 7nam giờ đền 200tr . quá tội cho chị ấy còn những thằng kia thi quá tồi ...,quá ẩu vay mà bỏ tù người ta tân 7nam giờ đền 200tr quá tội cho chị ấy còn những thằng kia thi quá tồi
Disgust,ngu . vào quán uống nước lúc nào thích đi thì gọi bạn mang mũ bảo hiểm tới,ngu vào quán uống nước lúc nào thích đi thì gọi bạn mang mũ bảo hiểm tới
Disgust,"đều do lòng tham và sự ngu dốt của cá nhân gây ra , ngu cũng ngu vừa thôi .",đều do lòng tham và sự ngu dốt của cá nhân gây ra ngu cũng ngu vừa thôi
Disgust,đùa chứ cái tầm nghịch ngu này cho vào trại giáo dưỡng mấy tháng cũng được,đùa chứ cái tầm nghịch ngu này cho vào trại giáo dưỡng mấy tháng cũng được
Enjoyment,cần lắm những nhà tuyển dụng như vầy :)))),cần lắm những nhà tuyển dụng như vầy
Enjoyment,crush mới thích ảnh tao mà tao đã . nghĩ đến chuyện đặt tên con rồi,người mình thích mới thích ảnh tao mà tao đã nghĩ đến chuyện đặt tên con rồi
Sadness,vl đánh đòn hic :))))),vãi lồn đánh đòn hic
Fear,"tui đây vừa vô phòng thì con vợ mặt trắng bóc nhảy ra đây , tưởng là ma",tui đây vừa vô phòng thì con vợ mặt trắng bóc nhảy ra đây tưởng là ma
Sadness,nhìn vậy nhớ ông ngoại quá 😞,nhìn vậy nhớ ông ngoại quá 😞
Sadness,:) cảm giác đó đau lắm các mày ạ,cảm giác đó đau lắm các mày ạ
Enjoyment,"đang coi thấy nghi nghi , tắt vô xem bình luận , đoán ngay là sẽ giật mình , nên thôi không xem nữa haha , dễ gì bị dụ haha",đang coi thấy nghi nghi tắt vô xem bình luận đoán ngay là sẽ giật mình nên thôi không xem nữa haha dễ gì bị dụ haha
Surprise,ủa rồi mắc gì phí cả 1 đời 🙂,ủa rồi mắc gì phí cả 1 đời 🙂
Disgust,"ủa chứ bộ mày bán phá giá thì thị trường để yên cho mày à :v , mua tận gốc mà còn đòi giảm , ủa chứ giảm sao ? ủa chứ mày ngu mày bán đúng giá chứ mày đòi tao giảm tao phá sản nghỉ làm à :v",ủa chứ bộ mày bán phá giá thì thị trường để yên cho mày à v mua tận gốc mà còn đòi giảm ủa chứ giảm sao ủa chứ mày ngu mày bán đúng giá chứ mày đòi tao giảm tao phá sản nghỉ làm à v
Sadness,nhìn cái ngành giáo dục việt nam bây giờ ai cũng mệt mỏi,nhìn cái ngành giáo dục việt nam bây giờ ai cũng mệt mỏi
Disgust,cưng tởm,cưng tởm
Fear,mẹ đang buồn ỉa mà trên đường về gặp mớ gờ giảm tốc kia thì phọt bà ra quần 😨,mẹ đang buồn ỉa mà trên đường về gặp mớ gờ giảm tốc kia thì phọt bà ra quần 😨
Enjoyment,người gì đâu mà đẹp trai hết sức !,người gì đâu mà đẹp trai hết sức
Disgust,khá trẩu =))),khá trẩu
Disgust,đéo hiểu sao mấy thằng khốn nạn thì lại nhiều đứa yêu . anh em ngoan hiền đâu điểm danh,đéo hiểu sao mấy thằng khốn nạn thì lại nhiều đứa yêu anh em ngoan hiền đâu điểm danh
Other,"hết hôi nhưng cống vẫn xả xuống sông thì nó lại thành "" hòa vốn "" 🤔🤔",hết hôi nhưng cống vẫn xả xuống sông thì nó lại thành hòa vốn 🤔🤔
Disgust,"lũ âm binh khí đụ này phải truy gấp , tao tính đi bơi mà bọn bây làm vậy mất mặt đàn ông chân chính bơi vì đam mê như tao quá 😡",lũ âm binh khí đụ này phải truy gấp tao tính đi bơi mà bọn bây làm vậy mất mặt đàn ông chân chính bơi vì đam mê như tao quá 😡
Other,2 câu giống nhau,2 câu giống nhau
Other,chổ mình là miền núi nên là không nấu bằng rơm nhé,chổ mình là miền núi nên là không nấu bằng rơm nhé
Other,tao nghi chị xác chết với chị bác sĩ pháp y đó yêu nhau quá chúng mày :)),tao nghi chị xác chết với chị bác sĩ pháp y đó yêu nhau quá chúng mày
Enjoyment,đau ruột với thằng số 9 🤣🤣🤣,đau ruột với thằng số 9 🤣
Enjoyment,đang đi ỉa tự nhiên xem phim này cái cười ỉa ra cứt luôn :)),đang đi ỉa tự nhiên xem phim này cái cười ỉa ra cứt luôn
Disgust,cái máy không có lỗi lỗi ở mấy lão kỹ sư trắc địa,cái máy không có lỗi lỗi ở mấy lão kỹ sư trắc địa
Disgust,sau này nó lớn lên làm kinh doanh thứ gì đó thì lúc đó nó mới biết thế nào là quả báo,sau này nó lớn lên làm kinh doanh thứ gì đó thì lúc đó nó mới bt thế nào là quả báo
Enjoyment,cưng quá hà,cưng quá hà
Other,fan của nhà thờ đức bà paris vào cảm thông cái per,fan của nhà thờ đức bà paris vào cảm thông cái per
Enjoyment,phim cực hay và cực cảm động lòng người,phim cực hay và cực cảm động lòng người
Enjoyment,hàng nhà tao cắt tóc xong thì tao cười như con điên từ sáng đến tối =)))),hàng nhà tao cắt tóc xong thì tao cười như con điên từ sáng đến tối
Fear,"chúng mày nhìn , tao nuốt cũng không xuống nổi , ông địa",chúng mày nhìn tao nuốt cũng không xuống nổi ông địa
Enjoyment,hoan hô anh 😂😄,hoan hô anh 😂😄
Enjoyment,lấy ghế ra ngồi thật tuyệt,lấy ghế ra ngồi thật tuyệt
Enjoyment,per phim nào cũ thì người cũng hay hêt ́ tao anh ơi,per phim nào cũ thì người cũng hay hêt ́ tao anh ơi
Other,dù 22 tuổi nhưng bố giàu là được,dù 22 tuổi nhưng bố giàu là được
Sadness,"ước gì mày được quay về tuổi thơ , trước mày cũng có 1 b trai như vậy đó",ước gì mày được quay về tuổi thơ trước mày cũng có 1 b trai như vậy đó
Enjoyment,làm kiểu không cần bẻ phê hơn =))),làm kiểu không cần bẻ phê hơn
Disgust,khó tính chảnh chó như mèo 🙄,khó tính chảnh chó như mèo 🙄
Surprise,chủ tịch giả vờ nấu kiểu này và cái kết cháy trụi làng,chủ tịch giả vờ nấu kiểu này và cái kết cháy trụi làng
Other,per nhớ thật sự,per nhớ thật sự
Sadness,"đấy , nó đấy . con tim tao đau quá .",đấy nó đấy con tim tao đau quá
Fear,ngày xưa hồi còn học mẫu giáo mỗi lần đi qua là nó rượt tao chạy té khói dume còn thiếu nước chạy lại quỳ xuống van xin nó nữa thôi . đến giờ nó vẫn là nỗi ám ảnh với tao :)),ngày xưa hồi còn học mẫu giáo mỗi lần đi qua là nó rượt tao chạy té khói dume còn thiếu nước chạy lại quỳ xuống van xin nó nữa thôi đến giờ nó vẫn là nỗi ám ảnh với tao
Enjoyment,chính xác là con gái xinh auto đáng yêu =)))),chính xác là con gái xinh auto đáng yêu
Disgust,vớ vẩn thặc ! marketing cũng có dăm bảy loại và tùy lĩnh vực . dăm ba cái này đăng mà không đọc à,vớ vẩn thặc marketing cũng có dăm bảy loại và tùy lĩnh vực dăm ba cái này đăng mà không đọc à
Enjoyment,"kết nhất cái điệu "" xời quá là điều bình thường luôn """,kết nhất cái điệu xời quá là điều bình thường luôn
Enjoyment,chàng trai mạnh mẽ !,chàng trai mạnh mẽ
Fear,thấy hơi sợ sợ rồi đấy :(,thấy hơi sợ sợ rồi đấy
Enjoyment,như con đười ươi :)))))),như con đười ươi
Enjoyment,per thần thái còn phải thua haha,per thần thái còn phải thua haha
Other,chuẩn bị cho chim ăn cức,chuẩn bị cho chim ăn cức
Disgust,"có chỗ tự đào thải nhưng có chỗ có đào cũng không thải , vì "" cơ chế "" đồng tiền có lỗ xỏ . khó nói lắm",có chỗ tự đào thải nhưng có chỗ có đào cũng không thải vì cơ chế đồng tiền có lỗ xỏ khó nói lắm
Sadness,đang thất tình mà dume cứ bắt đi bán xoài @@,đang thất tình mà dume cứ bắt đi bán xoài
Surprise,đm y chang mẹ tao chửi tao luôn :),địt mẹ y chang mẹ tao chửi tao luôn
Disgust,trông ô uế vãi,trông ô uế vãi
Disgust,đúng rất nguy hiểm ! đằng sau 1 thằng đàn ông đôi khi là cả một tủ váy,đúng rất nguy hiểm đằng sau 1 thằng đàn ông đôi khi là cả một tủ váy
Anger,dm đang yên đang lành tự dưng bị nhét cẩu lương 😡😡,địt mẹ đang yên đang lành tự dưng bị nhét cẩu lương 😡😡
Disgust,phản cảm,phản cảm
Enjoyment,"ba mẹ mình nhớ tất cả ngày tháng năm sinh âm lịch , giờ sinh , tên tuổi ...... của 4 chị em .....",ba mẹ mình nhớ tất cả ngày tháng năm sinh âm lịch giờ sinh tên tuổi của 4 chị em
Enjoyment,bị tát lần đầu có thể sẽ hơi sốc một chút nhưng bị nhiều lần rồi sẽ quen ngay ấy mà 😂,bị tát lần đầu có thể sẽ hơi sốc một chút nhưng bị nhiều lần rồi sẽ quen ngay ấy mà 😂
Disgust,ghê thật,ghê thật
Sadness,không biết đến 2021 tao có lấy được chồng không nữa :((,không bt đến 2021 tao có lấy được chồng không nữa
Enjoyment,"kỳ nghỉ hè muộn của anh mà , xõa hết đi anh .",kỳ nghỉ hè muộn của anh mà xõa hết đi anh
Other,nhỏ không học lớn lên làm nhà báo,nhỏ không học lớn lên làm nhà báo
Other,2 - 3 tuần gì đấy . sao thế,2 3 tuần gì đấy sao thế
Anger,per đu ̣ me ̣ như 1 tro ̀ đu ̀ anh =))))) đi gia ̉ mày tô ́ c co ̀ n nhiê ̀ u hơn khu nha ̀ ông,per đu ̣ me ̣ như 1 tro ̀ đu ̀ anh đi gia ̉ mày tô ́ c co ̀ n nhiê ̀ u hơn khu nha ̀ ông
Disgust,dở hơi,dở hơi
Disgust,cũng chỉ là ít protein dạng sợi thôi béo tốt gì mà gìn giữ 66 năm 😑 xã hội giờ là vậy . khi bạn không có tài năng nhưng bạn muốn tạo sự quan tâm của xã hội thì phải ..... 🙃🙃🙃,cũng chỉ là ít protein dạng sợi thôi béo tốt gì mà gìn giữ 66 năm 😑 xã hội giờ là vậy khi bạn không có tài năng nhưng bạn muốn tạo sự quan tâm của xã hội thì phải 🙃
Other,"đó là những cô gái cần được bảo tồn , vì biết lo nghĩ đến thứ anh ta đang nghĩ",đó là những cô gái cần được bảo tồn vì bt lo nghĩ đến thứ anh ta đang nghĩ
Other,đó là mày chưa nhận ra việc mày yêu tiền như thế nào và muốn kiếm tiền nhiều bao nhiêu ?,đó là mày chưa nhận ra việc mày yêu tiền như thế nào và muốn kiếm tiền nhiều bao nhiêu
Other,tại thợ hàn bất cẩn chăng ...,tại thợ hàn bất cẩn chăng
Disgust,đúng là không có nhân tính,đúng là không có nhân tính
Enjoyment,"học xong cấp 3 , ngoài mừng vì được thoát khỏi đó thì không hề có lưu luyến 1 chút nào :))))))",học xong cấp 3 ngoài mừng vì được thoát khỏi đó thì không hề có lưu luyến 1 chút nào
Sadness,hoá ra chúng ta không biết nhiều về tình yêu như ta vẫn nghĩ 😢,hoá ra chúng ta không bt nhiều về tình yêu như ta vẫn nghĩ 😢
Anger,lòng đường không phải nhà cụ nên cụ sai nhé . vỉa hè to vậy rồi cụ còn muốn như thế nào,lòng đường không phải nhà cụ nên cụ sai nhé vỉa hè to vậy rồi cụ còn muốn như thế nào
Surprise,thiệt hả cái ???,thiệt hả cái
Enjoyment,per mi phải học con nay bán hàng lai chim mới chạy hàng này,per mi phải học con nay bán hàng lai chim mới chạy hàng này
Sadness,"ước mơ của tao , thích vẽ lắm luôn , nhưng mỗi tội vẽ xong cho lên màu thì lại tệ 🙄",ước mơ của tao thích vẽ lắm luôn nhưng mỗi tội vẽ xong cho lên màu thì lại tệ 🙄
Enjoyment,dăm ba cái trò nấu cơm này sao làm khó tao .,dăm ba cái trò nấu cơm này sao làm khó tao
Sadness,em chân thành nên em tổn thương,em chân thành nên em tổn thương
Enjoyment,bộ phim này hay từng đoạt giải oscar có lẽ là bộ hay nhất của ấn độ,bộ phim này hay từng đoạt giải oscar có lẽ là bộ hay nhất của ấn độ
Other,ủa ? chọn người nào cũng như nhau thôi . vì cả 2 người chắc đéo gì đã thích bạn đâu ? :)),ủa chọn người nào cũng như nhau thôi vì cả 2 người chắc đéo gì đã thích bạn đâu
Anger,đcm . mấy hôm này đi đâu cungz thấy chủ tịch . đéo ngán à ?,địt cụ mày mấy hôm này đi đâu cungz thấy chủ tịch đéo ngán à
Enjoyment,hồi đó cấp 2 mà bán đồ lời mấy chục là mừng quýnh lên rồi =))),hồi đó cấp 2 mà bán đồ lời mấy chục là mừng quýnh lên rồi
Other,và sau đó mẹ mày đánh thức mày dậy 😌,và sau đó mẹ mày đánh thức mày dậy 😌
Enjoyment,per đưa anh nè không cần năn nỉ . chỉ cần em cởi hết đồ ra thôi . đúng không,per đưa anh nè không cần năn nỉ chỉ cần em cởi hết đồ ra thôi đúng không
Disgust,bà này hên vãi . bữa bên gò vấp cũng v . nhỏ kia nói chuyện rất đàng hoàng bà này thấy v làm tới mà lỗi sai rành rành . xui đâu có vài bà đi đường nghe không lọt tai hay sao vả cho mấy phát . hả dạ !,bà này hên vãi bữa bên gò vấp cũng vậy nhỏ kia nói chuyện rất đàng hoàng bà này thấy vậy làm tới mà lỗi sai rành rành xui đâu có vài bà đi đường nghe không lọt tai hay sao vả cho mấy phát hả dạ
Disgust,dm gớm chó thiệt chứ,địt mẹ gớm chó thiệt chứ
Sadness,nhớ lại thời đi học xa nhà . bếp dầu ... :(,nhớ lại thời đi học xa nhà bếp dầu
Anger,trời ơi . giết hết lũ xúc sinh liên quan đi . lũ giết người hàng loạt . yêu cầu thủ tướng đứng ra chỉ đạo vụ việc này cho dân . diệt tận gốc nhổ tận rể lũ súc vật này .😡😡😡😡,trời ơi giết hết lũ xúc sinh liên quan đi lũ giết người hàng loạt yêu cầu thủ tướng đứng ra chỉ đạo vụ việc này cho dân diệt tận gốc nhổ tận rể lũ súc vật này 😡
Other,sẽ gây sự chú ý . cố tình xuất hiện trước mặt nhưng giả vờ như không quan tâm 😚,sẽ gây sự chú ý cố tình xuất hiện trước mặt nhưng giả vờ như không quan tâm 😚
Sadness,nản kèo vãi,nản kèo vãi
Other,"vẫn là thụ động , làm sao phải chặn đứng hiện tượng rải đinh .",vẫn là thụ động làm sao phải chặn đứng hiện tượng rải đinh
Other,"per xuống cấp những vật liệu dễ bị cháy , chắc có thể do chập điện hoặc nguyên nhân gì đó khiến ngọn lửa bắt lên nhanh cộng với gió lớn .",per xuống cấp những vật liệu dễ bị cháy chắc có thể do chập điện hoặc nguyên nhân gì đó khiến ngọn lửa bắt lên nhanh cộng với gió lớn
Enjoyment,để được maiz ngắm nhìn nụ cười đó nên quyết định chỉ crush mà thôi :3,để được maiz ngắm nhìn nụ cười đó nên quyết định chỉ người mình thích mà thôi 3
Surprise,thế là .... nổi tiếng sao ?,thế là nổi tiếng sao
Anger,hình phạt đó quá nhẹ không có sức dặn đe kẻ khác,hình phạt đó quá nhẹ không có sức dặn đe kẻ khác
Fear,dume nghe kể mà đau cổ họng vãi :),dume nghe kể mà đau cổ họng vãi
Fear,khiếp ăn tạp chẳng chết,khiếp ăn tạp chẳng chết
Enjoyment,một cái tết nhiều tiền,một cái tết nhiều tiền
Disgust,phim này thật ra hay nhưng không có tính thực tế . không hay bằng truyện .,phim này thật ra hay nhưng không có tính thực tế không hay bằng truyện
Disgust,sao tao ghét mấy cái tiếng cười của bọn khựa vãi mà video lồn nào cũng nge,sao tao ghét mấy cái tiếng cười của bọn khựa vãi mà video lồn nào cũng nge
Other,"giáo viên tiếng anh ở cấp thcs cực kì chán , phát âm sai bét , giao tiếp tiếng anh thì cứ ừ à .",giáo viên tiếng anh ở cấp thcs cực kì chán phát âm sai bét giao tiếp tiếng anh thì cứ ừ à
Disgust,nó còn kể với bạn nó .. bạn nó cũng là bạn mình,nó còn kể với bạn nó bạn nó cũng là bạn mình
Anger,dume tao chửi cho nó sấp mặt luôn chứ còn gì nữa,dume tao chửi cho nó sấp mặt luôn chứ còn gì nữa
Enjoyment,cầu trời phật cho đại gia đình con sức khỏe !,cầu trời phật cho đại gia đình con sức khỏe
Disgust,do chính sách quản lý yếu kém mới ra vậy đó,do chính sách quản lý yếu kém mới ra vậy đó
Enjoyment,con đáng yêu quá,con đáng yêu quá
Enjoyment,hồi xưa còn bị vén tà áo dài nằm lên bàn rồi đánh . chứ quỳ thế này có là gì đâu . giờ mới thấy cảm ơn thầy cô vì hồi đó đã như vậy .,hồi xưa còn bị vén tà áo dài nằm lên bàn rồi đánh chứ quỳ thế này có là gì đâu giờ mới thấy cảm ơn thầy cô vì hồi đó đã như vậy
Enjoyment,phim nay và phim triệu phú ổ chuột là 2 phim của ấn mà mình thích nhất,phim nay và phim triệu phú ổ chuột là 2 phim của ấn mà mình thích nhất
Other,:))) bố mày nghi nghi rồi . tắt loa auto sáng suốt :))),bố mày nghi nghi rồi tắt loa auto sáng suốt
Enjoyment,trời . cưng chết được,trời cưng chết được
Enjoyment,dù chỉ là 1 cây bông nhưng nó là tất cả tình yêu của ông dành cho bà ❤❤❤,dù chỉ là 1 cây bông nhưng nó là tất cả tình yêu của ông dành cho bà ❤
Disgust,thằng nào phán sai bỏ tiền túi ra mà đền cho người bị oan sai đừng lấy tiền của nhà nước,thằng nào phán sai bỏ tiền túi ra mà đền cho người bị oan sai đừng lấy tiền của nhà nước
Enjoyment,chỉ để nhìn cái thôi :)),chỉ để nhìn cái thôi
Anger,"thôi , không tranh luận với các ông . thế đi đường gặp thằng nào đỗ thế này cả nửa ngày , mà tắc đường và gọi nó không được , các ông đừng há mồm ra dume nó nhé . vì nó đúng mà",thôi không tranh luận với các ông thế đi đường gặp thằng nào đỗ thế này cả nửa ngày mà tắc đường và gọi nó không được các ông đừng há mồm ra dume nó nhé vì nó đúng mà
Surprise,2 thằng chúng mày lại không làm gì được ư ?,2 thằng chúng mày lại không làm gì được ư
Enjoyment,chai này mới ghi được nhìu chữ kkk,chai này mới ghi được nhìu chữ không
Other,không biết mình có được may mắn như cụ bà này không,không bt mình có được may mắn như cụ bà này không
Surprise,mũ sơ sài mà hiệu quả vãi,mũ sơ sài mà hiệu quả vãi
Disgust,"per nghe đồn mày yêu mèo , mà sao mày không đáng yêu :))",per nghe đồn mày yêu mèo mà sao mày không đáng yêu
Fear,đcm ác mộng,địt cụ mày ác mộng
Fear,per gặp tao chắc tao đái trong vần 😅😅,per gặp tao chắc tao đái trong vần 😅😅
Disgust,mấy thằng súc vật 😡,mấy thằng súc vật 😡
Anger,cáu vãi :))),cáu vãi
Other,per bảo sao tao cứ muốn nghỉ việc . lm với cái tao sờ choét lắm,per bảo sao tao cứ muốn nghỉ việc làm với cái tao sờ choét lắm
Enjoyment,""" vậy là đủ tuổi ngồi tù rồi nhỉ ?"" , mặt anh rất tỉnh và đẹp zai =))",vậy là đủ tuổi ngồi tù rồi nhỉ mặt anh rất tỉnh và đẹp zai
Other,giống chó này tên là gì vậy các bác 🙄,giống chó này tên là gì vậy các bác 🙄
Sadness,làm bộ mặt ngầu cho thằng thỏ để ý mà thằng này láo ăn thiệt đéo cho mình ăn ké quê thiệt là quê luôn,làm bộ mặt ngầu cho thằng thỏ để ý mà thằng này láo ăn thiệt đéo cho mình ăn ké quê thiệt là quê luôn
Enjoyment,tao thấy dễ thương màaaa,tao thấy dễ thương màa
Enjoyment,cách người ta phản ứng cũng văn minh ghê ❤️,cách người ta phản ứng cũng văn minh ghê ❤️
Sadness,"per 😥 cảm thấy tội lỗi quá , từ nay không chụp nữa thiệt luôn",per 😥 cảm thấy tội lỗi quá từ nay không chụp nữa thiệt luôn
Disgust,em mà biết nó vô văn hóa thế thì em cũng làm cách này luôn cho nó nhanh ah :-),em mà bt nó vô văn hóa thế thì em cũng làm cách này luôn cho nó nhanh ah
Other,per hồi lớp 1 tao quên nhãn vở mỹ thuật sợ đánh quá ngồi khóc tè le,per hồi lớp 1 tao quên nhãn vở mỹ thuật sợ đánh quá ngồi khóc tè le
Enjoyment,cảm ơn các anh tình nguyện viên .,cảm ơn các anh tình nguyện viên
Enjoyment,thật tuyệt vời !,thật tuyệt vời
Enjoyment,3 thằng ngốc . xem ý nghĩa lắm,3 thằng ngốc xem ý nghĩa lắm
Enjoyment,dễ thương quá !!!,dễ thương quá
Anger,"thì đi ra chỗ khác viết , đụ mẹ coi mà tao tức á .",thì đi ra chỗ khác viết đụ mẹ coi mà tao tức á
Enjoyment,bà ngoại của em đáng yêu hơn thế này nhiều,bà ngoại của em đáng yêu hơn thế này nhiều
Anger,đem hủy mẹ đi . đấu giá cái quần què gì xong thằng mua lại nó hứng nó cho cả thế giới dính vr cmnl .,đem hủy mẹ đi đấu giá cái quần què gì xong thằng mua lại nó hứng nó cho cả thế giới dính vr cmnl
Fear,đã sợ rồi .. cố gắng hí mắt để xa ra để coi như thế nào .. khúc cuối hết hồn dục luôn cái điện thoại :))),đã sợ rồi cố gắng hí mắt để xa ra để coi như thế nào khúc cuối hết hồn dục luôn cái điện thoại
Enjoyment,tao thấy cảm động vãi .,tao thấy cảm động vãi
Fear,cũng sợ mấy con ngoe nguẩy như giòi 😰,cũng sợ mấy con ngoe nguẩy như giòi 😰
Sadness,đáng lẽ bệnh của tao đã không nặng đến thế,đáng lẽ bệnh của tao đã không nặng đến thế
Surprise,đẹp khó tin quá,đẹp khó tin quá
Enjoyment,xấu mà đáng yêuc quá,xấu mà đáng yêuc quá
Other,"t xem cái này từ lâu lâu lâu rồi cơ , đéo bất ngờ gì cạ 😕",tao xem cái này từ lâu lâu lâu rồi cơ đéo bất ngờ gì cạ 😕
Surprise,duới miền tây là kiến vàng sao ngoài ấy lại dùng kiến đen nhỉ ?,duới miền tây là kiến vàng sao ngoài ấy lại dùng kiến đen nhỉ
Surprise,xưa dữ luôn,xưa dữ luôn
Disgust,"con cái có hư hỏng thì cha mẹ phải dạy dỗ , chứ cái loại thờ ơ khi con mình hư hỏng thế này thì đúng là dột từ nóc rồi .",con cái có hư hỏng thì cha mẹ phải dạy dỗ chứ cái loại thờ ơ khi con mình hư hỏng thế này thì đúng là dột từ nóc rồi
Enjoyment,mê trai hơn bạn có thật :(,mê trai hơn bạn có thật
Enjoyment,má toàn truyện trong mơ không hà mắc cười quá 😂,má toàn truyện trong mơ không hà mắc cười quá 😂
Disgust,per khóc quá trời rủ họp lớp đéo thấy đâu,per khóc quá trời rủ họp lớp đéo thấy đâu
Enjoyment,phim ấn thì của lão amir khan là hay vol,phim ấn thì của lão amir khan là hay vol
Enjoyment,"cha quay phim cũng không phải dạng vừa , mẹ diễn viên thần thái vãi",cha quay phim cũng không phải dạng vừa mẹ diễn viên thần thái vãi
Sadness,ơ thế hoá ra tao không bị ngu một mình ?,ơ thế hoá ra tao không bị ngu một mình
Enjoyment,"động lực là lo được cho gdinh , tự chủ bản thân",động lực là lo được cho gdinh tự chủ bản thân
Enjoyment,nhìn nữa sao . hỏng yêu đi . cho doi . vui vẻ,nhìn nữa sao hỏng yêu đi cho doi vui vẻ
Disgust,trời đất . 580k không tiếc thì tiếc gì trời . người ta làm ăn đàng hoàng . hứa hươu hứa vượn . là người lớn mà làm trò mất nết vậy trời @@,trời đất 580k không tiếc thì tiếc gì trời người ta làm ăn đàng hoàng hứa hươu hứa vượn là người lớn mà làm trò mất nết vậy trời
Enjoyment,cảm ơn bạn vì đã chia sẻ cũng như đã luôn sáng suốt để không làm gì sai,cảm ơn bạn vì đã chia sẻ cũng như đã luôn sáng suốt để không làm gì sai
Enjoyment,"rất dũng cảm , đáng yêu quá",rất dũng cảm đáng yêu quá
Enjoyment,nhà tao còn nè,nhà tao còn nè
Enjoyment,dễ thương quá hà,dễ thương quá hà
Disgust,"như mọi năm thôi mưa gió rét mướt , bây giờ mót ỉa là chỉ có thánh mới giúp được",như mọi năm thôi mưa gió rét mướt bây giờ mót ỉa là chỉ có thánh mới giúp được
Enjoyment,đọan con chó tao cười đau bụng,đọan con chó tao cười đau bụng
Enjoyment,đó cũng là giải pháp hay để lừa một thèn ngu :))),đó cũng là giải pháp hay để lừa một thèn ngu
Fear,tao lại sợ ngôn tình quá cơ 😒,tao lại sợ ngôn tình quá cơ 😒
Other,per ít bữa dẫn mày xem cái này,per ít bữa dẫn mày xem cái này
Other,lên báo sớm thôi nhỉ,lên báo sớm thôi nhỉ
Disgust,tỏ tình cho nó biết thôi chứ yêu đương gì tầm này :(((,tỏ tình cho nó bt thôi chứ yêu đương gì tầm này
Enjoyment,cầu mong những công ơn sinh thành luôn mạnh khỏe .,cầu mong những công ơn sinh thành luôn mạnh khỏe
Disgust,cái miệng nó nhanh hơn cái não,cái miệng nó nhanh hơn cái não
Disgust,thành phố tao nhiều người còn dân trí thấp là sao ? bố con dở người,thành phố tao nhiều người còn dân trí thấp là sao bố con dở người
Other,per giống súp lơ của bạn mình,per giống súp lơ của bạn mình
Fear,"k có con gì ác bằng con người , các con bé như thế mà nó không tha",không có con gì ác bằng con người các con bé như thế mà nó không tha
Other,chi phí kiểm toán và thuê người tổ chức hòa giải chia chác thôi,chi phí kiểm toán và thuê người tổ chức hòa giải chia chác thôi
Anger,thêm cả trò mắt mèo khốn nạn nữa,thêm cả trò mắt mèo khốn nạn nữa
Sadness,ăn ở cái gì huhu,ăn ở cái gì huhu
Enjoyment,nhiều lúc ngáo ngáo thoải mái đến mức người yêu cũng đéo bằng nó và đến khi nó thổ lộ tình cảm thì tao đéo tin :v,nhiều lúc ngáo ngáo thoải mái đến mức người yêu cũng đéo bằng nó và đến khi nó thổ lộ tình cảm thì tao đéo tin v
Disgust,vẫn bình thường chán làm khách sạn nhọc nhục hơn 👻👻 xoạc nhau nước nôi máu me be bét ra 😭 kinh chết mẹ 😶,vẫn bình thường chán làm khách sạn nhọc nhục hơn 👻👻 xoạc nhau nước nôi máu me be bét ra 😭 kinh chết mẹ 😶
Anger,đúng là khốn nạn mà,đúng là khốn nạn mà
Enjoyment,ôi hạnh phúc quá 😄😄😄,ôi hạnh phúc quá 😄
Sadness,"per hồi học đại học , điện hỏi xin tiền bố , bố ra ngân hàng gửi tiền rồi điện em hỏi stk rồi hỏi "" tên mày là gì ??"" 😭😭",per hồi học đại học điện hỏi xin tiền bố bố ra ngân hàng gửi tiền rồi điện em hỏi stk rồi hỏi tên mày là gì 😭😭
Sadness,đúng . biết là sự thật tàn nhẫn nhưng vẫn muốn biết rõ cho nhẹ lòng hơn :(,đúng bt là sự thật tàn nhẫn nhưng vẫn muốn bt rõ cho nhẹ lòng hơn
Surprise,mấy kiếp tu luyện mà có 5 triệu thôi à ?,mấy kiếp tu luyện mà có 5 triệu thôi à
Sadness,đau còn hơn tỏ tình bị từ chối per,đau còn hơn tỏ tình bị từ chối per
Enjoyment,dễ thương vãi ♥♥♥,dễ thương vãi ♥
Fear,bố mày đã sợ nhện rồi xem cái video này ... vãi đái :(((,bố mày đã sợ nhện rồi xem cái video này vãi đái
Enjoyment,bà xinh thật sự ❤️,bà xinh thật sự ❤️
Surprise,đây là hội à mày ? làm tao phải lên gg tra sao lại đông người thế :)),đây là hội à mày làm tao phải lên gg tra sao lại đông người thế
Other,lại khoe có người yêu - _ -,lại khoe có người yêu
Disgust,đừng trao duyên cho tao khi chưa biết rõ tao :(,đừng trao duyên cho tao khi chưa bt rõ tao
Sadness,chưa có cơ hội nói cảm ơn và xin lỗi . vì chúng ta xứng đáng được bình yên,chưa có cơ hội nói cảm ơn và xin lỗi vì chúng ta xứng đáng được bình yên
Other,đáng nhẽ nên làm việc này từ sớm . chứ hàn quốc họ làm từ lâu rồi ạ,đáng nhẽ nên làm việc này từ sớm chứ hàn quốc họ làm từ lâu rồi ạ
Sadness,"quá bản lĩnh luôn , người đáng nể , tiếc là anh ấy sắp bị tử hình rồi",quá bản lĩnh luôn người đáng nể tiếc là anh ấy sắp bị tử hình rồi
Disgust,không biết mấy ba mấy mẹ chơi bửa đó có xem được bài viết này không 😂😂😂... có ai lên incon phẫn nộ thì hiểu rồi ha,không bt mấy ba mấy mẹ chơi bửa đó có xem được bài viết này không 😂 có ai lên incon phẫn nộ thì hiểu rồi ha
Enjoyment,góp phần xây dựng đất nước chứ gì kkk đóng nhiếu rứa,góp phần xây dựng đất nước chứ gì không đóng nhiếu rứa
Anger,"đm hồi đó nhà có nuôi bốn con , bữa đang ngồi chơi nặn đất sét nó chạy cả lũ tới , thật sự là tao không biết con đéo nào nhma có một con trong đó kéo áo phía sau lưng tao lên rồi cả lũ cắn lưng tao dume nó thốn vãi luôn . thề !",địt mẹ hồi đó nhà có nuôi bốn con bữa đang ngồi chơi nặn đất sét nó chạy cả lũ tới thật sự là tao không bt con đéo nào nhma có một con trong đó kéo áo phía sau lưng tao lên rồi cả lũ cắn lưng tao dume nó thốn vãi luôn thề
Disgust,cải ngu lắm ... chưa ai ngu như cải tao thì không yêu đi yêu đứa vừa béo vừa lắm lông,cải ngu lắm chưa ai ngu như cải tao thì không yêu đi yêu đứa vừa béo vừa lắm lông
Disgust,toàn lũ đầu trâu mặt ngựa,toàn lũ đầu trâu mặt ngựa
Enjoyment,làm tao liên tưởng đển phượng hoàng cổ trấn :))),làm tao liên tưởng đển phượng hoàng cổ trấn
Other,cố gắng đi gần người ta 1 xíu . rồi lướt qua nhau như 1 cơn gió,cố gắng đi gần người ta 1 xíu rồi lướt qua nhau như 1 cơn gió
Disgust,chơi vậy ai chơi,chơi vậy ai chơi
Sadness,per thì tốt nhỉ quá đỉnh luôn ... nhưng không biết được trọng dụng không nữa buồn quá,per thì tốt nhỉ quá đỉnh luôn nhưng không bt được trọng dụng không nữa buồn quá
Anger,đồ điên,đồ điên
Enjoyment,tự nhiên muốn có con 😐 dume,tự nhiên muốn có con 😐 dume
Enjoyment,cảm động người thầy đưa học sinh đi làm hồ sơ 🙄,cảm động người thầy đưa học sinh đi làm hồ sơ 🙄
Other,đúng là lợi ích kinh tế lâu dài .,đúng là lợi ích kinh tế lâu dài
Other,thái bình nắng to rồi,thái bình nắng to rồi
Disgust,nói như việt nam . nhưng hơi láo cá chắc thầy của ônc cũng như ông,nói như việt nam nhưng hơi láo cá chắc thầy của ônc cũng như ông
Other,lò xô xài bằng dầu lửa con gọi là dầu thôi,lò xô xài bằng dầu lửa con gọi là dầu thôi
Fear,đi đường buổi đêm nhìn thấy hãi vãi ??,đi đường buổi đêm nhìn thấy hãi vãi
Disgust,nặng tay cho chừa cái tật hại người,nặng tay cho chừa cái tật hại người
Sadness,"ngàn cân treo sợi tóc nhỉ , csong mong manh quá",ngàn cân treo sợi tóc nhỉ csong mong manh quá
Enjoyment,ko 1 từ nào để diễn tả bộ phim này ...,không 1 từ nào để diễn tả bộ phim này
Fear,"nhỏ thấy qua 1 lần , nó bị cột ngay trước cửa nhà người ta ở trong hẻm , mỗi lần đi ngang qua là nó lại định lao tới cà khịa",nhỏ thấy qua 1 lần nó bị cột ngay trước cửa nhà người ta ở trong hẻm mỗi lần đi ngang qua là nó lại định lao tới cà khịa
Enjoyment,cười ị :v,cười ị v
Sadness,bởi vì gặp nhau sai thời điểm nên tôi mất người mãi mãi ...,bởi vì gặp nhau sai thời điểm nên tôi mất người mãi mãi
Sadness,gia đình thì không còn . tình yêu thì chưa có gì chắc chắn . 😏,gia đình thì không còn tình yêu thì chưa có gì chắc chắn 😏
Other,"chỉ cần bạn dùng tình yêu thương , sự chân thành của mình đối với nó thì không gì là không thể .",chỉ cần bạn dùng tình yêu thương sự chân thành của mình đối với nó thì không gì là không thể
Disgust,disme tao chưa thấy con họa mi nào hót dở như con này luôn á .🤔🤔,disme tao chưa thấy con họa mi nào hót dở như con này luôn á 🤔🤔
Enjoyment,"muốn em vui vẻ đơn giản lắm , chỉ cần bao ăn bao xem phim tuần 1 lần thôi hỡi các đồng nghiệp ơiii 🤣",muốn em vui vẻ đơn giản lắm chỉ cần bao ăn bao xem phim tuần 1 lần thôi hỡi các đồng nghiệp ơi 🤣
Enjoyment,hay ý nghĩa sâu sắc 🙂,hay ý nghĩa sâu sắc 🙂
Disgust,trẻ trâu quá đông và nguy hiểm,trẻ trâu quá đông và nguy hiểm
Other,chắc chắn là vị mặn của mồ hôi,chắc chắn là vị mặn của mồ hôi
Other,mày uống trà sữa thôi . đéo ăn gì nữa =)),mày uống trà sữa thôi đéo ăn gì nữa
Other,tất cả cùng không tính điểm . thế là xong :v,tất cả cùng không tính điểm thế là xong v
Other,nó cũng làm thế với bao người khác đấy,nó cũng làm thế với bao người khác đấy
Sadness,quay vào ô mất lượt :)),quay vào ô mất lượt
Other,"mình đã xem rất nhiều video như này rồi , nên thấy cũng bình thường =)))",mình đã xem rất nhiều video như này rồi nên thấy cũng bình thường
Fear,"sợ nhất mấy đứa ảo tưởng sức mạnh , nhắn tin nhiều chút là auto mình thích nó",sợ nhất mấy đứa ảo tưởng sức mạnh nhắn tin nhiều chút là auto mình thích nó
Fear,chắc từ giờ tao đéo giám ho nữa quá .,chắc từ giờ tao đéo giám ho nữa quá
Disgust,đm mưa đâu đéo thấy . nóng vãi,địt mẹ mưa đâu đéo thấy nóng vãi
Fear,per không cho anh đi tập đâu nha mất bồ như chơi,per không cho anh đi tập đâu nha mất bồ như chơi
Enjoyment,đối với thế giới này bà lão chỉ là một ai đó . nhưng đối với ông lão đó bà lão là cả thế giới 😊,đối với thế giới này bà lão chỉ là một ai đó nhưng đối với ông lão đó bà lão là cả thế giới 😊
Other,"per haha nhiều tiền quá mang đây tao tiêu hộ cho , đóng thuế 10 củ phí quá =))",per haha nhiều tiền quá mang đây tao tiêu hộ cho đóng thuế 10 củ phí quá
Sadness,"trời đụ , tội bé",trời đụ tội bé
Disgust,có lưu luyến thì lưu luyến người mình thích chứ lưu luyến gì cái trường đấy 😶,có lưu luyến thì lưu luyến người mình thích chứ lưu luyến gì cái trường đấy 😶
Disgust,"đụ mẹ tục , cuối tuần về ra nha :))",đụ mẹ tục cuối tuần về ra nha
Sadness,nốt hôm nay thui . thui không ngĩ đến và bắt đầu từ bỏ 1 thói quen,nốt hôm nay thôi thôi không ngĩ đến và bắt đầu từ bỏ 1 thói quen
Enjoyment,uiii xinh gái thế ...,ui xinh gái thế
Disgust,chạy 200tr là vào biên chế ngay . thực trạng chung . cần gì có chuyên môn hay không,chạy 200tr là vào biên chế ngay thực trạng chung cần gì có chuyên môn hay không
Anger,vì đồng tiền mà chúng mày giết bao nhiêu gia đình . chúng mày ăn những đồng tiền đấy mà chúng mày cũng nuốt trôi được à . bọn khốn nạn,vì đồng tiền mà chúng mày giết bao nhiêu gia đình chúng mày ăn những đồng tiền đấy mà chúng mày cũng nuốt trôi được à bọn khốn nạn
Anger,cảm ơn các anh chị báo chí phóng viên đã đưa tin . mong cơ quan chức năng hãy làm thật nghiêm . thật mạnh tay vụ này . đến khổ mấy đứa nhỏ . mưa rét thế này . càng nghĩ càng tức .,cảm ơn các anh chị báo chí phóng viên đã đưa tin mong cơ quan chức năng hãy làm thật nghiêm thật mạnh tay vụ này đến khổ mấy đứa nhỏ mưa rét thế này càng nghĩ càng tức
Sadness,c trai như thế nào tuyệt chủng rồi :),c trai như thế nào tuyệt chủng rồi
Sadness,per ngóng cuộc đấu tranh công nghệ này . tq đồng lòng ghê nhỉ,per ngóng cuộc đấu tranh công nghệ này tq đồng lòng ghê nhỉ
Sadness,nước mình chả í thức gì cả xả rác bừa bãi để trôi rác đầy đường thể này thật buồn,nước mình chả í thức gì cả xả rác bừa bãi để trôi rác đầy đường thể này thật buồn
Disgust,nhờn :))),nhờn
Enjoyment,"năm nay mua cân na về nhà ăn dần , tối ra đường xem chúng nó dẫn vợ thằng khác đi chơi ... kaka",năm nay mua cân na về nhà ăn dần tối ra đường xem chúng nó dẫn vợ thằng khác đi chơi kaka
Disgust,tiền bồi thường lấy ở đâu ? cứ làm bừa làm ẩu rồi lấy tiền của dân mà đền đề nghị sửa lại nếu ai làm sai thì bỏ tiền túi ra mà đền,tiền bồi thường lấy ở đâu cứ làm bừa làm ẩu rồi lấy tiền của dân mà đền đề nghị sửa lại nếu ai làm sai thì bỏ tiền túi ra mà đền
Fear,điềm báo gì đây,điềm báo gì đây
Enjoyment,siêu phẩm để đời .,siêu phẩm để đời
Enjoyment,tao phải công nhận là nó giỏi vãi . từ đứa diễn đến đứa quay và edit video .. giỏi vãi 🤣,tao phải công nhận là nó giỏi vãi từ đứa diễn đến đứa quay và edit video giỏi vãi 🤣
Enjoyment,per trai hay gái thì vẫn thấy tữn như thường kk,per trai hay gái thì vẫn thấy tữn như thường kk
Other,động lực cho tôi tiếp tục .,động lực cho tôi tiếp tục
Enjoyment,"thôi bảo em gái xuống ngủ với mẹ đi , còn em percó sợ ma không ? thì ngủ với anh . hehe",thôi bảo em gái xuống ngủ với mẹ đi còn em percó sợ ma không thì ngủ với anh hehe
Other,đã nuôi thì nên chăm sóc bé cẩn thận ??,đã nuôi thì nên chăm sóc bé cẩn thận
Sadness,quê vải mà chưa được ăn quả nào . huhu,quê vải mà chưa được ăn quả nào huhu
Sadness,"mới đây thôi mà đa 3 năm rồi , những ngày chia tay buồn đó :((",mới đây thôi mà đa 3 năm rồi những ngày chia tay buồn đó
Disgust,"ý thức đéo gì đâu , từ già đến trẻ luôn 😥",ý thức đéo gì đâu từ già đến trẻ luôn 😥
Other,"tao cũng vậy , mấy cái thiệp chúc noel thời cấp 2 trẻ trâu của lũ bạn vẫn còn nguyên xi",tao cũng vậy mấy cái thiệp chúc noel thời cấp 2 trẻ trâu của lũ bạn vẫn còn nguyên xi
Enjoyment,per haha . đặt bánh thì đặt thành cặp nhé . haha .😂😂,per haha đặt bánh thì đặt thành cặp nhé haha 😂😂
Disgust,thể loại này next sớm đi em,thể loại này next sớm đi em
Disgust,làm chung với con mẹ ngáo là phải chuyển đi liền :) per ngọc kiều dung,làm chung với con mẹ ngáo là phải chuyển đi liền per ngọc kiều dung
Other,per ta nguyện nằm im,per ta nguyện nằm im
Other,thôi nhà đang yên ổn,thôi nhà đang yên ổn
Disgust,"chưa học cách kiếm tiền đã học thói đi lừa tiền =,= thua",chưa học cách kiếm tiền đã học thói đi lừa tiền thua
Enjoyment,t tin crush của tao không bị thịt vì tao đéo crush ai cả =)),tao tin người mình thích của tao không bị thịt vì tao đéo người mình thích ai cả
Disgust,con mẹ kia có vấn đề về thần kinh :) không cần biết ai đúng ai sai nhưng đéo lịch sự thì đã đéo có tư cách nói chuyện rồi :) con bà kia xem được video chắc buồn làm,con mẹ kia có vấn đề về thần kinh không cần bt ai đúng ai sai nhưng đéo lịch sự thì đã đéo có tư cách nói chuyện rồi con bà kia xem được video chắc buồn làm
Enjoyment,ai chưa xem thì nên xem 1 lần đi . đảm bảo không phí 3h đồng hồ của các bạn 😃,ai chưa xem thì nên xem 1 lần đi đảm bảo không phí 3h đồng hồ của các bạn 😃
Enjoyment,chơi cái kiểu này nè :)) per,chơi cái kiểu này nè per
Disgust,đéo mẹ . nhìn nổi da gà ..,đéo mẹ nhìn nổi da gà
Sadness,đó là một câu chuyện buồn,đó là một câu chuyện buồn
Other,cười trước nỗi đau của người khác,cười trước nỗi đau của người khác
Other,có ai biết 2 người này không ạ ?,có ai bt 2 người này không ạ
Enjoyment,per coi đoạn con chó chết cười luôn em :)),per coi đoạn con chó chết cười luôn em
Other,chủ tịch lén lút dùng đồ của vợ làm vlog và cái kết ?,chủ tịch lén lút dùng đồ của vợ làm vlog và cái kết
Enjoyment,chúc mừng anh 👏👏👏 chúc anh may mắn . cố lênnnnn 💪💪💪,chúc mừng anh 👏 chúc anh may mắn cố lên 💪
Enjoyment,phê thật . cái tai nó đang thâm đen xì lấy ra hết lại trắng hồng luôn,phê thật cái tai nó đang thâm đen xì lấy ra hết lại trắng hồng luôn
Anger,do cái áo . mặc giống nhau làm đíuu gì,do cái áo mặc giống nhau làm đíuu gì
Disgust,tội còn nặng hơn cả khẩu nghiệp nữa 😌😌😌,tội còn nặng hơn cả khẩu nghiệp nữa 😌
Enjoyment,hồi xưa anh hay bị chửi trẻ trâu này nọ ... giờ anh là tổng giám đốc rồi 😁😎,hồi xưa anh hay bị chửi trẻ trâu này nọ giờ anh là tổng giám đốc rồi 😁😎
Disgust,nv thu nhâ ̣ p cao thi ̀ hu ́ tao ma ́ u ngươ ̀ i dân phi ́ cao hơn hê ́ tao .,nv thu nhâ ̣ p cao thi ̀ hu ́ tao ma ́ u ngươ ̀ i dân phi ́ cao hơn hê ́ tao
Sadness,người tài như vậy lại không được sử dụng đúng mục đích … quá buồn,người tài như vậy lại không được sử dụng đúng mục đích … quá buồn
Disgust,một câu chuyện cổ tích xiaolon đầy tính nhân văn !!!,một câu chuyện cổ tích xiaolon đầy tính nhân văn
Sadness,còn chả có ai nói chuyện thân thiết quan tâm đến tôi :<,còn chả có ai nói chuyện thân thiết quan tâm đến tôi
Enjoyment,đoạn phỏng vấn + xin đi chụp hình + cạo râu lão là hay nhất theo mình =]],đoạn phỏng vấn xin đi chụp hình cạo râu lão là hay nhất theo mình
Enjoyment,coi thôi cũng đủ nghiện rồi 💋,coi thôi cũng đủ nghiện rồi 💋
Sadness,năm nào cũng phải ở nhà trông nhà :((,năm nào cũng phải ở nhà trông nhà
Enjoyment,idol có skill mới chất quá 😂 1 cú đánh mông thôi mà đối thủ bay sấp mặt luôn luôn 🤣,idol có skill mới chất quá 😂 1 cú đánh mông thôi mà đối thủ bay sấp mặt luôn luôn 🤣
Disgust,"hy vọng cơ quan điều tra làm rõ được danh tính người phụ nữ , chỉ vì cái miệng mà làm tan nát cả 1 gia đình",hy vọng cơ quan điều tra làm rõ được danh tính người phụ nữ chỉ vì cái miệng mà làm tan nát cả 1 gia đình
Disgust,tấu hài cực mạnh,tấu hài cực mạnh
Anger,con đĩ mất dại . trời đánh tránh bữa ăn nha con ml,con đĩ mất dại trời đánh tránh bữa ăn nha con ml
Enjoyment,cười xĩu,cười xĩu
Sadness,mẹ nó chứ xem xong mình khóc hết cả nước mắt,mẹ nó chứ xem xong mình khóc hết cả nước mắt
Disgust,có tiền chưa mà đòi,có tiền chưa mà đòi
Disgust,"một hình ảnh hay nhưng một loại âm thanh rất chối tai , câu đầu tiên đã chửi thể và tiếp theo cũng vậy , rất vô văn hóa .",một hình ảnh hay nhưng một loại âm thanh rất chối tai câu đầu tiên đã chửi thể và tiếp theo cũng vậy rất vô văn hóa
Sadness,mình chụp mấy lần liền chả thấy bác sĩ cho mặc lớp áo gì cả 😭😭😭,mình chụp mấy lần liền chả thấy bác sĩ cho mặc lớp áo gì cả 😭
Disgust,thề đi ngoài đường giờ nhiều người lớn cứ nghĩ mình mình già rồi thích đi như nào thì đi . xong quay sang chửi bọn thanh niên là đi đứng mất dạy này nọ . chán . mang tiếng người lớn mà cư xử chán đcđ .,thề đi ngoài đường giờ nhiều người lớn cứ nghĩ mình mình già rồi thích đi như nào thì đi xong quay sang chửi bọn thanh niên là đi đứng mất dạy này nọ chán mang tiếng người lớn mà cư xử chán đcđ
Sadness,trường gửi điểm về và mẹ cũng điện chửi :(,trường gửi điểm về và mẹ cũng điện chửi
Other,ngày nay bã đã thay cho thính :))),ngày nay bã đã thay cho thính
Other,thế sao tao hát tệ thế này,thế sao tao hát tệ thế này
Disgust,còn đồng nghiệp hãm lờ thì ...,còn đồng nghiệp hãm lờ thì
Disgust,"nếu nói chị thảo tham thì chưa thoả đáng , vì ngay cả con chị cũng được niêm yết , định giá để “ chia chác ” ý kiến cá nhân mình , chỉ chia phần của chị và phần % của những người con sẽ được nhận vào 18 tuổi",nếu nói chị thảo tham thì chưa thoả đáng vì ngay cả con chị cũng được niêm yết định giá để “ chia chác ” ý kiến cá nhân mình chỉ chia phần của chị và phần của những người con sẽ được nhận vào 18 tuổi
Enjoyment,chỉ cần 1 cây hoa . nói lên tất cả .. hi,chỉ cần 1 cây hoa nói lên tất cả hi
Disgust,ngày xưa đi học văn và toán chắc noa dưới trung bình hết,ngày xưa đi học văn và toán chắc noa dưới trung bình hết
Disgust,t lên facebook không phải để coi mấy cái thứ này 😪,tao lên facebook không phải để coi mấy cái thứ này 😪
Enjoyment,dễ thương quá à ????????,dễ thương quá à
Sadness,làm khách đi qua lại mắc mệt lun,làm khách đi qua lại mắc mệt lun
Other,trả lại tuổi thơ cho tao 😆,trả lại tuổi thơ cho tao 😆
Anger,để con mẹ mày tiếng bình thường nghe cho dễ . lại còn làm đéo đéo,để con mẹ mày tiếng bình thường nghe cho dễ lại còn làm đéo đéo
Enjoyment,chỗ tao cũng có cây tình yêu < 3,chỗ tao cũng có cây tình yêu 3
Other,ngày nào cũng bị tụi siêu thị hành không dưới 10 lần,ngày nào cũng bị tụi siêu thị hành không dưới 10 lần
Disgust,qua câu chuyện này mong mọi người đừng có cái nhìn ác cảm về các anh csgt về việc hay núp lùm bắt xe nữa mà còn nghệ thuật ăn nói kể chuyện xạolin đẳng cấp 🙂🙂🙂,qua câu chuyện này mong mọi người đừng có cái nhìn ác cảm về các anh csgt về việc hay núp lùm bắt xe nữa mà còn nghệ thuật ăn nói kể chuyện xạolin đẳng cấp 🙂
Disgust,việc nhỏ như vậy mà hai con này hàng sử thiếu văn hóa quá quá,việc nhỏ như vậy mà hai con này hàng sử thiếu văn hóa quá quá
Enjoyment,thỉnh thoảng lại xem lại phim này quá hay và ý nghĩa,thỉnh thoảng lại xem lại phim này quá hay và ý nghĩa
Disgust,"lúc đầu tưởng con ma , nó đi tẩy trang xong hiện nguyên hình đếu phải ma mà là con quỷ cái",lúc đầu tưởng con ma nó đi tẩy trang xong hiện nguyên hình đếu phải ma mà là con quỷ cái
Sadness,2 đg thẳng mãi mãi song song không bao giờ cắt nhau hix hix,2 đang thẳng mãi mãi song song không bao giờ cắt nhau hix hix
Other,mai chơi trò hứng nước mà nóng quá chắc chơi vầy luôn,mai chơi trò hứng nước mà nóng quá chắc chơi vầy luôn
Sadness,per chơi với con trai riết nên giờ đéo có người yêu nổi vì tính tình không khác gì con trai,per chơi với con trai riết nên giờ đéo có người yêu nổi vì tính tình không khác gì con trai
Fear,đm chơi mất dạy vãi . tưởng khúc cuối là gì dume làm giật mình 😒😒😒,địt mẹ chơi mất dạy vãi tưởng khúc cuối là gì dume làm giật mình 😒
Disgust,"các bạn trẻ thấy cái gì cũng có mặt : giờ trái đất có , thử thách nhặt rác có , vứt rác bừa bãi có . toàn thấy các trẻ ( trâu ) tham gia .",các bạn trẻ thấy cái gì cũng có mặt giờ trái đất có thử thách nhặt rác có vứt rác bừa bãi có toàn thấy các trẻ trâu tham gia
Fear,chạy ngay đi 😱😱😱 sợ quá .,chạy ngay đi 😱 sợ quá
Fear,"😔 tao không lấy chồng nữa , ở nhà nấu cơm cho mẹ , tao sợ lắm",😔 tao không lấy chồng nữa ở nhà nấu cơm cho mẹ tao sợ lắm
Enjoyment,"bữa tao coi cái video này nhưng nó ghép nhạc bựa vãi ... mỗi lần mỗi anh té là first blood , double kill ,... các kiểu =))))",bữa tao coi cái video này nhưng nó ghép nhạc bựa vãi mỗi lần mỗi anh té là first blood double kill các kiểu
Enjoyment,chính xác ! chỉ cần đồng nghiệp tốt thì mọi ngày đi làm đều vui 😊😊😊,chính xác chỉ cần đồng nghiệp tốt thì mọi ngày đi làm đều vui 😊
Enjoyment,đơn giản nha .. cơm này ngon hơn cơm điện nhiều . không tin thì cứ thử,đơn giản nha cơm này ngon hơn cơm điện nhiều không tin thì cứ thử
Disgust,làm công thì chấp nhận . chỉ trách khách không ý tứ chứ quyền gì cấm nó đem mấy cái này vào ... có trách thì trách bản thân không có khả năng làm việc khác ngoài làm nhân viên vệ sinh,làm công thì chấp nhận chỉ trách khách không ý tứ chứ quyền gì cấm nó đem mấy cái này vào có trách thì trách bản thân không có khả năng làm việc khác ngoài làm nhân viên vệ sinh
Surprise,per anh tập gym cho to để như thế nào ư : ))),per anh tập gym cho to để như thế nào ư
Other,nhìn cái đống lúa phơi mưa ướt nhẹp ma ghép cười được .,nhìn cái đống lúa phơi mưa ướt nhẹp ma ghép cười được
Enjoyment,đã sáng suốt hơn năm ngoái nhiều . ka ka,đã sáng suốt hơn năm ngoái nhiều ka ka
Anger,vậy nếu mình lên cơn điên và giết người khác thì nỗi đau gấp bội phải không ?,vậy nếu mình lên cơn điên và giết người khác thì nỗi đau gấp bội phải không
Anger,lòng đường là để giao thông chứ để nhà các bác đỗ xe à ?,lòng đường là để giao thông chứ để nhà các bác đỗ xe à
Sadness,mình không áo mưa rồi 😞,mình không áo mưa rồi 😞
Other,giọng không nhìn màn hình tao tưởng là ông bà già nào trên 60 tuổi đang nói á .,giọng không nhìn màn hình tao tưởng là ông bà già nào trên 60 tuổi đang nói á
Sadness,nhưng nói thì cứ bảo hay than thở 😢,nhưng nói thì cứ bảo hay than thở 😢
Disgust,xiaolin không có gì vui . chúng ta không nên xiaolin 🙄🙄,xiaolin không có gì vui chúng ta không nên xiaolin 🙄🙄
Sadness,còn tao mỗi lần cắt tóc là y như rằng … nó tệ vãi :(,còn tao mỗi lần cắt tóc là y như rằng … nó tệ vãi
Enjoyment,được . đỡ tốn 5 nghìn,được đỡ tốn 5 nghìn
Enjoyment,"replay chục lần đoạn cuối , phê quá",replay chục lần đoạn cuối phê quá
Enjoyment,đáng yêu quá ! tình yêu ông bà thật đẹp !,đáng yêu quá tình yêu ông bà thật đẹp
Fear,đứng tim luôn,đứng tim luôn
Sadness,vì bạn chỉ là con trai nắng hoặc em gái mưa thô :(,vì bạn chỉ là con trai nắng hoặc em gái mưa thô
Sadness,đau nếu còn nghĩ về nhau thì hãy quay về bên nhau :)),đau nếu còn nghĩ về nhau thì hãy quay về bên nhau
Other,nhấp mẹ miếng da chính giữa 2 lỗ rồi lấy muỗng múc là xong,nhấp mẹ miếng da chính giữa 2 lỗ rồi lấy muỗng múc là xong
Other,tư cách của người hành nghề,tư cách của người hành nghề
Disgust,đéo bít sợ là gì đến lúc chết lại đổ cho tại số,đéo bít sợ là gì đến lúc chết lại đổ cho tại số
Enjoyment,chỉ mong thương nhau đến đầu bạc răng long . vậy là đủ 👌,chỉ mong thương nhau đến đầu bạc răng long vậy là đủ 👌
Other,khi gặp được người đem lại cảm giác bình yên mà từ trước đến giờ chưa từng có .,khi gặp được người đem lại cảm giác bình yên mà từ trước đến giờ chưa từng có
Other,"bên đó cậu sao rồi , có hay cười nữa không ?",bên đó cậu sao rồi có hay cười nữa không
Disgust,"con gái ăn nói kiểu gì vậy trời , mình rất ghét con gái nói tục chữi thề",con gái ăn nói kiểu gì vậy trời mình rất ghét con gái nói tục chữi thề
Disgust,"suốt ngày sân si , chia bè phái bốc phốt nhau mà khi nghe chia lớp theo tn - xh lại bảo buồn",suốt ngày sân si chia bè phái bốc tố cáo nhau mà khi nghe chia lớp theo tn xh lại bảo buồn
Enjoyment,"thú vui mới , thay vì chọc chó thì ghẹo ngỗng cho nó dí =))))",thú vui mới thay vì chọc chó thì ghẹo ngỗng cho nó dí
Sadness,có lẽ vậy là tốt nhất,có lẽ vậy là tốt nhất
Sadness,tận cùng của nỗi đau 😑😑😑,tận cùng của nỗi đau 😑
Disgust,chị dâu thì vãi rồi,chị dâu thì vãi rồi
Enjoyment,nhờ mất bạn nên mình mới biết 😂😂😂😂,nhờ mất bạn nên mình mới bt 😂
Other,con quan rồi lại thành quan . chỉ dân mãi là kẻ bần hàn,con quan rồi lại thành quan chỉ dân mãi là kẻ bần hàn
Fear,kinh khủng,kinh khủng
Enjoyment,cưng quá mà,cưng quá mà
Anger,xiên chết cụ nó đi,xiên chết cụ nó đi
Other,khi nào nha anh sẽ lắp hả per,khi nào nha anh sẽ lắp hả per
Enjoyment,cưng vãi ấy,cưng vãi ấy
Enjoyment,lớp chúng mình rất rất vui anh em ta chan hòa tình thân =))),lớp chúng mình rất rất vui anh em ta chan hòa tình thân
Fear,tinh trùng của người ngoài hành tinh thật đáng sợ 👏🏻👏🏻👏🏻,tinh trùng của người ngoài hành tinh thật đáng sợ 👏🏻👏🏻👏🏻
Sadness,tội em vợ thế :(,tội em vợ thế
Surprise,ơ hoá ra là em à :(( lâu quá không gặp,ơ hoá ra là em à lâu quá không gặp
Other,ko nên nhé các cụ .... hãy cho họ 1 cơ hội ... hãy nhìn sự việc từ nhiều khía cạnh khác nhau,không nên nhé các cụ hãy cho họ 1 cơ hội hãy nhìn sự việc từ nhiều khía cạnh khác nhau
Sadness,bắt ve cho nó điiii . trông khổ quá,bắt ve cho nó đi trông khổ quá
Disgust,hic . nhiều khi thấy bả ngu thiệc chứ kp đùa 😂,hic nhiều khi thấy bả ngu thiệc chứ kp đùa 😂
Enjoyment,rất chuẩn hãy sống làm người cơn luôn luôn co hiểu thảo với cha mẹ của mình nhé moi người ơi,rất chuẩn hãy sống làm người cơn luôn luôn co hiểu thảo với cha mẹ của mình nhé moi người ơi
Other,sao không ghé quán rồi nhờ người nhà cầm nón qua cho :))) tự làm khó mình vậy,sao không ghé quán rồi nhờ người nhà cầm nón qua cho tự làm khó mình vậy
Enjoyment,con xe thần thánh . chạy hơn 50 năm chưa nát =))),con xe thần thánh chạy hơn 50 năm chưa nát
Other,có người yêu thì vẫn ăn bánh trung thu nhé . bánh trung thu là thứ tồn tại duy nhất . có em hay không không quan trọng,có người yêu thì vẫn ăn bánh trung thu nhé bánh trung thu là thứ tồn tại duy nhất có em hay không không quan trọng
Sadness,đã từng . hix,đã từng hix
Enjoyment,chắc là năm lớp 4 5 gì đó :)) tao mua bánh kẹo đem vô lớp bán lẻ lại ... mỗi lần đem bán như vậy chắc cũng kiếm được lãi 2 - 30k 😂,chắc là năm lớp 4 5 gì đó tao mua bánh kẹo đem vô lớp bán lẻ lại mỗi lần đem bán như vậy chắc cũng kiếm được lãi 2 30k 😂
Disgust,có cái con cặc .. chúng mày chỉ diễn thôi đúng không . dume chỉ diễn thôi .. :'(,có cái con cặc chúng mày chỉ diễn thôi đúng không dume chỉ diễn thôi
Enjoyment,nháy mắt cũng đáng yêu kkkk,nháy mắt cũng đáng yêu không
Other,nghĩ cũng tội mà thôi cũng kệ,nghĩ cũng tội mà thôi cũng kệ
Disgust,trẻ trâu chấp nó làm gì,trẻ trâu chấp nó làm gì
Other,bắc sơn lạng sơn đang cháy khô rồi mưa cái gì chứ 😠,bắc sơn lạng sơn đang cháy khô rồi mưa cái gì chứ 😠
Enjoyment,per chị ơi còn học được cả tiếng anh nữa luôn này :v hịn quá,per chị ơi còn học được cả tiếng anh nữa luôn này v hịn quá
Anger,"cổ nhân có câu : thương cho roi , cho vọt - ghét cho ngọt cho bùi . muốn con trở thành người tốt , nhưng gv nghiêm khắc thì lại phản đối . thật không thể hiểu nổi .",cổ nhân có câu thương cho roi cho vọt ghét cho ngọt cho bùi muốn con trở thành người tốt nhưng giáo viên nghiêm khắc thì lại phản đối thật không thể hiểu nổi
Enjoyment,biết nấu cơm bếp củi từ lớp 2_3 gì đó,bt nấu cơm bếp củi từ lớp 2 3 gì đó
Sadness,dạ đây là chị gái em nha không phải chồng đâu ạ người trong hình là em huhu ?,dạ đây là chị gái em nha không phải chồng đâu ạ người trong hình là em huhu
Enjoyment,giỏi thật chứ đùa . biểu cảm gần như 90 % chuẩn mẹ rồi . thằng quay và edit cũng ghê luôn . nhảy cũng tốt ra phét chứ -.- ác thật,giỏi thật chứ đùa biểu cảm gần như 90 chuẩn mẹ rồi thằng quay và edit cũng ghê luôn nhảy cũng tốt ra phét chứ ác thật
Fear,không cẩn thận phát là ngậm bả như chơi,không cẩn thận phát là ngậm bả như chơi
Disgust,có thịt bò nướng là ngon rồi bày đặt kiến đốt,có thịt bò nướng là ngon rồi bày đặt kiến đốt
Other,"không có sức hút thì tao vẫn cắt , mùa hè để tóc dài nóng thấy mẹ",không có sức hút thì tao vẫn cắt mùa hè để tóc dài nóng thấy mẹ
Disgust,bạn có phải óc chó không ? chắc bạn không trả lời được đâu nhỉ . óc chó mà =))),bạn có phải óc chó không chắc bạn không trả lời được đâu nhỉ óc chó mà
Disgust,"móng tay dài như vậy thì làm gì để sống phục vụ bản thân cũng khó khăn uổng phí hết tuổi trẻ một đời người để nuôi một bộ móng , thay vào đó làm việc gì có ích cho bản thân gia đình và xã hội , đời người ngắn ngủi nên trân trọng thời gian quý báu của mình",móng tay dài như vậy thì làm gì để sống phục vụ bản thân cũng khó khăn uổng phí hết tuổi trẻ một đời người để nuôi một bộ móng thay vào đó làm việc gì có ích cho bản thân gia đình và xã hội đời người ngắn ngủi nên trân trọng thời gian quý báu của mình
Surprise,chỉ ăn 1 miếng thịt mà phải đốt chết thêm nhiều sinh mạng bé nhỏ nữa hả,chỉ ăn 1 miếng thịt mà phải đốt chết thêm nhiều sinh mạng bé nhỏ nữa hả
Other,có đứa nào nấu cơm rồi nấu luôn cái bếp như tao không,có đứa nào nấu cơm rồi nấu luôn cái bếp như tao không
Enjoyment,"đếu thể đỡ được "" tiền mừng , tiền mừng "" hahaha",đếu thể đỡ được tiền mừng tiền mừng hahaha
Disgust,hãm lol nhưng thật lòng chứ còn hơn cứ tỏ ra trưởng thành mà bên trong thì như đồ bỏ đi,hãm lol nhưng thật lòng chứ còn hơn cứ tỏ ra trưởng thành mà bên trong thì như đồ bỏ đi
Other,per nghe có vẻ hợp lí nhỉ ?,per nghe có vẻ hợp lí nhỉ
Other,ngoài ra thì nó còn bị mang tiếng là thả thính cả xã hội nữa,ngoài ra thì nó còn bị mang tiếng là thả thính cả xã hội nữa
Disgust,"từ nhỏ đến lớn chỉ nghe được câu mày béo thế , mày nên giảm cân đi chứ không ai nói rằng mày gầy lắm ăn nhiều lên 😆😆",từ nhỏ đến lớn chỉ nghe được câu mày béo thế mày nên giảm cân đi chứ không ai nói rằng mày gầy lắm ăn nhiều lên 😆😆
Sadness,cơ mà tao bị thần kinh thật,cơ mà tao bị thần kinh thật
Anger,kiện chết mẹ mấy con súc vật đó đi,kiện chết mẹ mấy con súc vật đó đi
Other,sắm về hỏi mấy thứ :v,sắm về hỏi mấy thứ v
Disgust,cứ bảo ngon lắm với chả ngon vừa . không biết nghĩ trước khi ăn à,cứ bảo ngon lắm với chả ngon vừa không bt nghĩ trước khi ăn à
Other,con này là con lợn hay con gấu hay con ong vậy ????,con này là con lợn hay con gấu hay con ong vậy
Other,tại mình thử hết rồi :)) nên cậu nói thế thì mình bình luận thôi :)),tại mình thử hết rồi nên cậu nói thế thì mình bình luận thôi
Enjoyment,thề cứ 1 lần trượt là tao cười to hơn 😆😆,thề cứ 1 lần trượt là tao cười to hơn 😆😆
Disgust,mặt nạ chứ không phải mặt lạ nhé . ngọng thế mà cũng lấy được vợ ????,mặt nạ chứ không phải mặt lạ nhé ngọng thế mà cũng lấy được vợ
Enjoyment,per nhờ mất bạn nên mình mới biết 😂😂😂😂,per nhờ mất bạn nên mình mới bt 😂
Enjoyment,thứ ba mẹ cho con và con nhận thấy đó là sự đức hạnh tấm lòng cao cả cam on ba mẹ rất nhìu,thứ ba mẹ cho con và con nhận thấy đó là sự đức hạnh tấm lòng cao cả cam on ba mẹ rất nhìu
Disgust,nhìn mặt thấy hãm buồi rồi .,nhìn mặt thấy hãm buồi rồi
Enjoyment,hãy nên trân trọng những người bạn như vậy .,hãy nên trân trọng những người bạn như vậy
Other,nhớ bộ phim thằng gù nhà thờ đức bà không ?,nhớ bộ phim thằng gù nhà thờ đức bà không
Sadness,bây giờ nhìn vào cứ kiện tụng mà nãn :((,bây giờ nhìn vào cứ kiện tụng mà nãn
Surprise,thiết kế tinh tế quá,thiết kế tinh tế quá
Sadness,tớ cũng muốn có mối tình như vậy ??,tớ cũng muốn có mối tình như vậy
Enjoyment,một bộ phim quá suất sắc,một bộ phim quá suất sắc
Anger,suốt ngày bị chửi ??,suốt ngày bị chửi
Surprise,mình không hiểu tại sao nó không bị phóng điện chết nhỉ ?,mình không hiểu tại sao nó không bị phóng điện chết nhỉ
Sadness,vì tao hay bị chúng nó chọc nên thấy buồn,vì tao hay bị chúng nó chọc nên thấy buồn
Enjoyment,một bình luận của người trong cuộc . đọc xong thấy ấm lòng cho per !,một bình luận của người trong cuộc đọc xong thấy ấm lòng cho per
Disgust,chó nhà tao mới đi lạc 3 hôm thôi mà quên mẹ hết chủ rồi :vậy,chó nhà tao mới đi lạc 3 hôm thôi mà quên mẹ hết chủ rồi vậy
Anger,"có hình ảnh rõ ràng kiện chúng nó tội quấy rối đi . mịe cái lũ khốn kiếp , hay ho lắm cái trò dơ bẩn 🤧🤧🤧",có hình ảnh rõ ràng kiện chúng nó tội quấy rối đi mịe cái lũ khốn kiếp hay ho lắm cái trò dơ bẩn 🤧
Surprise,nhà nó giàu vãi,nhà nó giàu vãi
Other,per quả lừa con chó ngoài bờ rào,per quả lừa con chó ngoài bờ rào
Surprise,wow đỉnh quá,wow đỉnh quá
Other,ước gì tao thất tình cũng được giống như mày,ước gì tao thất tình cũng được giống như mày
Surprise,"cái kết thật bất ngờ , không thể đoán được vậy",cái kết thật bất ngờ không thể đoán được vậy
Enjoyment,per nhìn mặt cưng gê,per nhìn mặt cưng gê
Other,là đứa quay video,là đứa quay video
Other,cái lò xô ngày xưa ma,cái lò xô ngày xưa ma
Other,một chuyến du lịch vui vẻ,một chuyến du lịch vui vẻ
Enjoyment,😔😔 hành động nhỏ v thôi thì cũng ấm lòng rồi ... nói thôi cũng vuii rồi ... 😝😝,😔😔 hành động nhỏ vậy thôi thì cũng ấm lòng rồi nói thôi cũng vuii rồi 😝😝
Sadness,"chúng ta những tháng ngày sau đó vẫn gặp nhau , vẫn nói chuyện nhưng không phải những cô cậu của hồi c3 nữa . chúng ta đều khác",chúng ta những tháng ngày sau đó vẫn gặp nhau vẫn nói chuyện nhưng không phải những cô cậu của hồi c3 nữa chúng ta đều khác
Enjoyment,bé gái đáng yêuc quá :))). dth nữa,bé gái đáng yêuc quá dth nữa
Disgust,cho khỏi đá ở việt nam . gì mà căng,cho khỏi đá ở việt nam gì mà căng
Disgust,hình thức này .. là chúng nó đang huỷ hoại mầm mống tương lai của đất nước đấy,hình thức này là chúng nó đang huỷ hoại mầm mống tương lai của đất nước đấy
Sadness,trông tội quá,trông tội quá
Other,"hai con ma đấu đầu , con mũ đen ăn toàn cứt nên đanh hơn ?",hai con ma đấu đầu con mũ đen ăn toàn cứt nên đanh hơn
Other,"nó mừng kiểu nhảy vồ lên dơ đồ thôi , chứ dòng này gặp ai cũng mừng",nó mừng kiểu nhảy vồ lên dơ đồ thôi chứ dòng này gặp ai cũng mừng
Anger,per ghét ghê bây,per ghét ghê bây
Sadness,"học chán phèo , chả có gì đáng nhớ",học chán phèo chả có gì đáng nhớ
Anger,"tao cảnh cáo , page mà đăng mấy video kiểu ngôn lù thế này tao unlike , trả per trả cụ lầy , trả anh thai cho tao",tao cảnh cáo page mà đăng mấy video kiểu ngôn lù thế này tao unlike trả per trả cụ lầy trả anh thai cho tao
Other,chắc làm theo yêu cầu,chắc làm theo yêu cầu
Enjoyment,"coi 3 lần mà vẫn cười , phim hay nhân vật dễ thương",coi 3 lần mà vẫn cười phim hay nhân vật dễ thương
Sadness,per sự thích thể hiện của các bạn mà bóng đá per tốn một món tiền không nhỏ ! 😩🙏🤕,per sự thích thể hiện của các bạn mà bóng đá per tốn một món tiền không nhỏ 😩🙏🤕
Disgust,"mất nhân tính ( tiền không phải tất cả , nhưng làm tất cả vì tiền )",mất nhân tính tiền không phải tất cả nhưng làm tất cả vì tiền
Enjoyment,thớt là gu của tôi :))) yêu quá hiuhiu,thớt là gu của tôi yêu quá hiuhiu
Sadness,muộn rồi :))),muộn rồi
Enjoyment,thề lun anh ấy rất kĩ thuật lun á,thề lun anh ấy rất kĩ thuật lun á
Enjoyment,per có sub rồi nè . má coi đi coi lại vẫn mắc cười . với đưa anh stk đi,per có sub rồi nè má coi đi coi lại vẫn mắc cười với đưa anh stk đi
Enjoyment,bt mà tao vẫn lạng lách ở đây suốt,biết mà tao vẫn lạng lách ở đây suốt
Enjoyment,chỉ mong có người đến cuối đời vẫn yêu mình như ngày đầu tiên ❤,chỉ mong có người đến cuối đời vẫn yêu mình như ngày đầu tiên ❤
Enjoyment,anh thíck kiểu tra tấn hằng ngày :))),anh thíck kiểu tra tấn hằng ngày
Other,tuổi thơ với nó đấy,tuổi thơ với nó đấy
Surprise,vợ chồng nhà này mặc quần áo ngủ đôi à ??,vợ chồng nhà này mặc quần áo ngủ đôi à
Enjoyment,buồn cười nhất cái đoạn cã lũ bạn đồng thanh * chó nó lấy * 😂,buồn cười nhất cái đoạn cã lũ bạn đồng thanh chó nó lấy 😂
Anger,"đúng rồi còn quay quay , lớ nga lớ ngớ xuống trách người ta . có phải bãi xe tự phát đâu mà người ta dám làm láo .",đúng rồi còn quay quay lớ nga lớ ngớ xuống trách người ta có phải bãi xe tự phát đâu mà người ta dám làm láo
Disgust,dăm ba cái yêu đương vớ vẩn :)),dăm ba cái yêu đương vớ vẩn
Other,ủa tao đang coi cái gì v 😂,ủa tao đang coi cái gì vậy 😂
Other,tàn nhang là xác định nhá ??????,tàn nhang là xác định nhá
Disgust,sao toàn gặp hãm không àh . gần nhất là thằng âm binh nhất,sao toàn gặp hãm không àh gần nhất là thằng âm binh nhất
Other,phe áo vàng thích điều này,phe áo vàng thích điều này
Other,có khi giờ tỉnh rồi đéo dám xuống nữa,có khi giờ tỉnh rồi đéo dám xuống nữa
Enjoyment,lại đến giờ giải trí rồi mềnh ơiiii per =))))),lại đến giờ giải trí rồi mềnh ơi per
Other,vừa xung điện tim xong ra ngoài bác sĩ lắc đầu =)) cả nhà tao đưa bác sĩ vô nằm kế tao,vừa xung điện tim xong ra ngoài bác sĩ lắc đầu cả nhà tao đưa bác sĩ vô nằm kế tao
Disgust,thói ích kỷ,thói ích kỷ
Disgust,thứ học sinh mất dạy =)),thứ học sinh mất dạy
Anger,má tự dưng bị đánh vào đầu :(,má tự dưng bị đánh vào đầu
Enjoyment,mong ông bà nhiều sức khoẻ . đáng yêu thực sự 😍😍😍,mong ông bà nhiều sức khoẻ đáng yêu thực sự 😍
Disgust,nhìn gai vãi,nhìn gai vãi
Disgust,đọc thôi cũng mệt,đọc thôi cũng mệt
Sadness,có những ngày mọi thứ nó bỗng ập đến,có những ngày mọi thứ nó bỗng ập đến
Disgust,per thề :))) cười cơ mà tao nghĩ nó cũng đéo ổn tí nào đâu,per thề cười cơ mà tao nghĩ nó cũng đéo ổn tí nào đâu
Sadness,chỉ khổ các con thôi !! sao người ta lại có thể mất nhân tính như vậy,chỉ khổ các con thôi sao người ta lại có thể mất nhân tính như vậy
Enjoyment,cute vậyyyyy,cute vậy
Other,thế rồi cha lái xe có giả tiền không các bác,thế rồi cha lái xe có giả tiền không các bác
Sadness,nàng ấy chả yêu ta gì cả,nàng ấy chả yêu ta gì cả
Sadness,1 năm không biết bao nhiêu lần x - quang :(,1 năm không bt bao nhiêu lần x quang
Fear,thôi xong tao rồi :((,thôi xong tao rồi
Enjoyment,chỉ cần nhìn họ thì đã thấy tim đập mạnh rồi =))),chỉ cần nhìn họ thì đã thấy tim đập mạnh rồi
Disgust,phú thọ tởm quá,phú thọ tởm quá
Surprise,smart phone thành cục gạch là có thật luôn hả ??,smart phone thành cục gạch là có thật luôn hả
Enjoyment,"3 idiots , bộ phim rất đáng xem",3 idiots bộ phim rất đáng xem
Sadness,nói gì thì tụi bây cũng không tin đâu ..😌😌,nói gì thì tụi bây cũng không tin đâu 😌😌
Other,per nhà mình cũng có nè,per nhà mình cũng có nè
Other,bây giờ lại chơi trò đánh tư sản mại bản như ngày xưa đi nhể,bây giờ lại chơi trò đánh tư sản mại bản như ngày xưa đi nhể
Sadness,anh đánh mất thật rồi,anh đánh mất thật rồi
Anger,đậu xanh tao giỡn mặt với mày hả,đậu xanh tao giỡn mặt với mày hả
Disgust,những cái đáng làm không làm những cái không đáng làm thì làm cho tới,những cái đáng làm không làm những cái không đáng làm thì làm cho tới
Sadness,hình như sau boss bị chết ạ,hình như sau boss bị chết ạ
Other,xong tao đưa mày uống nha,xong tao đưa mày uống nha
Enjoyment,may mà không mua laptop này không thì ăn lìn lâu rồi :(,may mà không mua laptop này không thì ăn lìn lâu rồi
Sadness,nếu chịu khó đặt vào hoàn cảnh của nhau mà sống thì mọi chuyện đã đơn giản hơn rồi .,nếu chịu khó đặt vào hoàn cảnh của nhau mà sống thì mọi chuyện đã đơn giản hơn rồi
Anger,đéo đùa :)),đéo đùa
Other,nhìn hình vẽ khẩu trang lại tưởng 1 con mắt =)))))))),nhìn hình vẽ khẩu trang lại tưởng 1 con mắt
Enjoyment,có đứa nào đéo giật mình như tao không :))),có đứa nào đéo giật mình như tao không
Anger,"băng băng cái lol , chưa đóng vào mặt nhau là may rồi",băng băng cái lol chưa đóng vào mặt nhau là may rồi
Sadness,"ôi mệt quá , một ngày buồn tẻ",ôi mệt quá một ngày buồn tẻ
Fear,bố đi đường mà sợ quá,bố đi đường mà sợ quá
Anger,bác sĩ mất dạy,bác sĩ mất dạy
Fear,disss giật hết cả mình .:)),dis giật hết cả mình
Sadness,có lẽ vì vậy nên moi thứ trở nên thật khó khăn lúc này :(((,có lẽ vì vậy nên moi thứ trở nên thật khó khăn lúc này
Enjoyment,bà đã được sống 1 kiếp người hạnh phúc . mấy ai có được điều đó . ngưỡng mộ tình yêu ông dành cho bà .,bà đã được sống 1 kiếp người hạnh phúc mấy ai có được điều đó ngưỡng mộ tình yêu ông dành cho bà
Enjoyment,sau khi có vợ anh per đã có đồ giả gái xinh và tinh tế hơn 😆,sau khi có vợ anh per đã có đồ giả gái xinh và tinh tế hơn 😆
Enjoyment,"per đi coi với tao , phim này hay nhất định phải coi",per đi coi với tao phim này hay nhất định phải coi
Enjoyment,đứng trước mặt nó tụt quần ra auto hết giận,đứng trước mặt nó tụt quần ra auto hết giận
Enjoyment,haha đây là cổng chợ này ??,haha đây là cổng chợ này
Enjoyment,giống y con bạn tao :))) mặc dù nó không phải gvien hay gì cả nhưng nó khá trẻ trâu,giống y con bạn tao mặc dù nó không phải gvien hay gì cả nhưng nó khá trẻ trâu
Enjoyment,nói chuyện yêuu thế đmaaaa ??,nói chuyện yêuu thế đma
Enjoyment,dễ thương ghê . thằng quay phim cũng không phải dạng vừa ^^,dễ thương ghê thằng quay phim cũng không phải dạng vừa
Other,yên tâm đi ông trời không bất công với ai đâu,yên tâm đi ông trời không bất công với ai đâu
Sadness,ko biết crush bây giờ có ở nhà không nữa 😭😭😭😭,không bt người mình thích bây giờ có ở nhà không nữa 😭
Enjoyment,là khi lạc giữa 1 biển người hôm khai giảng nhưng vẫn nhìn thấy người đó rõ nhất,là khi lạc giữa 1 biển người hôm khai giảng nhưng vẫn nhìn thấy người đó rõ nhất
Anger,đồ điên . quét đéo được thì lấy máy hút bụi hút mẹ hết đi . hét hét cái lol gì =))),đồ điên quét đéo được thì lấy máy hút bụi hút mẹ hết đi hét hét cái lol gì
Enjoyment,"hay ta , hay ta",hay ta hay ta
Sadness,anh ấy không thương tao,anh ấy không thương tao
Other,mặc cái váy thì phải cạp lông lách chứ :))),mặc cái váy thì phải cạp lông lách chứ
Sadness,nhìn lũ trẻ yêu nhau mà lòng già xao xuyến,nhìn lũ trẻ yêu nhau mà lòng già xao xuyến
Other,ai đã dùng nó bây giờ phải 50 tuổi rồi,ai đã dùng nó bây giờ phải 50 tuổi rồi
Enjoyment,"1 đoạn phim được trích ra tuy ngắn nhưng , chứa 1 thông điệp rất có tầm quan trọng",1 đoạn phim được trích ra tuy ngắn nhưng chứa 1 thông điệp rất có tầm quan trọng
Enjoyment,quan trọng là đỉnh ^.,quan trọng là đỉnh
Enjoyment,đem người đó ra biển cho biển cuốn đi lun .. hihii,đem người đó ra biển cho biển cuốn đi lun hihii
Anger,"hàng loạt các sai phạm , vi phạm diễn ra nhưng bộ giáo dục chưa đưa ra được biện pháp nào có hiệu quả chấm dứt các sự việc tiếp tục xảy ra",hàng loạt các sai phạm vi phạm diễn ra nhưng bộ giáo dục chưa đưa ra được biện pháp nào có hiệu quả chấm dứt các sự việc tiếp tục xảy ra
Anger,"trách nhiệm của con mẹ giáo viên chủ nhiệm là lớn nhất luôn , đuổi con mẹ nó việc đi",trách nhiệm của con mẹ giáo viên chủ nhiệm là lớn nhất luôn đuổi con mẹ nó việc đi
Enjoyment,đúng rồi con gái là vậy mà kkk,đúng rồi con gái là vậy mà không
Sadness,tan tành rồi .,tan tành rồi
Sadness,chẳng biết nói gì . xem video em cười suốt mà lòng tôi không thấy vui tẹo nào . thương em,chẳng bt nói gì xem video em cười suốt mà lòng tôi không thấy vui tẹo nào thương em
Anger,xử tử hiệu trưởng . nhà nước phải làm thẳng tay bọn chó,xử tử hiệu trưởng nhà nước phải làm thẳng tay bọn chó
Disgust,người ta mất 6 tháng để học lái xe nhưng lại mất cả đời để học văn hoá đỗ xe 😑,người ta mất 6 tháng để học lái xe nhưng lại mất cả đời để học văn hoá đỗ xe 😑
Other,ngày xưa nghèo . có bếp dầu là mai rồi .,ngày xưa nghèo có bếp dầu là mai rồi
Sadness,ba ́ o giâ ̣ tao ti ́ tao la ̀ mày hoa ̉ người loa ̣ n ngươ ̀ i dân . haizzz,ba ́ o giâ ̣ tao ti ́ tao la ̀ mày hoa ̉ người loa ̣ n ngươ ̀ i dân haiz
Other,hãy tôn trọng quyền được mưu cầu hạnh phúc của mỗi cá nhân con người trên thế giới này đi . đừng kì thị họ ! tội lỗi lắm 🙂,hãy tôn trọng quyền được mưu cầu hạnh phúc của mỗi cá nhân con người trên thế giới này đi đừng kì thị họ tội lỗi lắm 🙂
Enjoyment,"má .., ruồi bay qua táp chết tươi :)))",má ruồi bay qua táp chết tươi
Enjoyment,per cái gì mình không làm được chứ đánh cái lũ đéo phải người thì mình làm tốt kkk,per cái gì mình không làm được chứ đánh cái lũ đéo phải người thì mình làm tốt không
Other,per hèn gì thấy ngày nào anh cũng đi tập 😂😂😂,per hèn gì thấy ngày nào anh cũng đi tập 😂
Surprise,ẹc lông chân mày mọc nhanh dữ =.=,ẹc lông chân mày mọc nhanh dữ
Sadness,ngày xưa cũng vui lắm mà giờ mỗi đứa 1 nơi rồi,ngày xưa cũng vui lắm mà giờ mỗi đứa 1 nơi rồi
Enjoyment,per em cười mệt quá =)))),per em cười mệt quá
Disgust,móng tay gì mà nhìn vừa bẩn vừa ghê,móng tay gì mà nhìn vừa bẩn vừa ghê
Fear,"tuổi thơ của tao sợ nhất là con này , không làm gì mà nó cũng rược , suốt ngày thì kêu um sùm",tuổi thơ của tao sợ nhất là con này không làm gì mà nó cũng rược suốt ngày thì kêu um sùm
Anger,lần sau nhìn thấy hắt nước tiểu vào người nó ngay,lần sau nhìn thấy hắt nước tiểu vào người nó ngay
Enjoyment,bấy bề ơi . thật là đáng yêu,bấy bề ơi thật là đáng yêu
Other,tuỳ người tuỳ loại,tuỳ người tuỳ loại
Enjoyment,cư ́ như kiê ̉ u =))) ngươ ̀ i yêu,cư ́ như kiê ̉ u ngươ ̀ i yêu
Anger,"thằng ác ôn , con nhỏ nhờ tháo mạng nhện thôi mà cũng không giúp , tao là móc gậy ra thọc .. à nhầm tháo mạng nhện ra liền ..",thằng ác ôn con nhỏ nhờ tháo mạng nhện thôi mà cũng không giúp tao là móc gậy ra thọc à nhầm tháo mạng nhện ra liền
Fear,"hồi nhỏ đi học phải ngang qua nhà nuôi ngỗng nó dí chạy thấy bà luôn , ngày nào cũng phải cầm cái cây theo . thề luôn tới giờ tao vẫn còn sợ con này khiếp luôn 😭",hồi nhỏ đi học phải ngang qua nhà nuôi ngỗng nó dí chạy thấy bà luôn ngày nào cũng phải cầm cái cây theo thề luôn tới giờ tao vẫn còn sợ con này khiếp luôn 😭
Sadness,ăn cơm mốc có khả năng bị ung thư gan cao . hít,ăn cơm mốc có khả năng bị ung thư gan cao hít
Enjoyment,bác này nói hay,bác này nói hay
Other,mới sáng ra,mới sáng ra
Fear,"tao có một nỗi sợ khác cũng khá giống con yêu tinh này đó là con yêu nghiệt ngan đực :3 con này thành tinh hung ác vãi_chưởng , đi ra vườn đéo làm gì nó , nó cũng rượt mình . đậu ! đó là tao kể ngày bé thôi =) chứ lớn lên tao biết vơ cây củi theo để đi ra vườn rồi =))",tao có một nỗi sợ khác cũng khá giống con yêu tinh này đó là con yêu nghiệt ngan đực 3 con này thành tinh hung ác vãi chưởng đi ra vườn đéo làm gì nó nó cũng rượt mình đậu đó là tao kể ngày bé thôi chứ lớn lên tao bt vơ cây củi theo để đi ra vườn rồi
Enjoyment,cười vãi ???????? mặt con bé cũng hài ghê,cười vãi mặt con bé cũng hài ghê
Disgust,"quán này chắc không đông , đang ăn mà thấy có mà ói",quán này chắc không đông đang ăn mà thấy có mà ói
Sadness,để nó vậy không thấy tội sao,để nó vậy không thấy tội sao
Enjoyment,boss dễ thương hết sức,boss dễ thương hết sức
Other,nấu thì nấu được mà không biết có ăn được hay không thôi,nấu thì nấu được mà không bt có ăn được hay không thôi
Disgust,"dume tao từ giờ sẽ bỏ thích cái page này huhu , nghiệp mà",dume tao từ giờ sẽ bỏ thích cái page này huhu nghiệp mà
Disgust,đi xe cao mà ý thức thấp quá !,đi xe cao mà ý thức thấp quá
Enjoyment,mình đã về đến nhà an toàn hihi,mình đã về đến nhà an toàn hihi
Surprise,lông chân mọc nhanh thế :)),lông chân mọc nhanh thế
Fear,quá nguy hiểm .,quá nguy hiểm
Enjoyment,ơ tao cũng học ông này hướng dẫn hay sao ấy :))))),ơ tao cũng học ông này hướng dẫn hay sao ấy
Sadness,và người đó đang ở nơi đâu về với em đi . đợi người rồi người sẽ đến chứ ?,và người đó đang ở nơi đâu về với em đi đợi người rồi người sẽ đến chứ
Disgust,bảo sao đi đâu ai cũng ghét =)),bảo sao đi đâu ai cũng ghét
Disgust,"đã gọi là "" mật "" mà nó lại công khai cho mày xem àk",đã gọi là mật mà nó lại công khai cho mày xem àk
Enjoyment,hahaa ngọt vãiii :)),hahaa ngọt vãi
Other,mơ chứ còn gì nữa 🙃,mơ chứ còn gì nữa 🙃
Enjoyment,per tìm được đối tượng nào để cầu hôn chưa :))),per tìm được đối tượng nào để cầu hôn chưa
Sadness,dự là 30 mà 30 sợ già quá chả chó nào nó rước . năm nay đã 26 rồi mà vẫn chả ai thèm yêu 😔😔😔,dự là 30 mà 30 sợ già quá chả chó nào nó rước năm nay đã 26 rồi mà vẫn chả ai thèm yêu 😔
Sadness,nhìn em mà thương roi nói chuyện mắt,nhìn em mà thương roi nói chuyện mắt
Enjoyment,em vợ tao đấy :)),em vợ tao đấy
Enjoyment,"con bé xinh nhờ , khốn nạn là cái thằng edit video ý :)))",con bé xinh nhờ khốn nạn là cái thằng edit video ý
Surprise,1 lần chơi lớn xem thế giới có trầm trồ ??,1 lần chơi lớn xem thế giới có trầm trồ
Enjoyment,per phim này thấy trailer hấp dẫn ghê 😁,per phim này thấy trailer hấp dẫn ghê 😁
Enjoyment,ngồi nhìn nó ngủ cũng thấy dth vler đừng nói cười 😌,ngồi nhìn nó ngủ cũng thấy dth vler đừng nói cười 😌
Fear,cái này ghê vãi mày sẽ hiểu cảm giác khi nó lún xuống 😅😅,cái này ghê vãi mày sẽ hiểu cảm giác khi nó lún xuống 😅😅
Disgust,không thấy tên phim thì hỏi . ở đấy mà hội người mụ cái đéo gì . đã mất công ghi tên phim thì ghi cho đàng hoàng vào . bất lịch sự vậy !,không thấy tên phim thì hỏi ở đấy mà hội người mụ cái đéo gì đã mất công ghi tên phim thì ghi cho đàng hoàng vào bất lịch sự vậy
Enjoyment,hèn dì mấy nay đi học thấy bạn của crush nhìn mình cười,hèn dì mấy nay đi học thấy bạn của người mình thích nhìn mình cười
Surprise,wow vừa vẽ đẹp lại còn biết sáng tạo :)),wow vừa vẽ đẹp lại còn bt sáng tạo
Other,cái này đi móc cống thốn lắm nè,cái này đi móc cống thốn lắm nè
Enjoyment,từ nay tôi quết định nuôi dưỡng con chim tôi tới già . và tôi mong được unesco công nhận kỳ quan thứ 8 của thế giới,từ nay tôi quết định nuôi dưỡng con chim tôi tới già và tôi mong được unesco công nhận kỳ quan thứ 8 của thế giới
Other,mình chỉ quan tâm cái quần bạn chồng mặc màu hường hình cô gái ????,mình chỉ quan tâm cái quần bạn chồng mặc màu hường hình cô gái
Disgust,loại gái già mất dạy chách sao không dạy được con cháu .,loại gái già mất dạy chách sao không dạy được con cháu
Disgust,chộm chó đâu làm ăn như céc lúc cần thì chả thấy đâu,chộm chó đâu làm ăn như céc lúc cần thì chả thấy đâu
Enjoyment,thông minh hơi muộn nhưng vẫn kịp thông minh !,thông minh hơi muộn nhưng vẫn kịp thông minh
Sadness,cay đắng và mặn :(,cay đắng và mặn
Enjoyment,cóc nào tao không có thích thầm đứa nào để đứng lại ngắm cái chỗ ngồi nhể 😗😗😗,cóc nào tao không có thích thầm đứa nào để đứng lại ngắm cái chỗ ngồi nhể 😗
Anger,nó sale còn 225k là được rồi :))) lời quá còn gì . mẹ mày per bình luận chi để nó nhận ra chi v 😂,nó sale còn 225k là được rồi lời quá còn gì mẹ mày per bình luận chi để nó nhận ra chi vậy 😂
Disgust,"loại này nó vậy , y con chó nhà mình .. hjjjj",loại này nó vậy y con chó nhà mình hj
Surprise,đỉnh vậy luôn hả,đỉnh vậy luôn hả
Sadness,chẳng những hư xe mà còn bị phạt nặng nữa,chẳng những hư xe mà còn bị phạt nặng nữa
Other,mẹ còn không trị được thì ai trị 😌,mẹ còn không trị được thì ai trị 😌
Sadness,tớ có thấy con ngáo đấy nhưng không dám lại sờ huhu tt,tớ có thấy con ngáo đấy nhưng không dám lại sờ huhu tt
Enjoyment,nhờ đó mà tôi cảm thấy nhẹ nhõm và trở nên mạnh mẽ,nhờ đó mà tôi cảm thấy nhẹ nhõm và trở nên mạnh mẽ
Enjoyment,tao ấn tượng anh đầm hường ghê 😂,tao ấn tượng anh đầm hường ghê 😂
Other,đứa nào bắt cóc nhỏ này thấy khổ vãi,đứa nào bắt cóc nhỏ này thấy khổ vãi
Sadness,đồng cảnh ngộ :(,đồng cảnh ngộ
Enjoyment,ngọt hơn cả người yêu haaaaa,ngọt hơn cả người yêu ha
Disgust,thôi mấy bác bị dắt mũi rồi . nghe đến đoạn au mobile là biết nó quảng cáo game trá hình rồi . như con cặc,thôi mấy bác bị dắt mũi rồi nghe đến đoạn au mobile là bt nó quảng cáo game trá hình rồi như con cặc
Enjoyment,đọc nhiều chuyện cổ tích vầy thấy yêu cuộc sống hẳn :)),đọc nhiều chuyện cổ tích vầy thấy yêu cuộc sống hẳn
Disgust,bố mày lậy chúng mày đấy,bố mày lậy chúng mày đấy
Surprise,mấy cái video của bọn này đóng hay vãi,mấy cái video của bọn này đóng hay vãi
Enjoyment,"ở nói chuyện ngoài hộ không khì thị về giới tính , họ cho được kết hôn . chứ họ không kì thị như ở việt nam mình hai người kia họ thật dũng cảm khi sống thật với giới tính của mình",ở nói chuyện ngoài hộ không khì thị về giới tính họ cho được kết hôn chứ họ không kì thị như ở việt nam mình hai người kia họ thật dũng cảm khi sống thật với giới tính của mình
Other,bà chủ tịch giả mang thai và cái kết,bà chủ tịch giả mang thai và cái kết
Disgust,phạt 5 triệu ... pháp luật vn hay dữ,phạt 5 triệu pháp luật vn hay dữ
Sadness,phải chi có người để giận mình nhỉ :(((,phải chi có người để giận mình nhỉ
Sadness,"per cần thêm những trái dâu xinh xắn để ngăn chặn sự u ám này , huhu",per cần thêm những trái dâu xinh xắn để ngăn chặn sự u ám này huhu
Enjoyment,lúc nhỏ bà hàng xóm của tao bị dí chạy tới mức bã phải nhảy xuống sông bã lội trốn mà tụi nó cũng nhảy theo với bã 🤣,lúc nhỏ bà hàng xóm của tao bị dí chạy tới mức bã phải nhảy xuống sông bã lội trốn mà tụi nó cũng nhảy theo với bã 🤣
Disgust,tao cũng có ghệ và tao cũng dị ứng mấy trường hợp mắc mệt giống vậy,tao cũng có ghệ và tao cũng dị ứng mấy trường hợp mắc mệt giống vậy
Sadness,khổ thân em ý .,khổ thân em ý
Enjoyment,không những hạnh phúc tao còn cứng nữa :)),không những hạnh phúc tao còn cứng nữa
Anger,"chỉ có bọn nông dân mới nghĩ ra mấy trò này , phải con cháu nhà tao thì tao đến từng nhà 1 bắt từng thằng ăn cứt",chỉ có bọn nông dân mới nghĩ ra mấy trò này phải con cháu nhà tao thì tao đến từng nhà 1 bắt từng thằng ăn cứt
Disgust,kinh dị vãi 😖😖,kinh dị vãi 😖😖
Anger,phải là người yêu tao thì sống chết tao cũng vả hết,phải là người yêu tao thì sống chết tao cũng vả hết
Disgust,vậy nên phải lịch sự và thổ con mẹ nó lộ với cả đống người chúc mừng mày thành trò cười thiên hạ,vậy nên phải lịch sự và thổ con mẹ nó lộ với cả đống người chúc mừng mày thành trò cười thiên hạ
Enjoyment,đkm lại diễn rồi pr cho game aumobile chứ gì tuổi lol qua mắt tao =)),đkm lại diễn rồi pr cho game aumobile chứ gì tuổi lol qua mắt tao
Other,"cà phê vần luôn cả với sa tế , thế là đủ vị đắng cay",cà phê vần luôn cả với sa tế thế là đủ vị đắng cay
Sadness,chuẩn luôn :3 độc vô tình bắt gặp thôi cơ mà giờ tao bị ăn bơ rồi 😭,chuẩn luôn 3 độc vô tình bắt gặp thôi cơ mà giờ tao bị ăn bơ rồi 😭
Enjoyment,có ai luyện mới được như mình không dạ,có ai luyện mới được như mình không dạ
Disgust,còn thằng súc sinh này,còn thằng súc sinh này
Disgust,"lớp 1 tao đã bị nằm sấp lên bàn , bị đánh 20 - 30 cây vì tội viết chữ không có tiến bộ mà có dám hó hé gì đâu . còn học sinh giờ sắp thành hiệu trưởng hết rồi",lớp 1 tao đã bị nằm sấp lên bàn bị đánh 20 30 cây vì tội viết chữ không có tiến bộ mà có dám hó hé gì đâu còn học sinh giờ sắp thành hiệu trưởng hết rồi
Fear,hết hồn chim én,hết hồn chim én
Surprise,thật ư 😱😱😱,thật ư 😱
Sadness,cô ấy không yêu tôi,cô ấy không yêu tôi
Sadness,ừ công nhận == không có tiền mua,ừ công nhận không có tiền mua
Disgust,"xã hội giờ nguy hiểm quá . có khi cái con mẹ kia mới là người có ý định bắt cóc trẻ con ấy chứ , hoặc chỉ một câu trêu đùa quái ác như thế cũng đủ mệt",xã hội giờ nguy hiểm quá có khi cái con mẹ kia mới là người có ý định bắt cóc trẻ con ấy chứ hoặc chỉ một câu trêu đùa quái ác như thế cũng đủ mệt
Other,nó ăn chay mà,nó ăn chay mà
Enjoyment,trò cười . :v,trò cười v
Enjoyment,đáng yêu vậy,đáng yêu vậy
Disgust,người ta dùng con kiến bống . loại có chất axit có vị chua . chứ đéo ai dùng loại kiến đen cứt trâu này .,người ta dùng con kiến bống loại có chất axit có vị chua chứ đéo ai dùng loại kiến đen cứt trâu này
Anger,"gặp tao là đéo nói nhìu , lùi xe ra rồ ga tông thẳng vào :))))",gặp tao là đéo nói nhìu lùi xe ra rồ ga tông thẳng vào
Other,phải chi quán đầu tư cái máy hút bụi thì đỡ cho anh ấy quá =))),phải chi quán đầu tư cái máy hút bụi thì đỡ cho anh ấy quá
Enjoyment,cũng dể thương đấy chứ,cũng dể thương đấy chứ
Other,thực ra ngoài mày nó còn quan tâm nhiều đứa nữa,thực ra ngoài mày nó còn quan tâm nhiều đứa nữa
Surprise,anh quay phim giọng hơi cute nhỉ 😂😂😂,anh quay phim giọng hơi cute nhỉ 😂
Enjoyment,cảm ơn bố !,cảm ơn bố
Enjoyment,nhìn đã thật,nhìn đã thật
Enjoyment,niềm vui của cđv việt nam đây mà,niềm vui của cđv việt nam đây mà
Enjoyment,tao thích vẽ . nhưng vẽ xấu từ đó chuyển hẳn sang mê chụp ảnh .,tao thích vẽ nhưng vẽ xấu từ đó chuyển hẳn sang mê chụp ảnh
Sadness,tạm biệt ông 😢,tạm biệt ông 😢
Enjoyment,khoảnh khắc nhận ra đồng nghiệp mình is the best :)) nguyễn ngọc thái hiền,khoảnh khắc nhận ra đồng nghiệp mình is the best nguyễn ngọc thái hiền
Enjoyment,tao cười tao ỉa =)))))) hâhhahhahahahaha,tao cười tao ỉa hâhhahhahahahaha
Other,nên là có sắp chết tao cũng đéo kể cho ai nghe :))),nên là có sắp chết tao cũng đéo kể cho ai nghe
Sadness,tiền nhiều để làm gì ? để rồi lại chia ly,tiền nhiều để làm gì để rồi lại chia ly
Other,"và nếu có 1 người yêu mà chơi với nhiều thằng con trai thì hãy cẩn thận , mày có thể bị cắm sừng khi nào không hay",và nếu có 1 người yêu mà chơi với nhiều thằng con trai thì hãy cẩn thận mày có thể bị cắm sừng khi nào không hay
Enjoyment,thường thôi . hồi nhỏ tao nấu kiểu này hoài . nấu lun cái bếp nhà chú,thường thôi hồi nhỏ tao nấu kiểu này hoài nấu lun cái bếp nhà chú
Sadness,xỉu lên xỉu xuống :(,xỉu lên xỉu xuống
Enjoyment,để anh dẫn em đi ăn nha :)),để anh dẫn em đi ăn nha
Sadness,tao đã khóc khi xem phim nay,tao đã khóc khi xem phim nay
Other,cây như cổ chân thì sao năng xuất . cại đủ tiền công không mà chia,cây như cổ chân thì sao năng xuất cại đủ tiền công không mà chia
Other,per một thời của chậy em mình nè,per một thời của chậy em mình nè
Enjoyment,thiệt là dễ thương quá đi mất . 💕,thiệt là dễ thương quá đi mất 💕
Disgust,nhảy không lo nhảy còn quay quay,nhảy không lo nhảy còn quay quay
Enjoyment,giòi béo lắm :)),giòi béo lắm
Surprise,"á đù , per ạ , chị em mềnh vừa làm thế",á đù per ạ chị em mềnh vừa làm thế
Sadness,per trung thu đéo liên quan đến việc có gấu cho lắm bạn nhể .... nhưng mà lễ gì cũng thế thì đúng là bất hạnh mà huhu,per trung thu đéo liên quan đến việc có gấu cho lắm bạn nhể nhưng mà lễ gì cũng thế thì đúng là bất hạnh mà huhu
Anger,per cản tao không tao chửi thề,per cản tao không tao chửi thề
Other,quả drama khi nàng say giấc là minh chứng rõ ràng nhất cho ví dụ trên =))),quả drama khi nàng say giấc là minh chứng rõ ràng nhất cho ví dụ trên
Sadness,tao hiểu rất rõ cảm giác của em ấy ....,tao hiểu rất rõ cảm giác của em ấy
Sadness,"tình đến , rồi tình cũng điii 🙂🙂🙂",tình đến rồi tình cũng đi 🙂
Disgust,gớm không tưởng,gớm không tưởng
Disgust,"phục nhất ông cưa móng tay mà không cần đeo bao tay và đeo khẩu trang , gặp tao là tao ói ngay từ khi thấy bộ móng này rồi .",phục nhất ông cưa móng tay mà không cần đeo bao tay và đeo khẩu trang gặp tao là tao ói ngay từ khi thấy bộ móng này rồi
Anger,cảnh này gặp cũng nhiều rồi . dọn thấy mẹ luôn mà vẫn không sạch được . tức ghê . ức chế lắm . 1 lần thì không sao mà cả chục lần như vậy,cảnh này gặp cũng nhiều rồi dọn thấy mẹ luôn mà vẫn không sạch được tức ghê ức chế lắm 1 lần thì không sao mà cả chục lần như vậy
Disgust,vô nhân đạo thật :(,vô nhân đạo thật
Sadness,"ngày em đến anh mất ngủ suốt mấy đêm vì vui sướng , ngày em nói dừng lại nước mắt anh rơi trên đường chạy về nhà",ngày em đến anh mất ngủ suốt mấy đêm vì vui sướng ngày em nói dừng lại nước mắt anh rơi trên đường chạy về nhà
Enjoyment,có gì đâu bé vậy mới cool đó anh thích 😉😉😉,có gì đâu bé vậy mới cool đó anh thích 😉
Other,tuổi thơ không có gì đặc biệt cho đến khi năm lớp 12 . nhớ cả cuộc đời cậu bạn ngồi cạnh,tuổi thơ không có gì đặc biệt cho đến khi năm lớp 12 nhớ cả cuộc đời cậu bạn ngồi cạnh
Enjoyment,tính giải trí cao vãi 🤣🤣,tính giải trí cao vãi 🤣🤣
Disgust,cơm từ thiện không tốn tiền nên không biết quí trọng ý thức còn thấp quá,cơm từ thiện không tốn tiền nên không bt quí trọng ý thức còn thấp quá
Enjoyment,"cảm ơn cha mẹ đã cho mình hình hài này , xin được khôn ngoan để đừng làm đau người khác",cảm ơn cha mẹ đã cho mình hình hài này xin được khôn ngoan để đừng làm đau người khác
Surprise,hóa ra là vậy à =)),hóa ra là vậy à
Anger,"tao cũng nghĩ là vậy , chứ ở đó mà mừng rồi nuôi đẻ . bố mày không thích ăn sừng , phắng 🤣",tao cũng nghĩ là vậy chứ ở đó mà mừng rồi nuôi đẻ bố mày không thích ăn sừng phắng 🤣
Other,có quá nhiều lựa chọn trong một tháng,có quá nhiều lựa chọn trong một tháng
Sadness,nguyễn thị hồng phấn cũng may tao không thấy cặp nao hêtd,nguyễn thị hồng phấn cũng may tao không thấy cặp nao hêtd
Other,nói thẳng mẹ nó là con kia gato cho xem :))),nói thẳng mẹ nó là con kia ghen tị cho xem
Enjoyment,"đi qua hết rồi mới nhận ra cấp 3 là thời tươi đẹp nhất của mình . ở đó có bố mẹ luôn đồng hành , có tình yêu học trò , có nghịch ngợm trốn học ... là quãng thời gian hồn nhiên vui vẻ nhất .",đi qua hết rồi mới nhận ra cấp 3 là thời tươi đẹp nhất của mình ở đó có bố mẹ luôn đồng hành có tình yêu học trò có nghịch ngợm trốn học là quãng thời gian hồn nhiên vui vẻ nhất
Enjoyment,bếp củi 😂😂😂,bếp củi 😂
Sadness,:(( tội bé,tội bé
Disgust,ăn cho mập thây để chết phải đặt hòm riêng chứ bắt trộm hay cướp thì làm được gì .,ăn cho mập thây để chết phải đặt hòm riêng chứ bắt trộm hay cướp thì làm được gì
Anger,"đéo biết ong rừng thật không nhưng đổ mà bắt em dọn thế à , xách mông xuống dọn đi .",đéo bt ong rừng thật không nhưng đổ mà bắt em dọn thế à xách mông xuống dọn đi
Enjoyment,tuổi trẻ tài cao mà :)))))))),tuổi trẻ tài cao mà
Disgust,quay lip miệng chửi liên tục còn đăng mạng cho mọi người biết ... hài .,quay lip miệng chửi liên tục còn đăng mạng cho mọi người bt hài
Other,sg chưa mưa đâu,sg chưa mưa đâu
Enjoyment,per cho vợ đi cầu này để giảm cân nhá 🤣🤣,per cho vợ đi cầu này để giảm cân nhá 🤣🤣
Other,tôi đoán rằng ông này đã lấy vợ trước khi lên mặt trăng,tôi đoán rằng ông này đã lấy vợ trước khi lên mặt trăng
Disgust,chả hiểu sao có phẫn nộ :))),chả hiểu sao có phẫn nộ
Sadness,"nhìn cảnh 2 bố con hôn từ biệt , em bé cũng rướn mặt theo hôn bố mà chảy nước mắt , em bé như thế chắc không biết diễn , đúng là cảnh đẹp quá",nhìn cảnh 2 bố con hôn từ biệt em bé cũng rướn mặt theo hôn bố mà chảy nước mắt em bé như thế chắc không bt diễn đúng là cảnh đẹp quá
Other,per học hỏi nhé kkk,per học hỏi nhé không
Enjoyment,cái đoạn nướng cháy pizza để phốt công nhận là chuyên nghiệp thật :),cái đoạn nướng cháy pizza để tố cáo công nhận là chuyên nghiệp thật
Fear,mỗi lần chạy xe ngang kv bình chánh là cảm thấy sợ,mỗi lần chạy xe ngang kv bình chánh là cảm thấy sợ
Fear,"ở trên mái sảnh nhà tao cũng có một con nhện mẹ tao bảo tao giết nó ( hờ hờ ) , còn bố tao bảo "" mày cứ đi qua là nó rơi giữa đầu """,ở trên mái sảnh nhà tao cũng có một con nhện mẹ tao bảo tao giết nó hờ hờ còn bố tao bảo mày cứ đi qua là nó rơi giữa đầu
Other,2 năm xa nhà rồi tao đéo được đi ????. năm sau nhất định đi,2 năm xa nhà rồi tao đéo được đi năm sau nhất định đi
Sadness,có những ngày làm tới đâu là sai tới đó :)) muốn tát vào mặt hết sức,có những ngày làm tới đâu là sai tới đó muốn tát vào mặt hết sức
Sadness,"per nhớ ngày tháng cta bên nhau ghê , giờ thì chả còn gì",per nhớ ngày tháng cta bên nhau ghê giờ thì chả còn gì
Disgust,thành phần nào cũng có :)) ăn hiếp con gái :)) thua cả súc sinh,thành phần nào cũng có ăn hiếp con gái thua cả súc sinh
Enjoyment,lò vi sóng đó hjhj,lò vi sóng đó hjhj
Fear,đàn bà ở nhà thế kia không sợ ngoại tình à ? tao đang lo vợ tao đây này,đàn bà ở nhà thế kia không sợ ngoại tình à tao đang lo vợ tao đây này
Other,không nỡ bỏ đi mấy thứ linh tinh thời đi học,không nỡ bỏ đi mấy thứ linh tinh thời đi học
Sadness,chưa cho ba mẹ được gì . vậy có quyền gì mà đòi phàn nàn về những thứ ba mẹ đã rành rụng bao nhiêu năm để lại cho mình,chưa cho ba mẹ được gì vậy có quyền gì mà đòi phàn nàn về những thứ ba mẹ đã rành rụng bao nhiêu năm để lại cho mình
Other,per đợt này tao đi học full . nên để mấy hnua rảnh tao alo nha 😂😂,per đợt này tao đi học full nên để mấy hnua rảnh tao alo nha 😂😂
Enjoyment,"từ nhỏ tới lớn đi học toàn ngồi chung bàn với nam , toàn phải đương đầu chiến đấu với vạch phấn chia đôi bàn ghế . 🤣🤣",từ nhỏ tới lớn đi học toàn ngồi chung bàn với nam toàn phải đương đầu chiến đấu với vạch phấn chia đôi bàn ghế 🤣🤣
Disgust,mày là con bé gái bố mày là con lợn nhé . khi con nào còn mở mồm bảo chỉ theo bạn bỏ zai thì bị ăn vả thế đấy =))),mày là con bé gái bố mày là con lợn nhé khi con nào còn mở mồm bảo chỉ theo bạn bỏ zai thì bị ăn vả thế đấy
Disgust,cái thứ súc vật,cái thứ súc vật
Sadness,"đúng rồi , vàng là phải vàng mới có giá trị , vàng trắng làm gì có giá trị 😥",đúng rồi vàng là phải vàng mới có giá trị vàng trắng làm gì có giá trị 😥
Enjoyment,thế mới làm nên nghiệp lớn chứ,thế mới làm nên nghiệp lớn chứ
Disgust,ảo tưởng là đây 😞,ảo tưởng là đây 😞
Other,đúng bài của người việt thường dùng rồi,đúng bài của người việt thường dùng rồi
Enjoyment,họ đã cho ta có mặt ở trên cột đời này rồi còn gì bằng nữa chứ,họ đã cho ta có mặt ở trên cột đời này rồi còn gì bằng nữa chứ
Sadness,cả tết được có 400k :(,cả tết được có 400k
Anger,bắt được rồi cho bọn này đi chết đi để chúng nó sốn rồi làm hại người khác,bắt được rồi cho bọn này đi chết đi để chúng nó sốn rồi làm hại người khác
Sadness,rất tiếc cho 1 bài quyền,rất tiếc cho 1 bài quyền
Surprise,wao đáng yêuc vậy chời ơiiii,wao đáng yêuc vậy chời ơi
Disgust,có đéo gì mà kì thích thì đi . xin lỗi hơi thô 😊,có đéo gì mà kì thích thì đi xin lỗi hơi thô 😊
Enjoyment,đề kháng của tao với mọi loại thính rồi cơ 😂,đề kháng của tao với mọi loại thính rồi cơ 😂
Disgust,ý anh là đụ em xong có con rồi ct á hả :vậy,ý anh là đụ em xong có con rồi ct á hả vậy
Surprise,vậy là xử xong rồi đó hả ? nhanh dữ,vậy là xử xong rồi đó hả nhanh dữ
Sadness,tao cũng muốn học vẽ lắm :( cơ mà không có điều kiện để đi học,tao cũng muốn học vẽ lắm cơ mà không có điều kiện để đi học
Disgust,má nhay :)),má nhay
Other,hiền thì hiền thật đấy cơ mà quá ngưỡng nhịn thì bùng phát thôi 🙂,hiền thì hiền thật đấy cơ mà quá ngưỡng nhịn thì bùng phát thôi 🙂
Disgust,bất hạnh qué gì . trung thu thì liên quan mẹ gì đến việc có gấu . tào lao,bất hạnh qué gì trung thu thì liên quan mẹ gì đến việc có gấu tào lao
Surprise,sao lại ga lăng z được ta,sao lại ga lăng vậy được ta
Other,per chịu khó đọc trong này cũng được phết,per chịu khó đọc trong này cũng được phết
Sadness,đây là một câu chuyện buồn 🙁,đây là một câu chuyện buồn 🙁
Enjoyment,"bọn tàu copy kịch bản phương tây , chắc bữa sau lại có mấy video make in việt nam như vậy và kịch bản tàu haha",bọn tàu copy kịch bản phương tây chắc bữa sau lại có mấy video make in việt nam như vậy và kịch bản tàu haha
Sadness,"giờ nghĩ lại mới thấy vui thế , đến nay bạn bè lập gia đình cả rồi :(((",giờ nghĩ lại mới thấy vui thế đến nay bạn bè lập gia đình cả rồi
Other,"có thể trường học không trọng dụng bác ý nên bác ý không muốn về , ý kiến riêng em",có thể trường học không trọng dụng bác ý nên bác ý không muốn về ý kiến riêng em
Enjoyment,chuyên mục chọc chó cực mạnh à nhầm mèo kk,chuyên mục chọc chó cực mạnh à nhầm mèo kk
Disgust,giọng mình thì như tát vào mặt người nghe,giọng mình thì như tát vào mặt người nghe
Fear,per tạo hóa thật đáng sợ :))))),per tạo hóa thật đáng sợ
Sadness,hôm nay bạn đi làm . tiền đâu mà mua 😌,hôm nay bạn đi làm tiền đâu mà mua 😌
Sadness,"không được uống đã đành , ngồi dọn sấp mặt luôn , như con cáo và chùm nho xanh per",không được uống đã đành ngồi dọn sấp mặt luôn như con cáo và chùm nho xanh per
Anger,sai còn không biết sửa còn thích giận lại . cút hộ,sai còn không bt sửa còn thích giận lại cút hộ
Sadness,"đau lòng vãi . cứ tưởng là đùa . ai ngờ , bồ nhau thiệt . ơ . tớ có sừng không",đau lòng vãi cứ tưởng là đùa ai ngờ bồ nhau thiệt ơ tớ có sừng không
Enjoyment,vừa thấy thương vừa buồn cười vãi :))))))),vừa thấy thương vừa buồn cười vãi
Enjoyment,sở khanh như boss chịu liền .. đẹp trai quá trời ui,sở khanh như boss chịu liền đẹp trai quá trời ui
Fear,chính những người như thế họ rất cẩn trọng khi bật xi nhan đấy,chính những người như thế họ rất cẩn trọng khi bật xi nhan đấy
Disgust,video này là để động viên mấy đứa chán đời và cuộc sống này rất nhạt ahihi,video này là để động viên mấy đứa chán đời và cuộc sống này rất nhạt ahihi
Enjoyment,chiều mưa hứa tự sẽ tự đi mua đôi giầy mới 😂,chiều mưa hứa tự sẽ tự đi mua đôi giầy mới 😂
Other,"cái khó ló cái khôn , yên tâm",cái khó ló cái khôn yên tâm
Surprise,à thì ra là vậy,à thì ra là vậy
Other,ng anh em thiện lành đã rời việt nam . sayy goodbye 🌸,ng anh em thiện lành đã rời việt nam sayy goodbye 🌸
Sadness,cần lắm những sẻ chia . cần lắm những thấu hiểu,cần lắm những sẻ chia cần lắm những thấu hiểu
Other,người ta chỉ hỏi hàng tháng bạn kiếm được bao nhiêu tiền chứ không hỏi công việc của bạn có làm cho bạn mệt nhiều không,người ta chỉ hỏi hàng tháng bạn kiếm được bao nhiêu tiền chứ không hỏi công việc của bạn có làm cho bạn mệt nhiều không
Sadness,khi em nói 2 chữ muốn dừng là nước mắt không bao giờ ngưng . . . đau,khi em nói 2 chữ muốn dừng là nước mắt không bao giờ ngưng đau
Enjoyment,ngưỡng mộ anh chị,ngưỡng mộ anh chị
Enjoyment,t còn được nghỉ 1 tuần :)))),tao còn được nghỉ 1 tuần
Enjoyment,t cười đấy . thế tao thả haha nhé . mà dume đấy là cháu tao . thế bây giờ không có icon vừa khóc vừa cười à :]],tao cười đấy thế tao thả haha nhé mà dume đấy là cháu tao thế bây giờ không có icon vừa khóc vừa cười à
Disgust,"lúc trước tao đi thực tập cũng có làm bên dọn phòng được 1 tháng . đm kinh khủng lắm tụi bay , rác xả thì đéo nói nha , bcs vứt ngay trên giường :) dume sao chơi xong đéo nhét vào mồm ăn mẹ đi cho rồi",lúc trước tao đi thực tập cũng có làm bên dọn phòng được 1 tháng địt mẹ kinh khủng lắm tụi bay rác xả thì đéo nói nha bcs vứt ngay trên giường dume sao chơi xong đéo nhét vào mồm ăn mẹ đi cho rồi
Sadness,tao coi xong tao khóc .,tao coi xong tao khóc
Sadness,thà chia tay rồi ghét hận nhau còn hơn là đang lúc dang dở thì mất nhau 🙂,thà chia tay rồi ghét hận nhau còn hơn là đang lúc dang dở thì mất nhau 🙂
Sadness,xem mà rơi nói chuyện mắt khi ăn luôn 😭😭😢,xem mà rơi nói chuyện mắt khi ăn luôn 😭😭😢
Enjoyment,đồng nai mùa chim nướng yên xe kaka,đồng nai mùa chim nướng yên xe kaka
Other,con nhà người ta kbh làm bố mẹ mình thất vọng 😪,con nhà người ta kbh làm bố mẹ mình thất vọng 😪
Fear,ờ công nhận đáng sợ vãi 😭,ờ công nhận đáng sợ vãi 😭
Fear,khiếp quá đi tụi con ơi,khiếp quá đi tụi con ơi
Sadness,có ai thấy tội ông cụ như tao không 😭,có ai thấy tội ông cụ như tao không 😭
Enjoyment,tao thề từ giờ đến cuối năm mà tao không lấy được vợ thì tao quyết định sag năm lấy 😊,tao thề từ giờ đến cuối năm mà tao không lấy được vợ thì tao quyết định sag năm lấy 😊
Enjoyment,"per chị mày đánh lộn từ đầu làng đến cuối xóm thì cần chi bọn con trai , nhưng nhìn bọn nó dễ thương hén",per chị mày đánh lộn từ đầu làng đến cuối xóm thì cần chi bọn con trai nhưng nhìn bọn nó dễ thương hén
Disgust,có thể cấp phép những phim bạo lực . kinh dị nước ngoài . nhưng động phim nhà có chút bạo lực và máu me là cấm vì không đúng thuần phong mỹ tục,có thể cấp phép những phim bạo lực kinh dị nước ngoài nhưng động phim nhà có chút bạo lực và máu me là cấm vì không đúng thuần phong mỹ tục
Anger,hãm lol thật sự 😒,hãm lol thật sự 😒
Enjoyment,giống y bố tao 🤣 ngoa khủng khiếp nhưng mà nhà tao vui vãi_chưởng 🤣🤣. điểm danh nhà bố học giỏi văn nào 🤦🏻‍♀️,giống y bố tao 🤣 ngoa khủng khiếp nhưng mà nhà tao vui vãi chưởng 🤣🤣 điểm danh nhà bố học giỏi văn nào 🤦🏻‍♀️
Other,anh nói vậy với em lần nửa đi 🙃,anh nói vậy với em lần nửa đi 🙃
Sadness,không hiểu sao xem đi xem lại bao nhiêu lần vẫn khóc được,không hiểu sao xem đi xem lại bao nhiêu lần vẫn khóc được
Anger,ad hỏi thế này thì có khác gì giữa thịt lợn và thịt chó ăn món nào ? ad hỏi thế này là hơi coi thường chị em đó 🤨,ad hỏi thế này thì có khác gì giữa thịt lợn và thịt chó ăn món nào ad hỏi thế này là hơi coi thường chị em đó 🤨
Disgust,cục súc thiệt :)))),cục súc thiệt
Other,đợi chắc sang kiếp sau luôn quá 😂,đợi chắc sang kiếp sau luôn quá 😂
Enjoyment,lấy ống hút mỗi đứa cắm xuống mà hút thôi :)),lấy ống hút mỗi đứa cắm xuống mà hút thôi
Other,có ý định nhai hết hộp kẹo điểm danh đi 😌😌,có ý định nhai hết hộp kẹo điểm danh đi 😌😌
Other,nam thần tự do,nam thần tự do
Enjoyment,chúng ta mất 3s để nói yêu nhau vài 30p để phịch nhau phải không nào,chúng ta mất 3s để nói yêu nhau vài 30p để phịch nhau phải không nào
Disgust,ông thầy cục súc vãi lol,ông thầy cục súc vãi lol
Sadness,vâng em gặp anh rồi mà giờ đây em vẫn cô đơn đi lang thang tìm những thứ vô nghĩa lấp vào nỗi cô đơn ấy,vâng em gặp anh rồi mà giờ đây em vẫn cô đơn đi lang thang tìm những thứ vô nghĩa lấp vào nỗi cô đơn ấy
Enjoyment,câu chuyện y ́ nghi ̃ anh qua ́,câu chuyện y ́ nghi ̃ anh qua ́
Enjoyment,ngày xưa mìh cũng thế . dume thấy mấy ông đứng đầu đường nhòm nhòm cũng phải lượn qua cái :)),ngày xưa mìh cũng thế dume thấy mấy ông đứng đầu đường nhòm nhòm cũng phải lượn qua cái
Sadness,đúng là vàng trắng .. nhưng mà trắng tay :(((,đúng là vàng trắng nhưng mà trắng tay
Anger,"m ngon m giết tao luôn đi , má mày",mày ngon mày giết tao luôn đi má mày
Sadness,lâu quá rồi mới nghe lại bài này . từ lúc ctay mối tình đầu :((,lâu quá rồi mới nghe lại bài này từ lúc ctay mối tình đầu
Sadness,khổ tâm ghê =)),khổ tâm ghê
Enjoyment,những điều đơn giản nhưng thật hạnh phúc 😘,những điều đơn giản nhưng thật hạnh phúc 😘
Sadness,cũng muốn đi xem lắm 😭,cũng muốn đi xem lắm 😭
Other,"kết hôn xong , anh thuê người giết cô để lấy tiền bảo hiểm 😌",kết hôn xong anh thuê người giết cô để lấy tiền bảo hiểm 😌
Enjoyment,gia đình ổn tình yêu không có thì cần gì động lực ... kaka,gia đình ổn tình yêu không có thì cần gì động lực kaka
Enjoyment,anh tây này đáng yêu chết được cứ tiếng tuy hoà phú yên ma học đi nhá ☺️☺️,anh tây này đáng yêu chết được cứ tiếng tuy hoà phú yên ma học đi nhá ☺️☺️
Disgust,con mèo cục xúc nhất năm :3,con mèo cục xúc nhất năm 3
Enjoyment,xem phim cười gần chết . mà thích cái bạn ma nữ hơn là na bong,xem phim cười gần chết mà thích cái bạn ma nữ hơn là na bong
Sadness,đằng này họ nghĩ tao muốn giết người rồi chửi tao bị thần kinh rồi cho trôi qua mọi chuyện,đằng này họ nghĩ tao muốn giết người rồi chửi tao bị thần kinh rồi cho trôi qua mọi chuyện
Anger,chờ mãi đéo thấy làm gì chán,chờ mãi đéo thấy làm gì chán
Enjoyment,ngồi cười như dại =))),ngồi cười như dại
Anger,"chó đẻ , khốn nạn vậy mà cũng đi rao giảng đạo đức , đi dạy người khác 😭😭😭😭",chó đẻ khốn nạn vậy mà cũng đi rao giảng đạo đức đi dạy người khác 😭
Fear,đm nhậu say gặp cái cầu lol này chắc tao nằm xuống mẹ cho rồi per,địt mẹ nhậu say gặp cái cầu lol này chắc tao nằm xuống mẹ cho rồi per
Other,"nắng nóng bỏ moẹ , dội chút cho mát thôi mà",nắng nóng bỏ moẹ dội chút cho mát thôi mà
Other,phải biết thiên thời địa lợi nhân hòa 😐😐,phải bt thiên thời địa lợi nhân hòa 😐😐
Disgust,per mẹ copy đây làm bố tưởng nay mày hiểu đời văn chương hơn,per mẹ copy đây làm bố tưởng nay mày hiểu đời văn chương hơn
Disgust,thân thiện thôi mà cứ ảo tưởng được thích à ? :>>,thân thiện thôi mà cứ ảo tưởng được thích à
Disgust,bọn chưa tiến hoá hết này ... cặn bã,bọn chưa tiến hoá hết này cặn bã
Sadness,per mày này . nhưng mà lúc già sắp chết 😕,per mày này nhưng mà lúc già sắp chết 😕
Surprise,vl :)) còn đút tay túi áo ??,vãi lồn còn đút tay túi áo
Sadness,"thôi không níu giữ kí ức xa vời , và chẳng bao giờ thuộc về nơi em",thôi không níu giữ kí ức xa vời và chẳng bao giờ thuộc về nơi em
Disgust,chúng mày bị điên à 😒,chúng mày bị điên à 😒
Sadness,"có người cả đời ăn không hết lại có người thiếu ăn , thiếu mặc nhìn chán đời vãi",có người cả đời ăn không hết lại có người thiếu ăn thiếu mặc nhìn chán đời vãi
Enjoyment,đố ai định nghĩa được tình yêu . có khó gì đâu một buổi chiều . kề dao vào cổ yêu không hả . gật đầu lia lịa thế là yêu 🤣🤣🤣🤣🤣🤣,đố ai định nghĩa được tình yêu có khó gì đâu một buổi chiều kề dao vào cổ yêu không hả gật đầu lia lịa thế là yêu 🤣
Enjoyment,page bị hack rồi . video hay nhất mình từg xem,page bị hack rồi video hay nhất mình từg xem
Other,"mưa rồi , chỗ tao đang mưa",mưa rồi chỗ tao đang mưa
Other,per mày cũng có tình yêu từ nơi đây phải không ?,per mày cũng có tình yêu từ nơi đây phải không
Disgust,nhìn kinh 😌,nhìn kinh 😌
Enjoyment,nhìn lại nhớ một thời oanh liệt nay còn đâu 😴 đề bao năm vẫn như vậy . vẫn thích nhất là câu 4 hình học 😊,nhìn lại nhớ một thời oanh liệt nay còn đâu 😴 đề bao năm vẫn như vậy vẫn thích nhất là câu 4 hình học 😊
Enjoyment,"mà hiệu quả bất ngờ quá , quá đỉnh .",mà hiệu quả bất ngờ quá quá đỉnh
Other,ủa rồi ra nắm xe tải kéo ra như kéo xe đồ chơi dị ba,ủa rồi ra nắm xe tải kéo ra như kéo xe đồ chơi dị ba
Sadness,từ bé đến giờ mình chưa bao giờ xếp được 1 cái rubic nào thế mà cu nhóc kia xếp xong trong vài giây ! xấu hổ quá,từ bé đến giờ mình chưa bao giờ xếp được 1 cái rubic nào thế mà cu nhóc kia xếp xong trong vài giây xấu hổ quá
Surprise,quá kinh ngạc phá được mọi loại khóa luôn 😑😑😑,quá kinh ngạc phá được mọi loại khóa luôn 😑
Disgust,phòng gym nơi những thằng gay yêu nhau và thông đít nhau :v,phòng gym nơi những thằng gay yêu nhau và thông đít nhau v
Enjoyment,mười mấy năm nữa tao cũng sẽ đạt kỉ lục thôi 😂😂😂,mười mấy năm nữa tao cũng sẽ đạt kỉ lục thôi 😂
Enjoyment,anh thích em rồi đấy 😂,anh thích em rồi đấy 😂
Other,thay đổi cái đau đầu luôn,thay đổi cái đau đầu luôn
Other,cũng chả biết tại sao luôn ...,cũng chả bt tại sao luôn
Enjoyment,có cả chiêu của per trong đấu trường thú nè :))),có cả chiêu của per trong đấu trường thú nè
Sadness,đi chơi mẹ tao cũng không tha cho tao :) chửi tao làm mất buổi vui luôn á,đi chơi mẹ tao cũng không tha cho tao chửi tao làm mất buổi vui luôn á
Sadness,nhớ lúc trước tao cũng có học quyền và múa tứ linh đao bay thẳng vào trán . :),nhớ lúc trước tao cũng có học quyền và múa tứ linh đao bay thẳng vào trán
Enjoyment,per đúng là hồi tđ vẫn một rổ cười mỗi ngày ha =)))),per đúng là hồi tđ vẫn một rổ cười mỗi ngày ha
Disgust,số tiền ấy làm phước cho bao nhiêu người . đúng la dư thừa,số tiền ấy làm phước cho bao nhiêu người đúng la dư thừa
Enjoyment,có đồng nghiệp đáng yêuc thì sếp có khó tánh mình vẫn cảm thấy vui rất nhiều . nhớ những ngày tháng đéo thèm tăng ca đi ăn bất chấp,có đồng nghiệp đáng yêuc thì sếp có khó tánh mình vẫn cảm thấy vui rất nhiều nhớ những ngày tháng đéo thèm tăng ca đi ăn bất chấp
Enjoyment,thế thì nó lại tốt quá,thế thì nó lại tốt quá
Other,má tao coi mà chóng mặt ... cầu này rồi dành cho chân ngắn như tao chắc,má tao coi mà chóng mặt cầu này rồi dành cho chân ngắn như tao chắc
Enjoyment,mặt dày lại ôm cứng ngắt cho chị . 😆,mặt dày lại ôm cứng ngắt cho chị 😆
Enjoyment,per bếp lò xo huyền thoại của ngoại hay nấu nè,per bếp lò xo huyền thoại của ngoại hay nấu nè
Enjoyment,muốn được đi một lần 😆😆😆,muốn được đi một lần 😆
Anger,bo ̣ n na ̀ y cho đi tu ̀ hê ́ tao,bo ̣ n na ̀ y cho đi tu ̀ hê ́ tao
Surprise,thì ra nó là như này à,thì ra nó là như này à
Other,đang họp nhớ gì không nhớ nhớ cái bếp,đang họp nhớ gì không nhớ nhớ cái bếp
Enjoyment,hay cực,hay cực
Anger,dume tao vừa mất 2 phút nhãm nhất cuộc đời tao 😒😒😒,dume tao vừa mất 2 phút nhãm nhất cuộc đời tao 😒
Disgust,per hãy gặp nhau nói bằng mồm từ tỏ tình đến chia tay để không bị cap gửi cho hội chị em =)))))))),per hãy gặp nhau nói bằng mồm từ tỏ tình đến chia tay để không bị cap gửi cho hội chị em
Enjoyment,có sáng tạo :)),có sáng tạo
Other,khi bạn sai mà không muốn đền thì cách tốt nhất nên dọa đối thủ thật mạnh vào @@,khi bạn sai mà không muốn đền thì cách tốt nhất nên dọa đối thủ thật mạnh vào
Other,"tao thì đéo phân biệt đâu là gà đâu là vịt , đâu là nhãn đâu là vải . ????????",tao thì đéo phân biệt đâu là gà đâu là vịt đâu là nhãn đâu là vải
Enjoyment,mắt 2 mí dễ thương quá,mắt 2 mí dễ thương quá
Surprise,s mà nằm viện mà chị đẹp quá vậy,s mà nằm viện mà chị đẹp quá vậy
Sadness,huhu đéo muốn đi học đâu,huhu đéo muốn đi học đâu
Fear,thực ra chủ nó cũng bẩn vãi :) vầy quá kinh dị rồi :),thực ra chủ nó cũng bẩn vãi vầy quá kinh dị rồi
Other,hiểu lầm chút chút,hiểu lầm chút chút
Other,lại thanh niên quay phim khúc cuối ra hỏi chị ơi chị có sao không,lại thanh niên quay phim khúc cuối ra hỏi chị ơi chị có sao không
Enjoyment,hay à ngheng,hay à ngheng
Sadness,ngày ấy chỉ vì quá ngu ngơ mà để lạc mất .,ngày ấy chỉ vì quá ngu ngơ mà để lạc mất
Enjoyment,"giỏi mà 😁, đúng là thằng tây duy nhất ở vn học tiếng việt mà giọng tuy hoà ( giỏi )🤩",giỏi mà 😁 đúng là thằng tây duy nhất ở vn học tiếng việt mà giọng tuy hoà giỏi 🤩
Sadness,t thua cả đứa con nít nữa ám ảnh vãi,tao thua cả đứa con nít nữa ám ảnh vãi
Anger,eo hiểu người ta đỗ lòng đường vỉa hè thì rộng . chỉ lên nhắc người ta đỗ lùi xuống không ngã 3 thôi chứ đường của các bà đâu . có thế cũng đưa lên . ko ai bênh cái này đâu . ích kỉ nó vừa thôi,eo hiểu người ta đỗ lòng đường vỉa hè thì rộng chỉ lên nhắc người ta đỗ lùi xuống không ngã 3 thôi chứ đường của các bà đâu có thế cũng đưa lên không ai bênh cái này đâu ích kỉ nó vừa thôi
Other,per bảo này mày không được đi chơi đêm nhé,per bảo này mày không được đi chơi đêm nhé
Enjoyment,chủ như này lại chăm làm vãi =)),chủ như này lại chăm làm vãi
Anger,"ngày đéo nào cũng đòi người yêu , sinh nhật bác hồ hay quốc khánh cũng đéo thấy tha 😕",ngày đéo nào cũng đòi người yêu sinh nhật bác hồ hay quốc khánh cũng đéo thấy tha 😕
Enjoyment,móe . con nhện . cười đau cả ruột .,móe con nhện cười đau cả ruột
Enjoyment,coi mà hồi hộp vãi 😂😂😂... nghỉ tới khúc nó nhảy trượt rớt xún chắc bó chửi banh nóc ... v,coi mà hồi hộp vãi 😂 nghỉ tới khúc nó nhảy trượt rớt xún chắc bó chửi banh nóc vậy
Enjoyment,trai đẹp nó yêu nhâu hết rồi các chế ơi ... tranh thủ quơ được thằng nào quơ đi không thì hết đó kkkk,trai đẹp nó yêu nhâu hết rồi các chế ơi tranh thủ quơ được thằng nào quơ đi không thì hết đó không
Enjoyment,dễ thương hết sức ??,dễ thương hết sức
Surprise,ô ông này vẫn còn làm video à :v,ô ông này vẫn còn làm video à v
Enjoyment,bố mẹ cho ta đx tồn tại trên cuộc đời này biết nhận thức thì tự đi lên từ đôi tay của mình nhé 😘,bố mẹ cho ta đx tồn tại trên cuộc đời này bt nhận thức thì tự đi lên từ đôi tay của mình nhé 😘
Disgust,anh chơi ác quá,anh chơi ác quá
Sadness,phần còn lại là nỗi nhớ và những lần thở dài :((,phần còn lại là nỗi nhớ và những lần thở dài
Anger,chắc tao đấm chết mẹ nó quá 😠😠,chắc tao đấm chết mẹ nó quá 😠😠
Enjoyment,per mình đi xem phim này nha em ơi,per mình đi xem phim này nha em ơi
Other,từ ngày ra trường là chưa về,từ ngày ra trường là chưa về
Anger,"mọe , chúng mày có thôi đi không ? :)",mọe chúng mày có thôi đi không
Disgust,bố khỉ chó chứ kphai người -.-,bố khỉ chó chứ kphai người
Disgust,1 lũ hèn bỏ mẹ mấy đứa nó cũng thế,1 lũ hèn bỏ mẹ mấy đứa nó cũng thế
Other,per thay vì đọc chuyện ma thì mày có thể coi hết video này :)),per thay vì đọc chuyện ma thì mày có thể coi hết video này
Anger,cay vãi lồn,cay vãi lồn
Surprise,per wow 😂 cảnh bắt nhện kịch tính vãi,per wow 😂 cảnh bắt nhện kịch tính vãi
Fear,per đáng sợ quá,per đáng sợ quá
Other,"per lắp đi , chứ tốn tiền điện thoại lắm",per lắp đi chứ tốn tiền điện thoại lắm
Surprise,viện nào nhìn đẹp thế,viện nào nhìn đẹp thế
Disgust,định share cho mấy bạn trong list fr thêm động lực mà đọc bình luận xong đến tao còn thấy tụt mood 😌,định share cho mấy bạn trong list fr thêm động lực mà đọc bình luận xong đến tao còn thấy tụt mood 😌
Disgust,làm nghề không có tâm 🙂,làm nghề không có tâm 🙂
Disgust,"xong vài tháng sau thằng bạn chung lớp chửi mình chảnh , bố đời .",xong vài tháng sau thằng bạn chung lớp chửi mình chảnh bố đời
Disgust,việt nam học tây chỗ này đây trách gì giờ toàn cô trò rủ nhau vào nhà nghỉ,việt nam học tây chỗ này đây trách gì giờ toàn cô trò rủ nhau vào nhà nghỉ
Surprise,giọng nghe hay quá,giọng nghe hay quá
Surprise,có tiền mua cả cây nhỉ,có tiền mua cả cây nhỉ
Anger,những người nhập cho các chau ăn thịt bẩn đó họ có còn là con người nũa không ? vì tiền mà họ để lương tao bị cho cắm mất rồi . lũ khốn nạn,những người nhập cho các chau ăn thịt bẩn đó họ có còn là con người nũa không vì tiền mà họ để lương tao bị cho cắm mất rồi lũ khốn nạn
Disgust,trước gầy giả gái xinh . giờ béo lên ông mặc cái váy như tra tấn cái váy .,trước gầy giả gái xinh giờ béo lên ông mặc cái váy như tra tấn cái váy
Sadness,nghe lại mà nhớ những ngày tháng say đắm trong nỗi cô đơn,nghe lại mà nhớ những ngày tháng say đắm trong nỗi cô đơn
Enjoyment,đáng yêu thế bà đẹp gê,đáng yêu thế bà đẹp gê
Enjoyment,nhìn đẹp quá đi mất,nhìn đẹp quá đi mất
Sadness,nhói lòng lớp tôi,nhói lòng lớp tôi
Sadness,khổ thân em nó . ??,khổ thân em nó
Fear,"sau khi kết hôn , anh sẽ thuê người giết cô để hưởng trọn tiền bảo hiểm 😌",sau khi kết hôn anh sẽ thuê người giết cô để hưởng trọn tiền bảo hiểm 😌
Other,giá mà thằng lái xe ngồi trong xe oto trông xe thì tốt biết mấy !,giá mà thằng lái xe ngồi trong xe oto trông xe thì tốt bt mấy
Other,dẻo phết ... nhưng mà cái gì dẻo quá cũng không tốt ...😄,dẻo phết nhưng mà cái gì dẻo quá cũng không tốt 😄
Enjoyment,"năm nào bố tao cũng đi , năm nào cũng về kể là đông quá cả tiếng mới nhích được 10m mà năm sau vẫn cứ đúng ngày bố tao lại đi vậy đó =))",năm nào bố tao cũng đi năm nào cũng về kể là đông quá cả tiếng mới nhích được 10m mà năm sau vẫn cứ đúng ngày bố tao lại đi vậy đó
Enjoyment,per câu chuyện này thú vị nhỉ ?,per câu chuyện này thú vị nhỉ
Disgust,"nó dựng lên nó quay đấy , nghe giọng thằng quay như giọng 2 con bede hôm bữa đánh nhau ở quán nước",nó dựng lên nó quay đấy nghe giọng thằng quay như giọng 2 con bede hôm bữa đánh nhau ở quán nước
Enjoyment,cưng hết phần thiên hạ,cưng hết phần thiên hạ
Enjoyment,cười vui vãi,cười vui vãi
Other,có mà ngược lại ... thời thế thay đổi rồi,có mà ngược lại thời thế thay đổi rồi
Other,tài sản thời bao cấp ...,tài sản thời bao cấp
Other,tưởng tượng như vừa lắp não thì lại rớt ... đại loại như vậy đó 🤣🤣🤣,tưởng tượng như vừa lắp não thì lại rớt đại loại như vậy đó 🤣
Enjoyment,hay lắm chàng trai trẻ,hay lắm chàng trai trẻ
Other,nhưng những người làm trong các ngành này không mấy ai có nhiều nhà to và nhiều đất đai,nhưng những người làm trong các ngành này không mấy ai có nhiều nhà to và nhiều đất đai
Surprise,ăn gì khôn thế,ăn gì khôn thế
Anger,tiên sư bố mày vỡ màn hình tao rồu,tiên sư bố mày vỡ màn hình tao rồu
Enjoyment,áo xinh thế .. cho tớ mượn đi tiệc nhé !,áo xinh thế cho tớ mượn đi tiệc nhé
Enjoyment,per hả dạ ghê mày !,per hả dạ ghê mày
Sadness,mày làm tao buồn đó per ??,mày làm tao buồn đó per
Other,ai cho xin bài nhạc helo đi :)),ai cho xin bài nhạc helo đi
Enjoyment,giá như nơi nào cũng có 1 đội như vậy thì những người đi khuya xe hư đỡ khổ biết bao . thật là hành động đáng chia sẻ,giá như nơi nào cũng có 1 đội như vậy thì những người đi khuya xe hư đỡ khổ bt bao thật là hành động đáng chia sẻ
Sadness,chuẩn bị kiểm tra hình huhu :((,chuẩn bị kiểm tra hình huhu
Enjoyment,em vẫn nhớ cái bếp này kkk,em vẫn nhớ cái bếp này không
Anger,bọn này phải cho nó thưởng thức dống như nó đã làm với cây bao nhiêu cây thì bấy nhiêu mũi,bọn này phải cho nó thưởng thức dống như nó đã làm với cây bao nhiêu cây thì bấy nhiêu mũi
Surprise,7 năm rồi . nhanh quá,7 năm rồi nhanh quá
Sadness,rụng tim 😭,rụng tim 😭
Disgust,admin đăng mà không nghi nguồn ở đâu ra đúng là ăn cắp bản quyền,admin đăng mà không nghi nguồn ở đâu ra đúng là ăn cắp bản quyền
Disgust,"nhìn là biết cái quả này fa lâu lắm rồi này , cũng may chưa đóng 🕸🕸🕸😂",nhìn là bt cái quả này độc thân lâu lắm rồi này cũng may chưa đóng 🕸😂
Disgust,chưa chi đã để thua từ hình ảnh này . thua,chưa chi đã để thua từ hình ảnh này thua
Sadness,một cái vẫy tay đầy luyến tiếc từ cuộc họp tới đất nước việt nam,một cái vẫy tay đầy luyến tiếc từ cuộc họp tới đất nước việt nam
Other,cũng đừng nghĩ là những người ân cần nhẹ nhàng với mày là tốt . xã hội bây giờ không tin bố con thằng nào được,cũng đừng nghĩ là những người ân cần nhẹ nhàng với mày là tốt xã hội bây giờ không tin bố con thằng nào được
Enjoyment,mỉa mai cực mạnh =)),mỉa mai cực mạnh
Sadness,chưa bao giờ bắn trúng 😬,chưa bao giờ bắn trúng 😬
Other,trừ chết ra thì mọi chuyện đều có thể giải quyết 💪,trừ chết ra thì mọi chuyện đều có thể giải quyết 💪
Enjoyment,🙂 thanh xuân của em đã từng có khoảng time tươi đẹp,🙂 thanh xuân của em đã từng có khoảng time tươi đẹp
Anger,"đánh bố mày như này xem , bố túm được 1 con bố xiên chết cụ mày",đánh bố mày như này xem bố túm được 1 con bố xiên chết cụ mày
Enjoyment,mai tao cũng đi ship mới được . có bài này áp dụng luôn .,mai tao cũng đi ship mới được có bài này áp dụng luôn
Surprise,vũ khí sinh học này mạnh thật !,vũ khí sinh học này mạnh thật
Enjoyment,"chồng biết không , hihi",chồng bt không hihi
Other,per vợ thích bếp ga mini hay loại bếp ga đôi nào 😂😂😂😂,per vợ thích bếp ga mini hay loại bếp ga đôi nào 😂
Other,giả sử mà bị thằng nào bỏ túi cả lọ nó có chửi không nhỉ,giả sử mà bị thằng nào bỏ túi cả lọ nó có chửi không nhỉ
Other,"mỗi lần mẹ tao sai tao nhóm lửa , chắc tao nhóm hết 40 tờ giấy , và 1 tiếng sau mớii có lửa 😌",mỗi lần mẹ tao sai tao nhóm lửa chắc tao nhóm hết 40 tờ giấy và 1 tiếng sau mớii có lửa 😌
Enjoyment,giờ mới biết =)),giờ mới bt
Other,per hôm nay tới lượt đứa nào nấu cơm,per hôm nay tới lượt đứa nào nấu cơm
Anger,dm kiện cho đi tù chết mẹ đi,địt mẹ kiện cho đi tù chết mẹ đi
Disgust,mặt con ngáo còn hiền hơn con đứng trên cây cột,mặt con ngáo còn hiền hơn con đứng trên cây cột
Sadness,chả bù cho con ml này . đợi mãi không thấy nó về . hy vọng em không bị bọn xấu bắt lên dĩa là tốt rồi :(,chả bù cho con ml này đợi mãi không thấy nó về hy vọng em không bị bọn xấu bắt lên dĩa là tốt rồi
Sadness,ng ta cuối cùng thì cũng được còn tôi thì never 😞,ng ta cuối cùng thì cũng được còn tôi thì never 😞
Enjoyment,dễ thương vãi =))),dễ thương vãi
Disgust,cô chủ nhiệm óc chó quá,cô chủ nhiệm óc chó quá
Disgust,mấy thằng vô học,mấy thằng vô học
Enjoyment,chuột nhìn thấy mèo sợ là đúng rồi =)),chuột nhìn thấy mèo sợ là đúng rồi
Enjoyment,hè về chỉ thích ăn cái này .,hè về chỉ thích ăn cái này
Enjoyment,per trời đựu cầu hôn nó phải thế . đã đẹp trai còn có não,per trời đựu cầu hôn nó phải thế đã đẹp trai còn có não
Enjoyment,qua câu chuyện vừa bịa ra tôi hi vọng các bạn sẽ có cái nhìn thoáng hơn về csgt việt nam 😂😂,qua câu chuyện vừa bịa ra tôi hi vọng các bạn sẽ có cái nhìn thoáng hơn về csgt việt nam 😂😂
Other,chúng mày ngồi canh đó cho tao . có con muỗi nào hó hé là ăn liền ??,chúng mày ngồi canh đó cho tao có con muỗi nào hó hé là ăn liền
Fear,"thứ yêu nghiệt , nhỏ g vẫn sợ nó nhất sau mấy con lắm chân t . t",thứ yêu nghiệt nhỏ g vẫn sợ nó nhất sau mấy con lắm chân tao tao
Sadness,quá ý nghĩa . mình trẻ mà chắc gì làm được vậy,quá ý nghĩa mình trẻ mà chắc gì làm được vậy
Disgust,"thôi , bớt bớt đi không có ngày lại thiệt thân , nguyên 1 cái vỉa hè rộng thênh thang còn lắm chuyện , lúc nó đánh cho lại bảo bạo lực với nữ",thôi bớt bớt đi không có ngày lại thiệt thân nguyên 1 cái vỉa hè rộng thênh thang còn lắm chuyện lúc nó đánh cho lại bảo bạo lực với nữ
Enjoyment,trời ơi . dễ thương quá luôn ❤️❤️,trời ơi dễ thương quá luôn ❤️❤️
Other,cho hỏi cây cầu này ở đâu vậy ... ai biết chỉ dùm tôi cảm ơn ! 😂,cho hỏi cây cầu này ở đâu vậy ai bt chỉ dùm tôi cảm ơn 😂
Enjoyment,đcm ngôn tình vãiiii,địt cụ mày ngôn tình vãi
Sadness,rồi đất nước mình sẽ đi về đâu .:'(,rồi đất nước mình sẽ đi về đâu
Other,thời buổi này là thằng con trai trước hết phải có khả năng kinh tế phải nuôi được bố mẹ rồi hãy tính đến chuyện kết hôn,thời buổi này là thằng con trai trước hết phải có khả năng kinh tế phải nuôi được bố mẹ rồi hãy tính đến chuyện kết hôn
Sadness,"chịu hay không không quan trọng , quan trọng là không có ai lấy",chịu hay không không quan trọng quan trọng là không có ai lấy
Other,"có hay không là ở nơi ta , đời không thú vị nhưng ta lại thấy thú vị khi được sống ở đời",có hay không là ở nơi ta đời không thú vị nhưng ta lại thấy thú vị khi được sống ở đời
Sadness,ngoài những bài chia tay vì lí do vớ vẩn ra thì neu cũng có những bài đăng đọc rồi còn nhớ mãi .,ngoài những bài chia tay vì lí do vớ vẩn ra thì neu cũng có những bài đăng đọc rồi còn nhớ mãi
Disgust,dm . nó xấu cả tính lẫn nết bố đẻ . nó còn không chịu . được thằng nào bốc nó đi cái,địt mẹ nó xấu cả tính lẫn nết bố đẻ nó còn không chịu được thằng nào bốc nó đi cái
Other,không thuộc kịch bản chuẩn mẹ rồi,không thuộc kịch bản chuẩn mẹ rồi
Other,khi đời quá mệt mỏi . đi tìm 1 chút drama,khi đời quá mệt mỏi đi tìm 1 chút drama
Other,chỉ là nóng quá tắm cho mát thôi mà,chỉ là nóng quá tắm cho mát thôi mà
Enjoyment,cho em xin tên facebook của c trong video để khi buồn em có thứ mua vui ạ . cám ơn mọi người,cho em xin tên facebook của c trong video để khi buồn em có thứ mua vui ạ cám ơn mọi người
Enjoyment,per bị chữi thì ráng nghe mà vui đi nghe . cứ như nghe hát miễn phí 🤣🤣 còn bị chữi là còn hạnh phúc . nguoi ngoài ngọt ngào nhưng chắc gì đã thật lòng đâu,per bị chữi thì ráng nghe mà vui đi nghe cứ như nghe hát miễn phí 🤣🤣 còn bị chữi là còn hạnh phúc nguoi ngoài ngọt ngào nhưng chắc gì đã thật lòng đâu
Disgust,trời ơi ai nuôi chó mà để nó tội thế kia . đéo có trách nhiệm,trời ơi ai nuôi chó mà để nó tội thế kia đéo có trách nhiệm
Disgust,"yêu nhau lắm cắn nhau đau , tao thấy dòng chảy tiền kiếp của 2 đứa mày là vậy",yêu nhau lắm cắn nhau đau tao thấy dòng chảy tiền kiếp của 2 đứa mày là vậy
Disgust,"mày đấy , đừng làm tao đau đầu thêm",mày đấy đừng làm tao đau đầu thêm
Surprise,thật không thể tin được,thật không thể tin được
Fear,có đứa nào vừa xem vừa sờ tai mình không ? sợ vãi :<<<,có đứa nào vừa xem vừa sờ tai mình không sợ vãi
Enjoyment,truyện thật đây này . đang đi bình thường qua đoạn cầu giấy anh csgt thổi lại “ gạt chân chống lên em . anh nhắc nhỉ thôi . đi đi “ 😂 hú hồn,truyện thật đây này đang đi bình thường qua đoạn cầu giấy anh csgt thổi lại “ gạt chân chống lên em anh nhắc nhỉ thôi đi đi “ 😂 hú hồn
Other,nhìn như nó muốn dẫn nhỏ đó đi đâu ấy,nhìn như nó muốn dẫn nhỏ đó đi đâu ấy
Enjoyment,ổng đang chán ai tán yêuc luôn 😂😂,ổng đang chán ai tán yêuc luôn 😂😂
Disgust,camry nhập thường cán bộ . mà cán bộ anh em hiểu rồi,camry nhập thường cán bộ mà cán bộ anh em hiểu rồi
Enjoyment,"các chuỵ của iemm hoang sury lưu cẩm ly vui quá cơ , ghét nhau lắm có yêu thương gì đâu 😆😁😁😁",các chuỵ của iemm hoang sury lưu cẩm ly vui quá cơ ghét nhau lắm có yêu thương gì đâu 😆😁
Enjoyment,"cưng vậy trời , anh cho em xin ảnh nha ạ",cưng vậy trời anh cho em xin ảnh nha ạ
Other,"bà này đéo gặp mình nhỉ , đọ luôn",bà này đéo gặp mình nhỉ đọ luôn
Sadness,"tao nghĩ chắc do kiếp trước mình tu chưa thành tâm nên kiếp này cuộc đời tao như 1 trò đùa , tạo hóa ghẻ lạnh . chán đời :)))))",tao nghĩ chắc do kiếp trước mình tu chưa thành tâm nên kiếp này cuộc đời tao như 1 trò đùa tạo hóa ghẻ lạnh chán đời
Disgust,biết đâu nó không thích bạn mà chỉ tiếp cận bạn vì đã lỡ yêu thằng bạn thân của bạn,bt đâu nó không thích bạn mà chỉ tiếp cận bạn vì đã lỡ yêu thằng bạn thân của bạn
Enjoyment,thông minh :v,thông minh v
Anger,bọn này không phải là người . cho đi tù hết . chỉ sợ nó có tiền nó bịt miệng thôi,bọn này không phải là người cho đi tù hết chỉ sợ nó có tiền nó bịt miệng thôi
Sadness,"ôi đời vẫn là chịu không nỗi đời mà , chán",ôi đời vẫn là chịu không nỗi đời mà chán
Enjoyment,là crush ông nào thì chạy ra bế vào nhà dễ dàng có người yêu :),là người mình thích ông nào thì chạy ra bế vào nhà dễ dàng có người yêu
Anger,per thế lol nào lần nào đến fucklong uống cũng gặp ex - đồng nghiệp đứng cửa chào tụt mút đéo muốn uống nữa :),per thế lol nào lần nào đến fucklong uống cũng gặp người yêu cũ đồng nghiệp đứng cửa chào tụt mút đéo muốn uống nữa
Other,"nên nhớ chẳng có cơn giận nào chẳng bùng nỗ , chỉ là nó đang bị nén lại .",nên nhớ chẳng có cơn giận nào chẳng bùng nỗ chỉ là nó đang bị nén lại
Disgust,"bạn này không biết cách dọn phòng rồi , phải áp dụng hóa học vào đây nhé , mút sẽ bị tan chảy khi tẩm xăng vào , cho nên bạn cần phải đổ xăng vào mút , việc tiếp theo là ta cần 1 ngọn lửa",bạn này không bt cách dọn phòng rồi phải áp dụng hóa học vào đây nhé mút sẽ bị tan chảy khi tẩm xăng vào cho nên bạn cần phải đổ xăng vào mút việc tiếp theo là ta cần 1 ngọn lửa
Sadness,người yêu tao bỏ tao rồi :(,người yêu tao bỏ tao rồi
Enjoyment,giờ còn lo học sánh vai với cường quốc 5 châu ai lại đi cưới chồng bây giờ :)))),giờ còn lo học sánh vai với cường quốc 5 châu ai lại đi cưới chồng bây giờ
Enjoyment,đâu phải ai muốn thích tao cũng được đâu,đâu phải ai muốn thích tao cũng được đâu
Enjoyment,hạnh phúc thật :)),hạnh phúc thật
Other,bọn này lại muốn nổi rồi !,bọn này lại muốn nổi rồi
Other,ờ thì 1 con ngựa ăn cả tàu bỏ cỏ vì con ngựa nó ăn hết cỏ rồi 😂😂😂,ờ thì 1 con ngựa ăn cả tàu bỏ cỏ vì con ngựa nó ăn hết cỏ rồi 😂
Other,nó hiền thôi chứ nó hung lại đấm cho không trượt phát lào . 🤣,nó hiền thôi chứ nó hung lại đấm cho không trượt phát lào 🤣
Surprise,ủa chuyển biến bất ngờ vậy,ủa chuyển biến bất ngờ vậy
Anger,"quỳ rồi chết ông chết bà chúng mày à ? tao hồi xưa đi học còn ăn cây như cơm bữa , véo tai mỗi ngày ? dume học thì ngu phá thì giỏi bắt quỳ là nhẹ rồi ở đó mà gáy con cặc",quỳ rồi chết ông chết bà chúng mày à tao hồi xưa đi học còn ăn cây như cơm bữa véo tai mỗi ngày dume học thì ngu phá thì giỏi bắt quỳ là nhẹ rồi ở đó mà gáy con cặc
Other,dume đáng yêu vãi để tao vào chăm mày,dume đáng yêu vãi để tao vào chăm mày
Disgust,nghe tiếng ăn tợp tợp ám ảnh quá,nghe tiếng ăn tợp tợp ám ảnh quá
Other,thử im lặng xem như nào,thử im lặng xem như nào
Sadness,thôi mình nói đùa đấy :(,thôi mình nói đùa đấy
Disgust,ít bị trầm cảm với vui vẻ đâu không thấu chứ ế sấp mặt vì không giống gái là có à,ít bị trầm cảm với vui vẻ đâu không thấu chứ ế sấp mặt vì không giống gái là có à
Enjoyment,bạn này yêu bố nhiều lắm mới vui vì bị bố mắng . chứ ai đời bị la mắng mà kể lại cho người khác nghe mà vui đến thế,bạn này yêu bố nhiều lắm mới vui vì bị bố mắng chứ ai đời bị la mắng mà kể lại cho người khác nghe mà vui đến thế
Sadness,"hôm bữa 2 bình siro dâu thấy tiếc , nay bình mật ong còn tiếc hơn",hôm bữa 2 bình siro dâu thấy tiếc nay bình mật ong còn tiếc hơn
Surprise,không làm gì cũng thành fan cứng là sao ?,không làm gì cũng thành fan cứng là sao
Enjoyment,đoạn nộp bài kiểm tra mới tức cười ông thầy :)),đoạn nộp bài kiểm tra mới tức cười ông thầy
Other,"má , 1 ngày tao ho 3 4 lần . tao có nên dừng ho lại không mày",má 1 ngày tao ho 3 4 lần tao có nên dừng ho lại không mày
Enjoyment,có ai xem xong không sợ với không giật mình như tao không @@,có ai xem xong không sợ với không giật mình như tao không
Surprise,per wow,per wow
Disgust,anh ơi đấm nó một cái cho em nhé sống mất dậy đéo tả được,anh ơi đấm nó một cái cho em nhé sống mất dậy đéo tả được
Other,gần có tiền để mua,gần có tiền để mua
Enjoyment,dễ thở hơn so với đề văn sáng nay 😂😂😂,dễ thở hơn so với đề văn sáng nay 😂
Other,tao đã làm theo video này và kết quả là .... thôi cán bộ kêu tao quét dọn rồi quét xong tao kể tiếp,tao đã làm theo video này và kết quả là thôi cán bộ kêu tao quét dọn rồi quét xong tao kể tiếp
Enjoyment,""" tụi mình tuy không yêu nhau hai lần , nhưng nếu có cơ hội ... anh chắc chắn vẫn tặng em đoá hồng đẹp nhất """,tụi mình tuy không yêu nhau hai lần nhưng nếu có cơ hội anh chắc chắn vẫn tặng em đoá hồng đẹp nhất
Surprise,ko phải để xé giấy ak ?,không phải để xé giấy ak
Enjoyment,chúc mừng,chúc mừng
Sadness,1 thời gắn bó với nó . nhớ lại ngày xưa cực khổ,1 thời gắn bó với nó nhớ lại ngày xưa cực khổ
Other,xem ra giá cả và chất lượng mà không oke thì không ổn ...,xem ra giá cả và chất lượng mà không ok thì không ổn
Sadness,ước gì ba còn sống để làm điều đó với má . nhớ ba ❤️,ước gì ba còn sống để làm điều đó với má nhớ ba ❤️
Fear,có chuyện gì thê bố . bố đừng làm con sợ :((,có chuyện gì thê bố bố đừng làm con sợ
Disgust,lêu lêu mày :)) đồ con chó không có mẹ ẳm :)),lêu lêu mày đồ con chó không có mẹ ẳm
Other,đang tìm ra 1 điểm sai nào đó nhưng có lẽ không có :),đang tìm ra 1 điểm sai nào đó nhưng có lẽ không có
Enjoyment,bộ phim đáng xem đó mấy man,bộ phim đáng xem đó mấy man
Other,per quan trọng là phải có hội nói sấu sếp :v,per quan trọng là phải có hội nói sấu sếp v
Enjoyment,bà nuốt quả chuối tao cười tao ẻ,bà nuốt quả chuối tao cười tao ẻ
Sadness,😭😭😭 sinh lão bệnh tử hẹn gặp kiếp sau,😭 sinh lão bệnh tử hẹn gặp kiếp sau
Sadness,tao đa khóc khi xem phim này 😭😭😭😭😭,tao đa khóc khi xem phim này 😭
Enjoyment,"con mong bác dù nghèo nhưng sống luôn luôn vv , chúc bác 1 đời bình an",con mong bác dù nghèo nhưng sống luôn luôn vv chúc bác 1 đời bình an
Enjoyment,thương nhau còn chả hết dỗi nhau làm chi 😂,thương nhau còn chả hết dỗi nhau làm chi 😂
Disgust,đéo bao giờ luôn :),đéo bao giờ luôn
Enjoyment,"câu này lên "" nhanh như chớp "" được nờ 🤣",câu này lên nhanh như chớp được nờ 🤣
Disgust,ý thức của thằng lái xe đấy kém quá cho lên nó phải chả giá bằng tiền mặt thôi . không có gì phải chách ai cả .,ý thức của thằng lái xe đấy kém quá cho lên nó phải chả giá bằng tiền mặt thôi không có gì phải chách ai cả
Sadness,yêu quá đi mất . tuổi thơ của mình toàn nện mấy thằng con trai . trong lớp mình toàn làm xếp nên chẳng được giúp đỡ,yêu quá đi mất tuổi thơ của mình toàn nện mấy thằng con trai trong lớp mình toàn làm xếp nên chẳng được giúp đỡ
Anger,ngứa mắt lắm à nhen,ngứa mắt lắm à nhen
Enjoyment,phìm này rất rất hay đôi với ai sống hướng nội !,phìm này rất rất hay đôi với ai sống hướng nội
Fear,e vừa bị điện cao thế giật hôm 17 chạp . bh nhìn cái ông này mà sợ .,e vừa bị điện cao thế giật hôm 17 chạp bh nhìn cái ông này mà sợ
Other,đây là kiểu tự tay bóp dái nè,đây là kiểu tự tay bóp dái nè
Sadness,tận cùng của tan vỡ ah có biết là gì không ?,tận cùng của tan vỡ ah có bt là gì không
Disgust,gặp tao thì tao khinh,gặp tao thì tao khinh
Other,"năm ngoái lấy ghế ra ngồi rồi , năm nay lấy xe chạy ra đường để nhìn cho rõ",năm ngoái lấy ghế ra ngồi rồi năm nay lấy xe chạy ra đường để nhìn cho rõ
Other,quan trọng vẫn là cái phải đẹp trai . rồi mới sau đó nữa ... lạ gì các bà,quan trọng vẫn là cái phải đẹp trai rồi mới sau đó nữa lạ gì các bà
Sadness,"per hay đó bro , trừ điểm bro chưa bao ăn :)) - 10",per hay đó bro trừ điểm bro chưa bao ăn 10
Anger,mất trật tự thôi có cần phải z không bắt đứng là được rồi cùng lắm là mời phụ huynh vô nói trao đổi có cần phải bắt quỳ trước lớp z không như z khác nào chà đạp lòng tự trọng của nó .,mất trật tự thôi có cần phải vậy không bắt đứng là được rồi cùng lắm là mời phụ huynh vô nói trao đổi có cần phải bắt quỳ trước lớp vậy không như vậy khác nào chà đạp lòng tự trọng của nó
Sadness,moá hồi hợp chờ main thắng ai dè thua bởi cái mông huhu,moá hồi hợp chờ main thắng ai dè thua bởi cái mông huhu
Other,mình hiền mà lúc cáu là chỉ im lặng không nói gì thì là sao ta 🤔,mình hiền mà lúc cáu là chỉ im lặng không nói gì thì là sao ta 🤔
Disgust,toàn để báo nó giật tít không thèm đọc cả bài rồi giãy nảy lên như đỉa phải vôi,toàn để báo nó giật tít không thèm đọc cả bài rồi giãy nảy lên như đỉa phải vôi
Sadness,buồn vì mình không giúp được gì cho ai . nhìn những người khác khổ hơn mình mà thấy thương họ,buồn vì mình không giúp được gì cho ai nhìn những người khác khổ hơn mình mà thấy thương họ
Other,per muốn nói gì phải ngó trước ngó sau không chi mất đầu như chơi 😂😂,per muốn nói gì phải ngó trước ngó sau không chi mất đầu như chơi 😂😂
Disgust,"câu chốt .... "" chuyện cổ tích per "".... thôi tao quỳ ...",câu chốt chuyện cổ tích per thôi tao quỳ
Disgust,"chán đời các thanh niên , dơ nhục chứ hay ho đéo gì",chán đời các thanh niên dơ nhục chứ hay ho đéo gì
Surprise,"nhìn 1 hồi thấy quen quen , ai ngờ đúng thật :)))))))",nhìn 1 hồi thấy quen quen ai ngờ đúng thật
Enjoyment,"những chuyện trọng đại trong đời ... ta cứ nghe lời vợ khuyên , và làm ngược lại ắt thành công ????",những chuyện trọng đại trong đời ta cứ nghe lời vợ khuyên và làm ngược lại ắt thành công
Other,lại cho lên chơi với các cụ 😌😌😌,lại cho lên chơi với các cụ 😌
Fear,không muốn yêu ai cả,không muốn yêu ai cả
Sadness,bộ cuối nhìn đau lòng thật :(,bộ cuối nhìn đau lòng thật
Enjoyment,động lực của phan con gái,động lực của phan con gái
Other,đẹp không,đẹp không
Enjoyment,ý nghĩa và đáng suy ngẫm thật,ý nghĩa và đáng suy ngẫm thật
Disgust,chó đã biết chê cứt,chó đã bt chê cứt
Fear,sợ vãi linh hồn 😞,sợ vãi linh hồn 😞
Enjoyment,đi đâu cũng ngó ngang ngó dọc để được nhìn thấy crush 😂 ngóng nó đến mức cổ dài ra hẳn mấy cái 😂,đi đâu cũng ngó ngang ngó dọc để được nhìn thấy người mình thích 😂 ngóng nó đến mức cổ dài ra hẳn mấy cái 😂
Enjoyment,đúng vậy dù có mệt mà đồng nghiệp nhiệt tình vui vẻ là cùng muốn đi hoài,đúng vậy dù có mệt mà đồng nghiệp nhiệt tình vui vẻ là cùng muốn đi hoài
Enjoyment,cái ông aamir khan đóng phim nao cũng hay và ý nghia het,cái ông aamir khan đóng phim nao cũng hay và ý nghia het
Sadness,rồi chưng ngắn như tao sao nhảy qua 😿,rồi chưng ngắn như tao sao nhảy qua 😿
Disgust,"rốt cục sao chúng nó mò về tận nhà bạn nhỉ , kinh vãi",rốt cục sao chúng nó mò về tận nhà bạn nhỉ kinh vãi
Other,vỉa hè rộng thênh thang mà nhỉ,vỉa hè rộng thênh thang mà nhỉ
Enjoyment,bếp dầu ngày xưa thật ý nghĩa,bếp dầu ngày xưa thật ý nghĩa
Sadness,lâu rất lâu mới gặp được lần rồi liết mắt nhìn cái :)))) chưa thấy nó cười,lâu rất lâu mới gặp được lần rồi liết mắt nhìn cái chưa thấy nó cười
Enjoyment,giận lại là cách giải quyết nhanh nhất . để khẳng định là mình luôn đúng 😃,giận lại là cách giải quyết nhanh nhất để khẳng định là mình luôn đúng 😃
Disgust,nhìn ghét nhỉ :)),nhìn ghét nhỉ
Sadness,tao chả nhớ ngày tháng năm sinh của mẹ tao và ngược lại :((,tao chả nhớ ngày tháng năm sinh của mẹ tao và ngược lại
Enjoyment,em ấy còn cười được chứng tỏ em rất mạnh mẽ,em ấy còn cười được chứng tỏ em rất mạnh mẽ
Other,lấy rơm nấu cơm và cái kết,lấy rơm nấu cơm và cái kết
Disgust,có án rồi đừng làm trò . anh hùng rồi lại quay lại trại đấy :))),có án rồi đừng làm trò anh hùng rồi lại quay lại trại đấy
Disgust,hư hỏg cả thế hệ,hư hỏg cả thế hệ
Enjoyment,cảm ơn . anh .,cảm ơn anh
Enjoyment,mất tiền khôn cũng đáng mà .,mất tiền khôn cũng đáng mà
Enjoyment,"thương vãi , yêu vãi 😍😍😍 tao cũng thèm có em",thương vãi yêu vãi 😍 tao cũng thèm có em
Other,per nơi tình yêu bắt đầu kìa bao nhiêu,per nơi tình yêu bắt đầu kìa bao nhiêu
Enjoyment,đúng cát bà rồiii ~,đúng cát bà rồi
Fear,"có ai nhìn thấy giun đang bò trong ảnh không , sợ vãi",có ai nhìn thấy giun đang bò trong ảnh không sợ vãi
Sadness,tao đau lòng quá,tao đau lòng quá
Surprise,ồ ra thế . tớ sẽ lưu ý :)) mong sẽ có cơ hội sờ nó . nhìn như cục bông í uwu,ồ ra thế tớ sẽ lưu ý mong sẽ có cơ hội sờ nó nhìn như cục bông í uwu
Enjoyment,xem giải trí thật,xem giải trí thật
Enjoyment,giờ mới hiểu tại sao lúc đầu nhà hàng không cho đặt chỗ ..... má nó li hôn 3 lần rồi lần nào cũng phải giảm giá 30 % nó ly hôn thêm vài lần nữa chắc sập bà nó tiệm,giờ mới hiểu tại sao lúc đầu nhà hàng không cho đặt chỗ má nó li hôn 3 lần rồi lần nào cũng phải giảm giá 30 nó ly hôn thêm vài lần nữa chắc sập bà nó tiệm
Disgust,đã ngu lại con tỏ ra nguy hiểm .,đã ngu lại con tỏ ra nguy hiểm
Sadness,giống tao . nhưng cô ấy có hiểu đâu,giống tao nhưng cô ấy có hiểu đâu
Enjoyment,uất quá anh ấy cũng phản ứng cãi lại . hì hì đáng yêu quá,uất quá anh ấy cũng phản ứng cãi lại hì hì đáng yêu quá
Sadness,nhà tao có nhưng nó rỉ sét hết rồi :((,nhà tao có nhưng nó rỉ sét hết rồi
Anger,người mất dậy thật thì không bao giờ cảm thấy mình mất dậy . và người mất dạy thì cứ địt mẹ người khác và nói người khác là người mất dạy . tôi nhầm hành tinh chuẩn mẹ rồi .,người mất dậy thật thì không bao giờ cảm thấy mình mất dậy và người mất dạy thì cứ địt mẹ người khác và nói người khác là người mất dạy tôi nhầm hành tinh chuẩn mẹ rồi
Enjoyment,hồi bé bị ghiền mùi này :)))),hồi bé bị ghiền mùi này
Enjoyment,lạy ông nào nghĩ ra kịch này !!!,lạy ông nào nghĩ ra kịch này
Sadness,thấy tội nó ghê ????,thấy tội nó ghê
Enjoyment,"thiệt là cao minh , hahaaa",thiệt là cao minh haha
Other,tao chơi với con trai nhiều nên tao mất lòng tin vào con trai rồi,tao chơi với con trai nhiều nên tao mất lòng tin vào con trai rồi
Other,tốt nhất là phải sử phạt thật nặng thì các trường hợp như vậy mới không tiếp tục xảy ra,tốt nhất là phải sử phạt thật nặng thì các trường hợp như vậy mới không tiếp tục xảy ra
Other,dĩa bay . trả lại để tôi về,dĩa bay trả lại để tôi về
Enjoyment,"per cố gắng lên nha anh , mọi điều tốt đep đang chờ anh 💓💓",per cố gắng lên nha anh mọi điều tốt đep đang chờ anh 💓💓
Sadness,per 2 ly trà sữa bạn làm rơi mà chưa thấy bồi thường lại mình 😞,per 2 ly trà sữa bạn làm rơi mà chưa thấy bồi thường lại mình 😞
Enjoyment,ỏ đáng yêu =))),ỏ đáng yêu
Disgust,hết hồn . sợ quá nhỉ . nhạt !,hết hồn sợ quá nhỉ nhạt
Sadness,chắc phát khóc mất 😭,chắc phát khóc mất 😭
Enjoyment,những người thương tôi không phải buồn vì tôi mà là tự hào vì tôi,những người thương tôi không phải buồn vì tôi mà là tự hào vì tôi
Disgust,"10 triệu có lẻ quá ít so với số tiền mà bọn nầy được thê để phá hoại cả một nền chăn nuôi gia súc nói riêng , cả một nền kinh tế nói chung ,,,,",10 triệu có lẻ quá ít so với số tiền mà bọn nầy được thê để phá hoại cả một nền chăn nuôi gia súc nói riêng cả một nền kinh tế nói chung
Enjoyment,cười ỉa thánh nào làm video này,cười ỉa thánh nào làm video này
Other,bài này quen quen,bài này quen quen
Fear,rất nguy hiểm,rất nguy hiểm
Sadness,nhìn quả mặt của nó thì tao công nhận thất tình thật đáng thương ?,nhìn quả mặt của nó thì tao công nhận thất tình thật đáng thương
Sadness,tội quá . thương em,tội quá thương em
Disgust,mập mà xinh nó sẽ khác mập và xấu - _ -,mập mà xinh nó sẽ khác mập và xấu
Other,đồng nghiệp là ai kệ mẹ nó quan trọng lương bao nhiêu,đồng nghiệp là ai kệ mẹ nó quan trọng lương bao nhiêu
Sadness,mỗi mùa trung thu đến nhìn người ta mua bánh tặng nhau mình lại thấy chạnh lòng ! 😞,mỗi mùa trung thu đến nhìn người ta mua bánh tặng nhau mình lại thấy chạnh lòng 😞
Other,khác xưa thật mà,khác xưa thật mà
Enjoyment,khá quá nhể :))),khá quá nhể
Sadness,"t thề mỗi lần dọn phòng sn này thì banh kem , pháo kim tuyến . đủ các thứ . khóc mà bụt nó đéo lên",tao thề mỗi lần dọn phòng sinh nhật này thì banh kem pháo kim tuyến đủ các thứ khóc mà bụt nó đéo lên
Fear,toàn tặng đồ gây sát thương thế kia khả năng bị phản damage là rất cao,toàn tặng đồ gây sát thương thế kia khả năng bị phản damage là rất cao
Enjoyment,"bỏ qua mấy dòg chữ , nhìn khuôn mặt con bé không thể nhịn cười per :))",bỏ qua mấy dòg chữ nhìn khuôn mặt con bé không thể nhịn cười per
Anger,"bọn này đóng điện cho nó đi luôn , giữ làm gì cho chật đất",bọn này đóng điện cho nó đi luôn giữ làm gì cho chật đất
Surprise,tui còn chưa biết sì phố là gì . ổng biết luôn á trời,tui còn chưa bt sì phố là gì ổng bt luôn á trời
Other,hàng cổ rồi anh ơi,hàng cổ rồi anh ơi
Surprise,a cũng ở trong đây à,a cũng ở trong đây à
Disgust,đổi cả cuộc đời giống người tàn tật để được cái video này .,đổi cả cuộc đời giống người tàn tật để được cái video này
Enjoyment,yêu quá hóa điên 🤣,yêu quá hóa điên 🤣
Disgust,"per tao đã khuyên mày rồi mà không nghe , làm màu chi mà tặng hộp quà cho bự để người ta dọn cực khổ đến nỗi đăng lên mxh kìa 😩",per tao đã khuyên mày rồi mà không nghe làm màu chi mà tặng hộp quà cho bự để người ta dọn cực khổ đến nỗi đăng lên mxh kìa 😩
Disgust,"chọn thằng nào không quan trọng , vì đằng nào cũng không có thằng nào nó thích em đâu mà ảo tưởng =))",chọn thằng nào không quan trọng vì đằng nào cũng không có thằng nào nó thích em đâu mà ảo tưởng
Enjoyment,buổi tối vui vẻ và ấm áp nhé đại kỷ nguyên ! tương tác cho hằng khỏi trôi bài nhé !,buổi tối vui vẻ và ấm áp nhé đại kỷ nguyên tương tác cho hằng khỏi trôi bài nhé
Enjoyment,tụi nhỏ dễ thương quá,tụi nhỏ dễ thương quá
Enjoyment,vậy mình xin chúc đk n năm tới không còn cô đơn nữa nha kkkkklk,vậy mình xin chúc được không n năm tới không còn cô đơn nữa nha klk
Disgust,toàn mấy con bán hàng online đăng để cau view thôi phạt nặng vào,toàn mấy con bán hàng online đăng để cau view thôi phạt nặng vào
Sadness,ngày hôm ấy tuyệt đẹp nhưng lại đượm một nỗi buồn ngày mai thôi chg được gặp thầy cô bb lũ chúng tôi khép cánh cửa ấy lại nhìn lại toàn bộ khung cảnh ôi thân thương biết mấy cảnh vật quen thuộc sẽ không được trông thấy nữa,ngày hôm ấy tuyệt đẹp nhưng lại đượm một nỗi buồn ngày mai thôi chg được gặp thầy cô tạm biệt lũ chúng tôi khép cánh cửa ấy lại nhìn lại toàn bộ khung cảnh ôi thân thương bt mấy cảnh vật quen thuộc sẽ không được trông thấy nữa
Disgust,nhỏ mà mất nết,nhỏ mà mất nết
Disgust,200 triệu này lấy từ nguồn ngân sách nào để bồi thường ? hay cứ lấy từ từng đồng tiền thuế của người dân để sửa sai lầm cho 1 cá nhân hay một đơn vị tư pháp ?,200 triệu này lấy từ nguồn ngân sách nào để bồi thường hay cứ lấy từ từng đồng tiền thuế của người dân để sửa sai lầm cho 1 cá nhân hay một đơn vị tư pháp
Disgust,thằng này bị điên chuẩn mẹ rồi,thằng này bị điên chuẩn mẹ rồi
Sadness,đúng là nói thì dễ hành động không bao giờ làm được ))),đúng là nói thì dễ hành động không bao giờ làm được
Other,nhà nước pháp luật việt nam lên tiếng hộ em nó cái,nhà nước pháp luật việt nam lên tiếng hộ em nó cái
Other,theo tao thì mày nên chọn thằg nhiều tiền . đến năm cuối thì mày quay lại chọn với thằg nhiều tiền học bổg . m hỏi vậy là mày được lựa chọn mà . đấy là cách tốt nhất cho người hám tiền như mày,theo tao thì mày nên chọn thằg nhiều tiền đến năm cuối thì mày quay lại chọn với thằg nhiều tiền học bổg mày hỏi vậy là mày được lựa chọn mà đấy là cách tốt nhất cho người hám tiền như mày
Enjoyment,nghe nói 2020 hơn 4tr đàn ông sẽ ế vợ . mình chỉ việc chờ thêm 1 năm nữa thôi là đăng tin tuyển chồng 😂😂,nghe nói 2020 hơn 4tr đàn ông sẽ ế vợ mình chỉ việc chờ thêm 1 năm nữa thôi là đăng tin tuyển chồng 😂😂
Enjoyment,đại học vui lắm cậu :)) weeee,đại học vui lắm cậu we
Disgust,"chú em còn non quá , kêu thu ngân đánh thêm phần phụ thu dọn vệ sinh 200k , không đưa thì kêu bảo vệ không cho lấy xe , đó quy định hầu hết các quán karaok , trường hợp phụ thu là mang đồ ăn ngoài vào , ói trong phòng , và đỗ bia nước ngọt , xả rát kiểu như trong video",chú em còn non quá kêu thu ngân đánh thêm phần phụ thu dọn vệ sinh 200k không đưa thì kêu bảo vệ không cho lấy xe đó quy định hầu hết các quán karaok trường hợp phụ thu là mang đồ ăn ngoài vào ói trong phòng và đỗ bia nước ngọt xả rát kiểu như trong video
Enjoyment,k cần biết nội dung ... nhìn mặt con bé thoy muốn cưới về cho con trai mình ngay rồi 😂😂,không cần bt nội dung nhìn mặt con bé thoy muốn cưới về cho con trai mình ngay rồi 😂😂
Enjoyment,ngày bé nấu hoài không chín . tức rủ mấy đứa ra đốt cả đống rơm nhà hàng xóm,ngày bé nấu hoài không chín tức rủ mấy đứa ra đốt cả đống rơm nhà hàng xóm
Sadness,"crush đi nhậu rồi say , rồi bị thịt ... hic hic",người mình thích đi nhậu rồi say rồi bị thịt hic hic
Disgust,"trong tất cả các con , con mèo là mất dạy nhất …",trong tất cả các con con mèo là mất dạy nhất …
Disgust,"cây hoa sữa thì nói cây hoa sữa đi , tình yêu tình báo gì ra ngửi mùi chắc mất mẹ tình yêu luôn",cây hoa sữa thì nói cây hoa sữa đi tình yêu tình báo gì ra ngửi mùi chắc mất mẹ tình yêu luôn
Enjoyment,thương thương con =)) yêu ghê cơ ý cái mẹt hờn dỗi,thương thương con yêu ghê cơ ý cái mẹt hờn dỗi
Disgust,"cái thế giới loạn hết rồi , loạn thật rồi , trả tao cái đĩa bay",cái thế giới loạn hết rồi loạn thật rồi trả tao cái đĩa bay
Enjoyment,quê ở huyện kế bên mà chưa 1 lần đi =)))),quê ở huyện kế bên mà chưa 1 lần đi
Enjoyment,hãy cười thật tươi để cho cuộc sống của bạn trở nên thật tuyệt vời 😁,hãy cười thật tươi để cho cuộc sống của bạn trở nên thật tuyệt vời 😁
Enjoyment,tuyển ngay về làm nghiên cứu viên cao cấp cho các hãng khóa :d,tuyển ngay về làm nghiên cứu viên cao cấp cho các hãng khóa d
Other,"tao cứ nhìn xong nghĩ , tay nào cầm bút là tay phải ,",tao cứ nhìn xong nghĩ tay nào cầm bút là tay phải
Other,"nó sẽ ra cái ốp , lo gì thiếu đồ chơi",nó sẽ ra cái ốp lo gì thiếu đồ chơi
Disgust,"ờ đúng rồi , có thể chỉ là đang lợi dụng mày viết content free xong thích là sửa thôi hihi",ờ đúng rồi có thể chỉ là đang lợi dụng mày viết content free xong thích là sửa thôi hihi
Enjoyment,con bé cưng gì đâu . vk ơi anh muốn có cục bảo bối như vậy per,con bé cưng gì đâu vợ ơi anh muốn có cục bảo bối như vậy per
Enjoyment,cưng quá trời luôn,cưng quá trời luôn
Disgust,a triệu mua quả báo thì quá rẻ mạt 😞 tiếc là luật có vậy 😏,a triệu mua quả báo thì quá rẻ mạt 😞 tiếc là luật có vậy 😏
Enjoyment,cực kì bản lĩnh lẫn liều lĩnh,cực kì bản lĩnh lẫn liều lĩnh
Enjoyment,aeon tâm lý thế :)) mày . n vào mua que kem tránh nóng,aeon tâm lý thế mày n vào mua que kem tránh nóng
Disgust,người ta đỗ dưới lòng đường chứ đỗ vào nhà chị đâu mà van hóa gì . chủ thớt mới là người ấu trĩ lạc hậu nhé,người ta đỗ dưới lòng đường chứ đỗ vào nhà chị đâu mà van hóa gì chủ thớt mới là người ấu trĩ lạc hậu nhé
Enjoyment,chị lỡ mất 1 nhịp tim vì cưng đấy ❤️❤️❤️,chị lỡ mất 1 nhịp tim vì cưng đấy ❤️❤️❤️
Enjoyment,:)) đéo hiểu sao mấy phim truyền hình của ấn xl vãi mà phim như thế nào thì lại qá hay,đéo hiểu sao mấy phim truyền hình của ấn xl vãi mà phim như thế nào thì lại qá hay
Sadness,per chán quá,per chán quá
Sadness,nghe thấm câu vàng trắng nhưng thực tế là trắng tay thôi nghe mà buồn,nghe thấm câu vàng trắng nhưng thực tế là trắng tay thôi nghe mà buồn
Other,thoa kem chống nắng như người ...,thoa kem chống nắng như người
Surprise,per đấy móng tay dài nhất thế giới đấy,per đấy móng tay dài nhất thế giới đấy
Other,đằng nào mà chẳng thịt chẳng qua sớm hay muộn thôi,đằng nào mà chẳng thịt chẳng qua sớm hay muộn thôi
Other,trên thì một kiểu dưới thì kiểu khác,trên thì một kiểu dưới thì kiểu khác
Sadness,"nhạc buồn quá . bài này là bài "" chia tay trong chiều hoàng hôn nắng úa màu "" - justin bieber cho bạn nào chưa biết nhé . :'(",nhạc buồn quá bài này là bài chia tay trong chiều hoàng hôn nắng úa màu justin bieber cho bạn nào chưa bt nhé
Enjoyment,per đây . cô gái bán hàng thú vị đây . phải xem cho hết,per đây cô gái bán hàng thú vị đây phải xem cho hết
Sadness,dẫu hiên ngang giữa đất trời gặp con vợ đểu thì đời cũng xong,dẫu hiên ngang giữa đất trời gặp con vợ đểu thì đời cũng xong
Enjoyment,"cmt buồn cười vll , nhớ mình cừng có kinh nghiệm chạy ngỗng :)))",bình luận buồn cười vll nhớ mình cừng có kinh nghiệm chạy ngỗng
Other,"lớn lên rồi ta sẽ tự hiểu .. "" tại sao ngày đó cha mẹ thế này thế kia với ta "" ...",lớn lên rồi ta sẽ tự hiểu tại sao ngày đó cha mẹ thế này thế kia với ta
Other,hình như câu này quen quen ý le tuyet nguyen nhỉ,hình như câu này quen quen ý le tuyet nguyen nhỉ
Anger,nó ăn cà rốt chứ nó ăn cái gì mà liếc quễ mều mặp 😡😡😡,nó ăn cà rốt chứ nó ăn cái gì mà liếc quễ mều mặp 😡
Enjoyment,quả này cũng chất lắm,quả này cũng chất lắm
Fear,hồi bé bị ngỗng dí hoài =)) sợ vãi,hồi bé bị ngỗng dí hoài sợ vãi
Sadness,tao ngồi tao khóc 1 buổi ☹️,tao ngồi tao khóc 1 buổi ☹️
Enjoyment,crush của tao đi làm rồi . hihee . sáng mai mới về cơ 🤣🤣,người mình thích của tao đi làm rồi hihee sáng mai mới về cơ 🤣🤣
Sadness,khoảnh khắc mày nhận ra mày còn đéo bằng 1 thằg nhóc còn trong bụng mẹ :((,khoảnh khắc mày nhận ra mày còn đéo bằng 1 thằg nhóc còn trong bụng mẹ
Other,chúng mày cứ ra phim boom tấn cho nhiều vào,chúng mày cứ ra phim boom tấn cho nhiều vào
Sadness,cao quá cũng khổ chứ sung sướng đéo gì 😓,cao quá cũng khổ chứ sung sướng đéo gì 😓
Disgust,ý thức quá kém .,ý thức quá kém
Disgust,bẩn bựa vlon 😤,bẩn bựa vlon 😤
Disgust,một con cá chép đang bơi trong hồ mà đã tính chuyện đánh bại những con rồng vẫy vùng 5 châu !,một con cá chép đang bơi trong hồ mà đã tính chuyện đánh bại những con rồng vẫy vùng 5 châu
Enjoyment,ai cũng nói tao đẹp troai . hiền lành nhưng chưa biết lúc tao lên cơn 😂😂😁,ai cũng nói tao đẹp troai hiền lành nhưng chưa bt lúc tao lên cơn 😂😂😁
Disgust,điên,điên
Sadness,chủ tịch đi nặn mụn ở tai và cái kết khóc thét,chủ tịch đi nặn mụn ở tai và cái kết khóc thét
Other,hành vi của người bố có phần nào ảnh hưởng đến đứa con . cô bé cười . không phải vì cô bé mạnh mẽ . mà là cô bé đã bất cần,hành vi của người bố có phần nào ảnh hưởng đến đứa con cô bé cười không phải vì cô bé mạnh mẽ mà là cô bé đã bất cần
Sadness,xem phát khóc mẹ luôn 😭😭😭,xem phát khóc mẹ luôn 😭
Enjoyment,per nhìn nó gớm những vẫn khoái coi . thú vui biến thái dễ sợ,per nhìn nó gớm những vẫn khoái coi thú vui biến thái dễ sợ
Sadness,mèo nhà tao gửi 10 ngày về ăn tết lên nó thành mèo hàng xóm này ( nhà hàng xóm bán cá ) :((,mèo nhà tao gửi 10 ngày về ăn tết lên nó thành mèo hàng xóm này nhà hàng xóm bán cá
Other,"còn những người bình thường rất dữ , thật ra họ hiền lắm , nội tâm lắm",còn những người bình thường rất dữ thật ra họ hiền lắm nội tâm lắm
Other,giống như thổi khí vào bong bóng đến một lúc nào đó thì nó phát nổ,giống như thổi khí vào bong bóng đến một lúc nào đó thì nó phát nổ
Enjoyment,ha ha ....,ha ha
Fear,nhìn giống mấy đặc vụ của cia . sợ thế :)),nhìn giống mấy đặc vụ của cia sợ thế
Other,tao đang thă ́ c mă ́ c ta ̣ i sao thă ̀ người da đen no ́ quen được con nho ̉ da tră ́ người ngon va ̃ i thê ́ nhy ̃. 😑😑😑,tao đang thă ́ c mă ́ c ta ̣ i sao thă ̀ người da đen no ́ quen được con nho ̉ da tră ́ người ngon va ̃ i thê ́ nhy ̃ 😑
Fear,thế giới giờ đáng sợ quá rồi 😌😌 tâm phải tịnh không là tiêu nha mấy ông 😢,thế giới giờ đáng sợ quá rồi 😌😌 tâm phải tịnh không là tiêu nha mấy ông 😢
Disgust,"vietcombank phục vụ tệ , phí cao , mang mác nhà nước nên vậy .",vietcombank phục vụ tệ phí cao mang mác nhà nước nên vậy
Surprise,bất ngờ vãi =)),bất ngờ vãi
Sadness,bữa cơm trưa nay tăm tối như cái ava của tao vầy :((((((,bữa cơm trưa nay tăm tối như cái ava của tao vầy
Disgust,hội những con pug láo lếuuuuuu,hội những con pug láo lếu
Anger,dè nghị khởi tố luôn những người biết mà che dấu,dè nghị khởi tố luôn những người bt mà che dấu
Other,per mày đang nghĩ đến ai,per mày đang nghĩ đến ai
Sadness,bà già đau khổ,bà già đau khổ
Sadness,"không phù hợp thổ nhưỡng , khí hậu . vậy mà vẫn tung hô , dải ngân để làm khổ dân . quả bóng trách nhiệm chẳng thuộc về ai cả . 😢😢",không phù hợp thổ nhưỡng khí hậu vậy mà vẫn tung hô dải ngân để làm khổ dân quả bóng trách nhiệm chẳng thuộc về ai cả 😢😢
Disgust,đúng là cái thứ vô học,đúng là cái thứ vô học
Sadness,nhiều lúc em di từ từ chưa kịp đỗ đã có n ra bảo không được đỗ ở đây chán qúa,nhiều lúc em di từ từ chưa kịp đỗ đã có n ra bảo không được đỗ ở đây chán qúa
Enjoyment,chỉ cần thích cái là muốn rụng tim,chỉ cần thích cái là muốn rụng tim
Sadness,vui tính tí cũng khó cơ,vui tính tí cũng khó cơ
Sadness,chỉ còn lại tro tàn,chỉ còn lại tro tàn
Disgust,lỗi tại thằng quay phim . cắt không đúng lúc,lỗi tại thằng quay phim cắt không đúng lúc
Enjoyment,kkk ... bếp dầu một thời ta hay nấu đây nè,không bếp dầu một thời ta hay nấu đây nè
Fear,đag đi học mà gặp cảnh này :)) chắc chạy về cúp học luôn,đang đi học mà gặp cảnh này chắc chạy về cúp học luôn
Anger,anh con mẹ mày :))),anh con mẹ mày
Surprise,ngạc nhiên đấy,ngạc nhiên đấy
Other,xã hội giờ càng ít nói như tao thì càng ngoan hiền,xã hội giờ càng ít nói như tao thì càng ngoan hiền
Other,nhìn mặt con bé kiểu . ơ cái gì vậy,nhìn mặt con bé kiểu ơ cái gì vậy
Disgust,hư cấu 😌,hư cấu 😌
Enjoyment,bộ phim ấn độ duy nhất xem được lol,bộ phim ấn độ duy nhất xem được lol
Other,vậy mới biến thành người nhện được,vậy mới biến thành người nhện được
Enjoyment,per đã hiểu sao hè năm ngoái có quả lịch học vãi chưa =)),per đã hiểu sao hè năm ngoái có quả lịch học vãi chưa
Enjoyment,rõ ràng vẫn là một người mà cắt tóc xong nhìn đáng yêu vãi :v,rõ ràng vẫn là một người mà cắt tóc xong nhìn đáng yêu vãi v
Disgust,đm lúc tao học đến chương đó nguyên tiết bà cô toàn chia sẻ kinh nghiệm chuyện tới tháng 🙂 đéo thú vị được như vầy :vv,địt mẹ lúc tao học đến chương đó nguyên tiết bà cô toàn chia sẻ kinh nghiệm chuyện tới tháng 🙂 đéo thú vị được như vầy vv
Other,vật chất quyết định ý thức,vật chất quyết định ý thức
Enjoyment,per đã hiểu tại sao thằng bạn mình đam mê gym .. thì ra đây là nơi nó được sống thật với giới tính của mình ..🤣🤣🤣,per đã hiểu tại sao thằng bạn mình đam mê gym thì ra đây là nơi nó được sống thật với giới tính của mình 🤣
Enjoyment,họ vui là được rồi :))),họ vui là được rồi
Enjoyment,đáng yêu phết nhể,đáng yêu phết nhể
Sadness,có móng tay dài cũng khổ,có móng tay dài cũng khổ
Sadness,"cậu ấy tán tôi , tôi từ chối . thế là từ đó chúng tôi đéo làm bạn được nữa !!!",cậu ấy tán tôi tôi từ chối thế là từ đó chúng tôi đéo làm bạn được nữa
Enjoyment,per nhìn đẹp thiệt mày,per nhìn đẹp thiệt mày
Sadness,mùa mưa đến sớm rồi huhu,mùa mưa đến sớm rồi huhu
Disgust,có mà đầy người như vậy ý ... ăn vô máu họ rồi,có mà đầy người như vậy ý ăn vô máu họ rồi
Other,tình hình này tháng sau cũng đi tập gym mất,tình hình này tháng sau cũng đi tập gym mất
Other,nhiều khi chỉ ước gì mấy đứa bá dơ này có thể chết thay cho chị nữ sinh giao gà thì hay biết mấy ...,nhiều khi chỉ ước gì mấy đứa bá dơ này có thể chết thay cho chị nữ sinh giao gà thì hay bt mấy
Disgust,bởi vậy không nên bình luận trên facebook làm gì . nhìu đứa nó nhây cãi lộn mệt người .,bởi vậy không nên bình luận trên facebook làm gì nhìu đứa nó nhây cãi lộn mệt người
Sadness,giờ anh gù lấy đâu ra chỗ ở :'(,giờ anh gù lấy đâu ra chỗ ở
Other,"chúc mày mau khỏi nhá , team thích ăn thịt gà như tao ??",chúc mày mau khỏi nhá team thích ăn thịt gà như tao
Sadness,tiếc là 23 cái xuân rồi chưa gặp được em . có ai giống tôi không,tiếc là 23 cái xuân rồi chưa gặp được em có ai giống tôi không
Sadness,gặp được em nhưng sẽ chỉ quan tâm và bảo vệ em từ xa,gặp được em nhưng sẽ chỉ quan tâm và bảo vệ em từ xa
Enjoyment,bộ phim việt lần đầu xem thấy hay cảnh quay đẹp !!,bộ phim việt lần đầu xem thấy hay cảnh quay đẹp
Sadness,"ngày chia tay , chúng tôi đã ôm nhau khóc",ngày chia tay chúng tôi đã ôm nhau khóc
Enjoyment,thật đúng đắn khi đã follow page này !,thật đúng đắn khi đã follow page này
Disgust,đm mẹ bạn thân,địt mẹ mẹ bạn thân
Disgust,chưa nhớ vụ công viên nước hồ tây à :)) mấy con chó đực nứng dái,chưa nhớ vụ công viên nước hồ tây à mấy con chó đực nứng dái
Anger,"đọc bình luận không thấy ai khen cute dễ thương đáng yêu này nọ nữa nhỉ :))))) một ngày đẹp trời bạn ra ngõ đứng hít không khí , con mèo sẽ kệ mẹ bạn , con chó vẫn sẽ đi đái bậy , nhưng con một lằn này thì đéo , nó phi con mẹ nó ra dí chạy như một con điên",đọc bình luận không thấy ai khen cute dễ thương đáng yêu này nọ nữa nhỉ một ngày đẹp trời bạn ra ngõ đứng hít không khí con mèo sẽ kệ mẹ bạn con chó vẫn sẽ đi đái bậy nhưng con một lằn này thì đéo nó phi con mẹ nó ra dí chạy như một con điên
Sadness,21 năm chưa crush ai thì có gọi là ế thâm niêm không hả các bác,21 năm chưa người mình thích ai thì có gọi là ế thâm niêm không hả các bác
Other,ơ thế chưa ai dẫn ngài trump đi ăn bún đậu mắm tôm hả ?,ơ thế chưa ai dẫn ngài trump đi ăn bún đậu mắm tôm hả
Fear,trích mà như vầy rồi . sao dám coi phim đây 😢,trích mà như vầy rồi sao dám coi phim đây 😢
Sadness,cô ấy hết thương tao rồi,cô ấy hết thương tao rồi
Sadness,"dăm ba cái thể hiện tình cảm này ngày xưa tao đầy , nhưng từ ngày cưới xong đi qua đường chắc chồng tao rơi mất não nên chưa thấy lặp lại bao giờ . 😌",dăm ba cái thể hiện tình cảm này ngày xưa tao đầy nhưng từ ngày cưới xong đi qua đường chắc chồng tao rơi mất não nên chưa thấy lặp lại bao giờ 😌
Surprise,wow không thê tin được bô mong tay day thât kinh,wow không thê tin được bô mong tay day thât kinh
Other,"nhìn này thần sắc thế kia thì đeo sao đâu , yên tâm đi không được hốc hôm nay thì hôm sau hốc lo cái đéo gì chứ",nhìn này thần sắc thế kia thì đeo sao đâu yên tâm đi không được hốc hôm nay thì hôm sau hốc lo cái đéo gì chứ
Disgust,có cái lol chuột nó sợ,có cái lol chuột nó sợ
Disgust,có đến hàng trăm năm sau đi nữa thì trẻ trâu vẫn luôn tồn tại theo thời gian 😀,có đến hàng trăm năm sau đi nữa thì trẻ trâu vẫn luôn tồn tại theo thời gian 😀
Enjoyment,đụ mẹ cười ỉa ????????,đụ mẹ cười ỉa
Sadness,xem xong thấy buồn quá,xem xong thấy buồn quá
Disgust,diễn vãi,diễn vãi
Fear,"bị ngỗng mổ sợ vãi_chưởng , hồi bé tao đã không sang nhà b tao cả tuần trời vì nhà nó mới nuôi ngỗng mà bình thường tao toàn ăn chùa cơm nhà nó thiếu điều làm con nuôi nhà nó nữa thôi :))) nhắc lại mới thấy sợ vãi",bị ngỗng mổ sợ vãi chưởng hồi bé tao đã không sang nhà b tao cả tuần trời vì nhà nó mới nuôi ngỗng mà bình thường tao toàn ăn chùa cơm nhà nó thiếu điều làm con nuôi nhà nó nữa thôi nhắc lại mới thấy sợ vãi
Anger,cho chết,cho chết
Surprise,per sao chủ đề gái mê tiền dạo này hot nhỉ :))),per sao chủ đề gái mê tiền dạo này hot nhỉ
Enjoyment,"ra đi là lựa chọn đúng , ở lại incheon để gánh team làm gì cho mệt ra lại bị tiếng xấu .",ra đi là lựa chọn đúng ở lại incheon để gánh team làm gì cho mệt ra lại bị tiếng xấu
Fear,người trái đất thật đáng sợ mà - _ -,người trái đất thật đáng sợ mà
Enjoyment,"per tải thử cái này cho cún đi chị , hay phết này",per tải thử cái này cho cún đi chị hay phết này
Anger,phải cho chúng nó vào tù hết 1 lượt cho chúng nó ăn chính thực phẩm chúng nó bán đi cho nó nhớ,phải cho chúng nó vào tù hết 1 lượt cho chúng nó ăn chính thực phẩm chúng nó bán đi cho nó nhớ
Fear,trông rợn vãi :)),trông rợn vãi
Other,"rồi , chợt mình tỉnh giấc :) mơ đủ rồi đó",rồi chợt mình tỉnh giấc mơ đủ rồi đó
Disgust,thấy chưa ... ổng lấy váy cưới của vợ kìa . t nói đâu có sai . :v,thấy chưa ổng lấy váy cưới của vợ kìa tao nói đâu có sai v
Fear,vãi linh hồn .,vãi linh hồn
Fear,per hồi nhỏ chuyên gia đi ngang nhà hàng xóm là bị nguyên bầy ngỗng nó dí nó rượt chạy khóc la um xùm .. giờ còn ám ảnh 😭,per hồi nhỏ chuyên gia đi ngang nhà hàng xóm là bị nguyên bầy ngỗng nó dí nó rượt chạy khóc la um xùm giờ còn ám ảnh 😭
Sadness,chủ thớt sấp mặt rồi,chủ thớt sấp mặt rồi
Fear,thế giới này thật đáng sợ ai chả đĩa bay cho tao về hành tinh tao đi,thế giới này thật đáng sợ ai chả đĩa bay cho tao về hành tinh tao đi
Other,per nhịn ăn để đi,per nhịn ăn để đi
Enjoyment,mình còn để ảnh bạn ấy trong thẻ học sinh xong bị thấy cơ,mình còn để ảnh bạn ấy trong thẻ học sinh xong bị thấy cơ
Disgust,thằng lồn nào chế ra cái này tao nghĩ nó hơi bị thiêu muối đấy nhạt vãi lol ra,thằng lồn nào chế ra cái này tao nghĩ nó hơi bị thiêu muối đấy nhạt vãi lol ra
Disgust,bộ cứ thân là ở với nhau đuợc à ?? sai lầm vãi,bộ cứ thân là ở với nhau đuợc à sai lầm vãi
Anger,nói tóm lại mau axít đậm đặc bỏ vào thùng nhựa để kế bên cho nó thấy chắc là ổn nhớ đừng làm chuyện dại nhá,nói tóm lại mau axít đậm đặc bỏ vào thùng nhựa để kế bên cho nó thấy chắc là ổn nhớ đừng làm chuyện dại nhá
Sadness,thôi xong . chia buồn cùng quý quốc,thôi xong chia buồn cùng quý quốc
Other,nhà tạp hoá đấy hả ... :)))),nhà tạp hoá đấy hả
Enjoyment,"đúng vô cùng , không cần biết làm mệt việc nhiều lương thấp ra sao , làm ở 1 nơi đồng nghiệp như những ngừoi chị trong gia đình , đi làm mà cảm giác thoải mái vui vẻ như ở nhà . nơi có thể ở 9 tiếng 1 ngày",đúng vô cùng không cần bt làm mệt việc nhiều lương thấp ra sao làm ở 1 nơi đồng nghiệp như những ngừoi chị trong gia đình đi làm mà cảm giác thoải mái vui vẻ như ở nhà nơi có thể ở 9 tiếng 1 ngày
Fear,nó bể 1 phát lúng tới cổ dume tởn tới già,nó bể 1 phát lúng tới cổ dume tởn tới già
Fear,per coi phim này chắc chết luôn trong rạp 😂,per coi phim này chắc chết luôn trong rạp 😂
Other,sống chậm lại và yêu thương nhiều hơn các bạn ạ,sống chậm lại và yêu thương nhiều hơn các bạn ạ
Enjoyment,đi chơi lụm được tờ 2k rách mua băng keo 5k dán lại tờ 2k 🤔,đi chơi lụm được tờ 2k rách mua băng keo 5k dán lại tờ 2k 🤔
Fear,tao coi tao sợ nó lọt quá bây,tao coi tao sợ nó lọt quá bây
Anger,uổng phí công sức bao người !,uổng phí công sức bao người
Fear,tao sợ ma nên không dám coi lun,tao sợ ma nên không dám coi lun
Disgust,"ủi ui , mời người ta đến nhà ăn tiệc , lại đãi mỗi càrôt là thế nào , lần sau bà mời tiệc thì mày tự biết rồi đấy",ủi ui mời người ta đến nhà ăn tiệc lại đãi mỗi càrôt là thế nào lần sau bà mời tiệc thì mày tự bt rồi đấy
Surprise,per ý nghĩa giống phim không ???,per ý nghĩa giống phim không
Other,cuộc đời bạn đáng giá bao nhiêu tiền,cuộc đời bạn đáng giá bao nhiêu tiền
Disgust,nhìn bên dưới cầu bẩn đéo chịu được . lỡ té xuống nước thì tha hồ mà tắm và hưởng thụ sự trong sạch đến mắc ói của nước và rác thải .,nhìn bên dưới cầu bẩn đéo chịu được lỡ té xuống nước thì tha hồ mà tắm và hưởng thụ sự trong sạch đến mắc ói của nước và rác thải
Enjoyment,"thường thì người thuận tay trái sẽ bị bệnh này :v , riêng tao thuận vả 2 tay nên chả sao",thường thì người thuận tay trái sẽ bị bệnh này v riêng tao thuận vả 2 tay nên chả sao
Disgust,cố tỏ ra nguy hiểm vãi 😂,cố tỏ ra nguy hiểm vãi 😂
Fear,"ôi dume giật nảy mình , tí thì rơi điện thoại",ôi dume giật nảy mình tí thì rơi điện thoại
Enjoyment,tụt quần nó ra cho nó chén :))),tụt quần nó ra cho nó chén
Enjoyment,một cách bán hàng nta gọi là đẳng cấp,một cách bán hàng nta gọi là đẳng cấp
Enjoyment,yêu quá đi mất nhìn cưng khủng khiếp ??,yêu quá đi mất nhìn cưng khủng khiếp
Surprise,sao chúng nó dã man thế nhỉ,sao chúng nó dã man thế nhỉ
Sadness,cầu cho chú luôn mạnh khoẻ ạ 😢,cầu cho chú luôn mạnh khoẻ ạ 😢
Anger,ăn bớt của trẻ vậy mà bị khiển trách thì lần sau còn làm tiếp và mạnh hơn nữa đúng lả luật của việt nam không có chức quyền ăn trộm ổ bánh mì phải đi tù còn có chức ăn 150trieu thì bị khiển trách thôi,ăn bớt của trẻ vậy mà bị khiển trách thì lần sau còn làm tiếp và mạnh hơn nữa đúng lả luật của việt nam không có chức quyền ăn trộm ổ bánh mì phải đi tù còn có chức ăn 150trieu thì bị khiển trách thôi
Other,thích cái đầm nào mua cho bận ngủ cho mát nè :))) per,thích cái đầm nào mua cho bận ngủ cho mát nè per
Disgust,ôi đàn bà là những niềm đau 🤣,ôi đàn bà là những niềm đau 🤣
Fear,tao thề . nhìn bạn ấy xong tao muốn rụng mấy quả trứng luôn 😓,tao thề nhìn bạn ấy xong tao muốn rụng mấy quả trứng luôn 😓
Enjoyment,"ôi những con người dễ bị ám ảnh với quá khứ , ôm nhau cái nào",ôi những con người dễ bị ám ảnh với quá khứ ôm nhau cái nào
Fear,sợ con này lắm :((,sợ con này lắm
Other,"tháng 10 đến rồi , nghe bài này quá chuẩn",tháng 10 đến rồi nghe bài này quá chuẩn
Sadness,mở máy lên .. rồii lại đặt xuống ... cả ngày nay tôi đều như vậy để chờ anh nhắn chúc tôi .. giờ này chắc anh quên ngày này thật rồi .. cô đơn quá mức rồi đấy 😭😭,mở máy lên rồii lại đặt xuống cả ngày nay tôi đều như vậy để chờ anh nhắn chúc tôi giờ này chắc anh quên ngày này thật rồi cô đơn quá mức rồi đấy 😭😭
Surprise,chủ tịch giả vờ cầm cây củi mục múa vỏ và cái kết !,chủ tịch giả vờ cầm cây củi mục múa vỏ và cái kết
Enjoyment,cười ỉa phút 1 : 11,cười ỉa phút 1 11
Enjoyment,bài nhạc hay khi nó đúng tâm trạng ... nhạc hay !!!!!,bài nhạc hay khi nó đúng tâm trạng nhạc hay
Disgust,tao nói thiệc cả đời tao chưa gặp con đỉ gia cầm nào sân si bằng con ngỗng . đỉ chó . :),tao nói thiệc cả đời tao chưa gặp con đỉ gia cầm nào sân si bằng con ngỗng đỉ chó
Enjoyment,per mày phải thấy may mắn khi cuộc đời mày được gặp tao :))),per mày phải thấy may mắn khi cuộc đời mày được gặp tao
Other,nguyên nhân là gì vậy ??,nguyên nhân là gì vậy
Enjoyment,còn tao vẫn nhớ ngày nhỏ cứ nghỉ học chủ nhật đi quét lá tre về nấu cơm,còn tao vẫn nhớ ngày nhỏ cứ nghỉ học chủ nhật đi quét lá tre về nấu cơm
Enjoyment,còn mềnh thì ra quán mua bim bim đều chỉ để nhì em mà cười,còn mềnh thì ra quán mua bim bim đều chỉ để nhì em mà cười
Other,""" tim anh em lấy em chơi , quả báo đến sớm em ơi ...""",tim anh em lấy em chơi quả báo đến sớm em ơi
Anger,per facebook cứ để tao phải xem được những cái lãng mạn là sao cay vãi :)),per facebook cứ để tao phải xem được những cái lãng mạn là sao cay vãi
Anger,đúng là không thể chấp nhận được,đúng là không thể chấp nhận được
Sadness,thêm đường hay cho thêm bánh gato về tẩm bổ :),thêm đường hay cho thêm bánh ghen tị về tẩm bổ
Other,nhớ cái váy với bộ tóc chấm bi đen trắng của anh huy ghê,nhớ cái váy với bộ tóc chấm bi đen trắng của anh huy ghê
Surprise,list này không có liệt kê công việc của dân chứng khoán sao ?,list này không có liệt kê công việc của dân chứng khoán sao
Other,đó là của bạn thôi bạn hài lòng với nó thì đâu có gì để nghĩ ngợi đâu,đó là của bạn thôi bạn hài lòng với nó thì đâu có gì để nghĩ ngợi đâu
Disgust,đcm anh da đen fake,địt cụ mày anh da đen fake
Enjoyment,dễ thương ghê ! làm mình nhớ các cậu bạn cùng lớp hồi học cấp 2 quá !,dễ thương ghê làm mình nhớ các cậu bạn cùng lớp hồi học cấp 2 quá
Enjoyment,đáng yêu như em tao ý . cứ mỗi lần nó quyết định ngủ ở đâu là nó lại đấu tranh tư tưởng 🤣🤣,đáng yêu như em tao ý cứ mỗi lần nó quyết định ngủ ở đâu là nó lại đấu tranh tư tưởng 🤣🤣
Enjoyment,cái này chỉ sướng mấy anh đèo mấy em ngực bự đi đường này nẩy tâng tâng,cái này chỉ sướng mấy anh đèo mấy em ngực bự đi đường này nẩy tâng tâng
Other,per rất là thực tế nhé chú .,per rất là thực tế nhé chú
Sadness,tội cho chàng trai ấy,tội cho chàng trai ấy
Disgust,gì cũng được chứ yêu 1 người vô tâm thì đéo 🙂,gì cũng được chứ yêu 1 người vô tâm thì đéo 🙂
Other,cầu này chỉ dành cho những ai chân dài thì đúng hơn 🙂,cầu này chỉ dành cho những ai chân dài thì đúng hơn 🙂
Enjoyment,nhây qua ́ nhaaaa 😂😆,nhây qua ́ nha 😂😆
Enjoyment,nghe có trà sữa là thích rồi,nghe có trà sữa là thích rồi
Enjoyment,xinh quá !,xinh quá
Sadness,nhiều lúc tủi thân vãi_chưởng huhu,nhiều lúc tủi thân vãi chưởng huhu
Sadness,và đương nhiên sẽ có ngày cô ấy sốc vì giới tính thật của cô ấy !!!,và đương nhiên sẽ có ngày cô ấy sốc vì giới tính thật của cô ấy
Disgust,coi mệt vãi - _ -,coi mệt vãi
Other,per nhện mượn hố xí tỏ tình đó thì sao nàooooo,per nhện mượn hố xí tỏ tình đó thì sao nào
Enjoyment,hahahaha . thâm nữa . mà thiệt chỉ có trong cổ tích nhé,hahahaha thâm nữa mà thiệt chỉ có trong cổ tích nhé
Disgust,quá sàm,quá sàm
Enjoyment,dùng cây sắt rùi làm lại đi . mình mún xem típ :3,dùng cây sắt rùi làm lại đi mình muốn xem típ 3
Disgust,vcb làm việc kiểu hách dịch thì có :v,vcb làm việc kiểu hách dịch thì có v
Enjoyment,:v trời giờ mới biết thế giới có dạng hợp thể vầy đấy :v,v trời giờ mới bt thế giới có dạng hợp thể vầy đấy v
Other,chấm cho tôi lên top đi mà :v,chấm cho tôi lên top đi mà v
Enjoyment,"toàn anh đẹp trai . đau tim , tan nát cõi lòng của tao ... a ................................ a",toàn anh đẹp trai đau tim tan nát cõi lòng của tao a a
Fear,per đồng nghiệp không tốt ta có thể bị chửi và ăn đòn từ sáng đến tối 🙄,per đồng nghiệp không tốt ta có thể bị chửi và ăn đòn từ sáng đến tối 🙄
Sadness,câu chuyện của mày làm tao buồn quá,câu chuyện của mày làm tao buồn quá
Sadness,tận cùng của nỗi đau :(,tận cùng của nỗi đau
Other,khi tao cảm nắng một ai đó xin thượng đế cũng tát tao một cái như cách sóng xô vào cát cho tao tỉnh con mẹ nó ngộ 😂,khi tao cảm nắng một ai đó xin thượng đế cũng tát tao một cái như cách sóng xô vào cát cho tao tỉnh con mẹ nó ngộ 😂
Sadness,gu của tôi trời ơi . tiếc mới có chồng với đứa con thôi . huhu,gu của tôi trời ơi tiếc mới có chồng với đứa con thôi huhu
Anger,"xe đỗ ngay giữa cửa hàng và cửa nhà bạn luôn , khách lên và xuống không được thoải mái và hơn nữa là vào hát karaoke thì theo bạn sẽ là mấy tiếng mới ra ?",xe đỗ ngay giữa cửa hàng và cửa nhà bạn luôn khách lên và xuống không được thoải mái và hơn nữa là vào hát karaoke thì theo bạn sẽ là mấy tiếng mới ra
Disgust,kéo quần lên rồi nói chuyện tiếp ... kém sang,kéo quần lên rồi nói chuyện tiếp kém sang
Anger,"nếu không xin lỗi em tao , tao hứa cắt tiết từng đứa ... nhưng tao kô giết 🙄. học hành cái lồn gì bọn này .",nếu không xin lỗi em tao tao hứa cắt tiết từng đứa nhưng tao kô giết 🙄 học hành cái lồn gì bọn này
Disgust,nhân văn ? thế nhân văn ở đâu cho những em học thật thi thật ?,nhân văn thế nhân văn ở đâu cho những em học thật thi thật
Enjoyment,thật đáng khâm phục các bạn ... chúc các bạn gặp nhiều may mắn trong cuộc sống ...,thật đáng khâm phục các bạn chúc các bạn gặp nhiều may mắn trong cuộc sống
Enjoyment,đm main mới hay quá đi,địt mẹ main mới hay quá đi
Disgust,per địt mẹ mày rep ib cho tao,per địt mẹ mày trả lời inbox cho tao
Fear,hú hồn,hú hồn
Enjoyment,m nói chuyện cũng cute ngoan ngoãn cơ chứ tao toàn okay anh =))),mày nói chuyện cũng cute ngoan ngoãn cơ chứ tao toàn okay anh
Sadness,kẻ ô điểm lời phê :((,kẻ ô điểm lời phê
Disgust,bọn dân trí thấp tưởng thế là hay .,bọn dân trí thấp tưởng thế là hay
Other,mắt còn xanh như bé không anh ??,mắt còn xanh như bé không anh
Other,coi mần cái mặt kìa trời 🤣,coi mần cái mặt kìa trời 🤣
Disgust,hỏi họ xem đã cho ai được tý gì chưa mà thiếu ý thức vậy ?,hỏi họ xem đã cho ai được tý gì chưa mà thiếu ý thức vậy
Enjoyment,hhaahhaah ! t đã may mắn như thế 😂,hhaahhaah tao đã may mắn như thế 😂
Disgust,"lạy mấy ba mấy má , con người ta đã làm video giải trí cho mấy ba mấy má coi rồi , dume mở miệng ra là bảo người ta sân si , vô duyên vửa thôi",lạy mấy ba mấy má con người ta đã làm video giải trí cho mấy ba mấy má coi rồi dume mở miệng ra là bảo người ta sân si vô duyên vửa thôi
Anger,em tao thì cứ xác định bố thịt từng đứa 🙂🙂🙂🙂🙂 bố mẹ bênh thì thịt cả bố mẹ luôn sợ máu lồn 🙂🙂🙂🙂🙂🙂,em tao thì cứ xác định bố thịt từng đứa 🙂 bố mẹ bênh thì thịt cả bố mẹ luôn sợ máu lồn 🙂
Surprise,ko biết ai phối ra cái giống ngáo vô địch này nữa,không bt ai phối ra cái giống ngáo vô địch này nữa
Enjoyment,mẹ thằng này nói tiếng việt tốt thật lại còn nói được cả giọng phú yên nữa chứ,mẹ thằng này nói tiếng việt tốt thật lại còn nói được cả giọng phú yên nữa chứ
Fear,sợ thì vkl,sợ thì vãi cả lồn
Fear,clm đêm rồi tha cho tao 🙂 tao đéo muốn chạy xuống dưới nhà hoặc là nhịn đến sáng mai đâu 🙂 con gì thì con kệ mẹ 🙂 đừng nhắc đến nhện 🙂,clm đêm rồi tha cho tao 🙂 tao đéo muốn chạy xuống dưới nhà hoặc là nhịn đến sáng mai đâu 🙂 con gì thì con kệ mẹ 🙂 đừng nhắc đến nhện 🙂
Anger,"đỗ ở đường cấm đỗ và đỗ gần ngã ba là sai hoàn toàn rồi vẫn có người vào bênh . em là chủ thớt thì em cứ để họ đỗ thoải mái rồi gọi phường tới làm việc thôi , cần gì phải nói nhiều",đỗ ở đường cấm đỗ và đỗ gần ngã ba là sai hoàn toàn rồi vẫn có người vào bênh em là chủ thớt thì em cứ để họ đỗ thoải mái rồi gọi phường tới làm việc thôi cần gì phải nói nhiều
Enjoyment,may quá lớp tao không phải thế :)),may quá lớp tao không phải thế
Enjoyment,"võ nghệ cao siêu đến mấy cũng phụ thuộc vào hung khí , em biết được điều này lên không bao giờ em học võ mà tự xắm cho mình khẩu hoa cải !",võ nghệ cao siêu đến mấy cũng phụ thuộc vào hung khí em bt được điều này lên không bao giờ em học võ mà tự xắm cho mình khẩu hoa cải
Other,phải chi lúc mà thằng per bị bảo câm mồm thì đập bàn đứng lên quát “ bên tao cả một đội quân ” 🤔,phải chi lúc mà thằng per bị bảo câm mồm thì đập bàn đứng lên quát “ bên tao cả một đội quân ” 🤔
Enjoyment,chúng tôi gọi đây nà chất :v,chúng tôi gọi đây nà chất v
Other,"per nuôi móng đi anh , mai mốt cắt đem vô triển lãm",per nuôi móng đi anh mai mốt cắt đem vô triển lãm
Other,"kể mà mình cũng được tỏ tình lãng mạn kiểu này . ôi , ngủ thôi . muộn rồi :3",kể mà mình cũng được tỏ tình lãng mạn kiểu này ôi ngủ thôi muộn rồi 3
Other,nếu người dân mà làm thế này thì phải truy cứu trách nhiệm hình sự,nếu người dân mà làm thế này thì phải truy cứu trách nhiệm hình sự
Disgust,nhìn thấy ghê à,nhìn thấy ghê à
Enjoyment,ông bà xinh quá 🧐🧐,ông bà xinh quá 🧐🧐
Sadness,"tao cũng là người cuối cùng ra khỏi căn phòng ấy , ngắm nghía lần cuối rồi rời đi , khép lại 3 năm đẹp nhất của đời người . tao không khóc nhưng trong lòng rối bời , muốn ôm hết all vào mình .",tao cũng là người cuối cùng ra khỏi căn phòng ấy ngắm nghía lần cuối rồi rời đi khép lại 3 năm đẹp nhất của đời người tao không khóc nhưng trong lòng rối bời muốn ôm hết all vào mình
Disgust,nhìn khó chịu vãi,nhìn khó chịu vãi
Enjoyment,hmm hãy tưởng tượng nó là một chú gián xink xắm xoè cánh thiên thần bay đến ... 😞,hmm hãy tưởng tượng nó là một chú gián xink xắm xoè cánh thiên thần bay đến 😞
Anger,xin phép phẫn nộ,xin phép phẫn nộ
Fear,per thể loại tao thích nè nhưng mày đi coi với tao nha không tao khóc thét rạp,per thể loại tao thích nè nhưng mày đi coi với tao nha không tao khóc thét rạp
Other,thế cuối cùng có chống được chuột không,thế cuối cùng có chống được chuột không
Enjoyment,đám tụi tao đi chơi xưa nay đều dọn sạch đồ mình kêu hoặc xếp lại gọn một chút cho người ta đỡ dọn .. cái này là sự ý thức thôi …,đám tụi tao đi chơi xưa nay đều dọn sạch đồ mình kêu hoặc xếp lại gọn một chút cho người ta đỡ dọn cái này là sự ý thức thôi …
Disgust,"per vong đòi ít thế nhờ , phải 2 tỷ rồi cho trả góp chứ",per vong đòi ít thế nhờ phải 2 tỷ rồi cho trả góp chứ
Fear,cái video đầu làm hết hồn per per,cái video đầu làm hết hồn per per
Enjoyment,phim hay vãi ấy xem lâu lắm rồi,phim hay vãi ấy xem lâu lắm rồi
Anger,chồng tao mà nói thế tao lại vả vỡ con mẹ nó mồm :)),chồng tao mà nói thế tao lại vả vỡ con mẹ nó mồm
Fear,thật đáng sợ,thật đáng sợ
Enjoyment,per đem rác về nhà vứt luôn haha,per đem rác về nhà vứt luôn haha
Enjoyment,thế mà cũng 5 năm rồi . ❤️,thế mà cũng 5 năm rồi ❤️
Other,bếp dầu này hiện đại rồi,bếp dầu này hiện đại rồi
Enjoyment,chẳng hiểu sao tao cười sặc sụa,chẳng hiểu sao tao cười sặc sụa
Other,ngày nào cũng vậy . có bỏ lỡ ngày nào đâu mà 🤣🤣,ngày nào cũng vậy có bỏ lỡ ngày nào đâu mà 🤣🤣
Other,chỉ cần chọn đúng người đúng thời điểm thôi,chỉ cần chọn đúng người đúng thời điểm thôi
Sadness,kết thúc 3 năm cấp 3 là khoảng tg đẹp nhất nhưng nó cho ta nhiều kỷ niệm đầy tiếc nuối 🤔,kết thúc 3 năm cấp 3 là khoảng tg đẹp nhất nhưng nó cho ta nhiều kỷ niệm đầy tiếc nuối 🤔
Disgust,bán vé số tháng kiếm 100tr nha . nghe ông lol nao trong quốc hội nói vậy .,bán vé số tháng kiếm 100tr nha nghe ông lol nao trong quốc hội nói vậy
Sadness,trông tội vãi,trông tội vãi
Surprise,"tưởng chỉ có trong phim thôi chứ , nay chơi vậy luôn à",tưởng chỉ có trong phim thôi chứ nay chơi vậy luôn à
Sadness,tao mới mọc răng khôn huhu,tao mới mọc răng khôn huhu
Other,cái này là ở đâu vậy ?,cái này là ở đâu vậy
Other,học xong lớp 12 tao chỉ mong 1 đều đừng bao giờ có họp lớp :))),học xong lớp 12 tao chỉ mong 1 đều đừng bao giờ có họp lớp
Disgust,"cứ đem lửa than , nước chay , sau đó cắt ngay ra ăn chấm muối là ngon , vẽ chuyện kiến với chả ong .",cứ đem lửa than nước chay sau đó cắt ngay ra ăn chấm muối là ngon vẽ chuyện kiến với chả ong
Sadness,nhìn dáng đi mà nhớ ông nội 😞,nhìn dáng đi mà nhớ ông nội 😞
Anger,để 1 ngày là khó chịu rồi,để 1 ngày là khó chịu rồi
Enjoyment,được đấy tao thích,được đấy tao thích
Disgust,"lừa đảo có quy mô đủ để truy tố hình sự rồi nhé , 5 triệu liệu có đủ sức cho chúng sợ không ?! hay là chúng mày lại bị cái chùa ba vàng mua hết nhân tính rồi ?",lừa đảo có quy mô đủ để truy tố hình sự rồi nhé 5 triệu liệu có đủ sức cho chúng sợ không hay là chúng mày lại bị cái chùa ba vàng mua hết nhân tính rồi
Enjoyment,chúc đại kỷ nguyên có một buổi tối ấm áp nha ❤️,chúc đại kỷ nguyên có một buổi tối ấm áp nha ❤️
Enjoyment,trồi ôi bài hát đỉnh caooooo,trồi ôi bài hát đỉnh cao
Disgust,"từ không tật nguyền , trở thành tật nguyền để nuôi mấy cái không đáng :))))",từ không tật nguyền trở thành tật nguyền để nuôi mấy cái không đáng
Enjoyment,lần đầu gặp anh cũng là phòng gym =)))),lần đầu gặp anh cũng là phòng gym
Enjoyment,tìm đối tác 😔,tìm đối tác 😔
Other,công ty nào làm như vậy mọi người nghĩ làm hết cho nó khỏi phải vậy ...,công ty nào làm như vậy mọi người nghĩ làm hết cho nó khỏi phải vậy
Sadness,tình chỉ đẹp khi còn dang dở lấy nhau rồi nham nhỉ lắm ai ơi ...,tình chỉ đẹp khi còn dang dở lấy nhau rồi nham nhỉ lắm ai ơi
Enjoyment,hết buồn cũng phải có tiền mới hết được :)),hết buồn cũng phải có tiền mới hết được
Disgust,mẹ chồng cay nghiệt =))))),mẹ chồng cay nghiệt
Enjoyment,ê có khi nào đọc bài này xong buồn cười quá cười toác hàm có khi nào đi bệnh viện không các cụ :v,ê có khi nào đọc bài này xong buồn cười quá cười toác hàm có khi nào đi bệnh viện không các cụ v
Disgust,"tao thì trông nó truyền điện chết mẹ đi , loại này sống nguy hiểm cho xã hội",tao thì trông nó truyền điện chết mẹ đi loại này sống nguy hiểm cho xã hội
Fear,đm hú hồn,địt mẹ hú hồn
Disgust,song rồi em để lại anh một cái sừng 10 phân là ít,song rồi em để lại anh một cái sừng 10 phân là ít
Sadness,thanh xuân rồi cũng sẽ qua có những người trong ta mãi chẳng thể xoá nhoà !,thanh xuân rồi cũng sẽ qua có những người trong ta mãi chẳng thể xoá nhoà
Sadness,câu được chục con heo vàng chả được cái gì,câu được chục con heo vàng chả được cái gì
Other,muối mặn vãi,muối mặn vãi
Sadness,có biết bao người có mảnh đời như vậy !,có bt bao người có mảnh đời như vậy
Enjoyment,đú quan trọng bởi người tao yêu củng không đi chơi valungtung thế là tao vui rồi :)),đú quan trọng bởi người tao yêu củng không đi chơi valungtung thế là tao vui rồi
Sadness,tanh bành cuộc đời rồi,tanh bành cuộc đời rồi
Disgust,óc chó đi dậy đời,óc chó đi dậy đời
Other,per chị đã kịp đi chỗ này chưa ?,per chị đã kịp đi chỗ này chưa
Fear,"per thấy chế thủ sẵn hộp mặt nạ rồi thì phải . tim em mong manh lắm , đừng để em hoạng sợ nhá chị ??",per thấy chế thủ sẵn hộp mặt nạ rồi thì phải tim em mong manh lắm đừng để em hoạng sợ nhá chị
Disgust,bảo dân trí thấp lại tự ái,bảo dân trí thấp lại tự ái
Enjoyment,không biết thật không nhỉ =)),không bt thật không nhỉ
Fear,per tao mãi mãi bị con này ám ảnh từ bé đến giờ . thứ gì mà đéo thể yêu thương nỗi . nghe tiếng nó kêu là tao bỏ chạy trăm mét 😒,per tao mãi mãi bị con này ám ảnh từ bé đến giờ thứ gì mà đéo thể yêu thương nỗi nghe tiếng nó kêu là tao bỏ chạy trăm mét 😒
Disgust,khách nào nhỏ nhen vậy ...,khách nào nhỏ nhen vậy
Other,66 năm trời luôn đấy,66 năm trời luôn đấy
Other,tự bỏ tiền ra trồng tự cạo mủ cho chắc củ,tự bỏ tiền ra trồng tự cạo mủ cho chắc củ
Surprise,ông nội này chất đấy,ông nội này chất đấy
Enjoyment,"hí hí . tiến sĩ cừu , thạc sĩ cừu ... chẹp chẹp 😃",hí hí tiến sĩ cừu thạc sĩ cừu chẹp chẹp 😃
Sadness,lấy vợ xong béo quá rồi . hình như ai cũng v à 🙃,lấy vợ xong béo quá rồi hình như ai cũng vậy à 🙃
Enjoyment,per ơi nhột nhẹ kkkkk,per ơi nhột nhẹ không
Enjoyment,muốn tạo ra niềm tin đôi khi bạn cần sự dối trá 😉,muốn tạo ra niềm tin đôi khi bạn cần sự dối trá 😉
Enjoyment,cổ tích thôi nhé . tao mới bị hỏi vì rẽ không xi nhan . và anh chỉ nhẹ nhàng phán 1 câu : ‘’ 2 triệu đưa đây không thôi mai cầm 3 triệu lên đồn nhận xe nhé ’’ anh thật là dễ thương 🙂,cổ tích thôi nhé tao mới bị hỏi vì rẽ không xi nhan và anh chỉ nhẹ nhàng phán 1 câu ‘’ 2 triệu đưa đây không thôi mai cầm 3 triệu lên đồn nhận xe nhé ’’ anh thật là dễ thương 🙂
Fear,sợ xanh mắt mèo,sợ xanh mắt mèo
Sadness,"khi bạn làm con b sẽ khóc , nhưng khi bạn đã làm cha mẹ bạn sẽ thấy đau lòng .",khi bạn làm con b sẽ khóc nhưng khi bạn đã làm cha mẹ bạn sẽ thấy đau lòng
Enjoyment,bộ phim hay ý nghĩa nhất từng xem,bộ phim hay ý nghĩa nhất từng xem
Fear,cả 2 kẻ này đều đáng sợ !,cả 2 kẻ này đều đáng sợ
Enjoyment,mai đấu giá thử cai lap cua mình chứa toàn tài liệu tiếng nhật 😂😂,mai đấu giá thử cai lap cua mình chứa toàn tài liệu tiếng nhật 😂😂
Other,trời đánh tránh miếng ăn,trời đánh tránh miếng ăn
Enjoyment,hoan hô . công nhân đâu phải trẻ mầm non,hoan hô công nhân đâu phải trẻ mầm non
Surprise,tao . dân đaklak nhưng lần đầu tiên nghe chuyện này ....,tao dân đaklak nhưng lần đầu tiên nghe chuyện này
Fear,cảm giác tóc sau gáy bắt đầu dựng lên :))),cảm giác tóc sau gáy bắt đầu dựng lên
Fear,mấy má đang có kinh rồi mặc áo đầm nhảy qua thì nhuộm đỏ 1 dòng sông cmnl 😳,mấy má đang có kinh rồi mặc áo đầm nhảy qua thì nhuộm đỏ 1 dòng sông cmnl 😳
Sadness,chưa được đi pháp mà huhu,chưa được đi pháp mà huhu
Sadness,là nhìn người ta đi cạnh 1 cô gái mà bất lực không thể làm gì ngoài việc ngồi nhìn và mỉm cười,là nhìn người ta đi cạnh 1 cô gái mà bất lực không thể làm gì ngoài việc ngồi nhìn và mỉm cười
Disgust,giờ còn thể loại dâm ô nam sinh mới ghê :))),giờ còn thể loại dâm ô nam sinh mới ghê
Fear,tao bắt đầu sợ nó ròi đấy :)) ám ảnh vãi,tao bắt đầu sợ nó ròi đấy ám ảnh vãi
Surprise,thế đéo nào ma không bị phóng điện nhỉ,thế đéo nào ma không bị phóng điện nhỉ
Anger,hk động chạm nó cũng dí sấp mặt luôn rồi . dm . 😌,hk động chạm nó cũng dí sấp mặt luôn rồi địt mẹ 😌
Anger,5 triệu nhằm nhò gì so với 1 khoá lễ của bả ? sao không cho hành nghề vĩnh viễn luôn đi . chỉ cấm ở ba vàng thì lại lộng hành ở chỗ khác thôi .,5 triệu nhằm nhò gì so với 1 khoá lễ của bả sao không cho hành nghề vĩnh viễn luôn đi chỉ cấm ở ba vàng thì lại lộng hành ở chỗ khác thôi
Fear,bá đạo vậy chơi sao lại 🤣,bá đạo vậy chơi sao lại 🤣
Sadness,khổ thân con mèo :((,khổ thân con mèo
Other,nó chụp màn hình là còn tốt chán . có đứa nó còn đéo thèm đọc tn ấy .,nó chụp màn hình là còn tốt chán có đứa nó còn đéo thèm đọc tn ấy
Enjoyment,tôi cắn bất chấp =)))))))) chắc là tôi yêu tụi nó cuồng si rồi,tôi cắn bất chấp chắc là tôi yêu tụi nó cuồng si rồi
Anger,bà này khác gì lũ đa cấp đi lừa đảo đâu sao không cho vô tù,bà này khác gì lũ đa cấp đi lừa đảo đâu sao không cho vô tù
Sadness,rồi tôi sẽ hết được uống nước ở đây nữa :((,rồi tôi sẽ hết được uống nước ở đây nữa
Surprise,per nhìn na ná chữ mày =))),per nhìn na ná chữ mày
Sadness,buồn thay cho lớp tao,buồn thay cho lớp tao
Enjoyment,chúc 2 you hạnh phúc ❤,chúc 2 you hạnh phúc ❤
Surprise,có vẻ như cái gì nước ngoài cũng to hơn nước ta 🙂,có vẻ như cái gì nước ngoài cũng to hơn nước ta 🙂
Sadness,why ???? ai đã cướp boss 6 múi của tao vậy 😭😭😭😭,why ai đã cướp boss 6 múi của tao vậy 😭
Enjoyment,đồng nghiệp nhắng nhít nhất hệ mặt trời =))),đồng nghiệp nhắng nhít nhất hệ mặt trời
Other,"tao tự hỏi sao đứa quay phim nó lại quay đúng lúc thế , chắc chắn nó dự là sẽ nát con xe đó nhưng không nói :))",tao tự hỏi sao đứa quay phim nó lại quay đúng lúc thế chắc chắn nó dự là sẽ nát con xe đó nhưng không nói
Sadness,tại trà sữa làm tao mập chứ tao có muốn đâu :(,tại trà sữa làm tao mập chứ tao có muốn đâu
Disgust,có nhìu người bỏ vài đồng ra nhưg chỉ thích hành hạ người khác .,có nhìu người bỏ vài đồng ra nhưg chỉ thích hành hạ người khác
Sadness,nếu để ý kĩ thì lái tàu có thể bước xuống và kéo đường ray qua một bên rồi cho tàu bẻ tay lái một chút là cứu được cái xe . tiếc cái xe quá,nếu để ý kĩ thì lái tàu có thể bước xuống và kéo đường ray qua một bên rồi cho tàu bẻ tay lái một chút là cứu được cái xe tiếc cái xe quá
Other,thay đổi chóng mặt,thay đổi chóng mặt
Other,an toàn cho mình chứ cho ai đâu mà cứ thích kiểu trốn tránh ấy nhỉ ..,an toàn cho mình chứ cho ai đâu mà cứ thích kiểu trốn tránh ấy nhỉ
Enjoyment,bên aeon hay thật đấy =))))),bên aeon hay thật đấy
Sadness,và rồi cô ấy sẽ mãi mãi không có người yêu =((,và rồi cô ấy sẽ mãi mãi không có người yêu
Enjoyment,cảm giác thanh thản vãi,cảm giác thanh thản vãi
Enjoyment,"mấy anh làm video đầu tư ghê , nội dung diễn xuất hay",mấy anh làm video đầu tư ghê nội dung diễn xuất hay
Other,chắc chưa biết đến trụ đèn đỏ nằm ngay chân cầu :),chắc chưa bt đến trụ đèn đỏ nằm ngay chân cầu
Other,khi nào người con gái ấy xuất hiện đúng lúc trong cuộc đời của tôi đây,khi nào người con gái ấy xuất hiện đúng lúc trong cuộc đời của tôi đây
Enjoyment,đây là bạn tao . =)),đây là bạn tao
Other,ko bằng con 🐕,không bằng con 🐕
Sadness,đọc xong nước mắt ứa ra,đọc xong nước mắt ứa ra
Anger,"căm thù , uất đến tận họng mà không biết phải làm gì ??? càng xem càng thấy đau lòng mặc dù không phải con mình . 1 xh thối nát , đồng tiền làm lu mờ nhân tính con người .",căm thù uất đến tận họng mà không bt phải làm gì càng xem càng thấy đau lòng mặc dù không phải con mình 1 xh thối nát đồng tiền làm lu mờ nhân tính con người
Enjoyment,"ỏoo , nó cười xong kiểu cả không gian ngập nắng , thế giới thu bé lại chỉ có hai đứa , rồi tim cứ đập thình thịch , nghĩ thoii mà cũng thích , hì :>",ỏoo nó cười xong kiểu cả không gian ngập nắng thế giới thu bé lại chỉ có hai đứa rồi tim cứ đập thình thịch nghĩ thoii mà cũng thích hì
Enjoyment,chúc mày mau khoẻ nhá chủ thớt ạ =)),chúc mày mau khoẻ nhá chủ thớt ạ
Disgust,hàng xóm và họ hàng là 2 đối tượng hãm chưa từng có,hàng xóm và họ hàng là 2 đối tượng hãm chưa từng có
Sadness,trời ơi cái đoạn này em khóc tu tu luôn 😪.. trong khoảnh khắc rời xa một ai đó mãi mãi cơn đau thấu ngực trái huhu,trời ơi cái đoạn này em khóc tu tu luôn 😪 trong khoảnh khắc rời xa một ai đó mãi mãi cơn đau thấu ngực trái huhu
Disgust,ngang trái quá ạ !,ngang trái quá ạ
Disgust,per mai mốt không xem hết video đừng vô phán,per mai mốt không xem hết video đừng vô phán
Anger,có cái ảnh tỉ năm trước cứ đăng đăng con cặc . đéo thấy nhàm à . nghĩ thôi thấy bất hạnh vãi .,có cái ảnh tỉ năm trước cứ đăng đăng con cặc đéo thấy nhàm à nghĩ thôi thấy bất hạnh vãi
Enjoyment,"sao vẫn còn người tốt trong xã hội này , đáng khâm phục",sao vẫn còn người tốt trong xã hội này đáng khâm phục
Other,nhận khách tàu nhanh ai muốn không nè,nhận khách tàu nhanh ai muốn không nè
Anger,tao sẽ lấy hết tất cả các nick clone tao có phẫn nộ cái vid này 🙂,tao sẽ lấy hết tất cả các nick clone tao có phẫn nộ cái vid này 🙂
Enjoyment,cười thấy đáng yêu ^^,cười thấy đáng yêu
Enjoyment,giun xào đĩa luộc là ngon ngay 😂😂😂,giun xào đĩa luộc là ngon ngay 😂
Sadness,e quê bg mà mùa vải còn không có vải mà ăn @@@,e quê bg mà mùa vải còn không có vải mà ăn
Disgust,muốn ói,muốn ói
Enjoyment,per tôi đợi ngày nhận thiệp cưới của ông,per tôi đợi ngày nhận thiệp cưới của ông
Other,đen thôi đỏ vẫn thế,đen thôi đỏ vẫn thế
Enjoyment,ha ha chịu không nổi luôn !,ha ha chịu không nổi luôn
Enjoyment,per hãy cảm ơn tao đi hâhah,per hãy cảm ơn tao đi hâhah
Sadness,phim này là người cha zombie yêu thương con nè . xúc động quá 😢😢,phim này là người cha zombie yêu thương con nè xúc động quá 😢😢
Fear,"đi chơi gặp 3 con mất dậy này vừa bị dí vừa bị cạp đít đau không chịu được sau phải nhảy lên cây để trốn , giờ gặp là sợ 😭😭",đi chơi gặp 3 con mất dậy này vừa bị dí vừa bị cạp đít đau không chịu được sau phải nhảy lên cây để trốn giờ gặp là sợ 😭😭
Enjoyment,thật ra cách quét hạt xốp rất dễ mà có thể các bạn chưa biết . đó là . tẩm xăng những chỗ có xốp và đốt 😂,thật ra cách quét hạt xốp rất dễ mà có thể các bạn chưa bt đó là tẩm xăng những chỗ có xốp và đốt 😂
Disgust,đúng là xa thơm gần thối . người tuyệt vời ngay trước mắt mà không thấy,đúng là xa thơm gần thối người tuyệt vời ngay trước mắt mà không thấy
Surprise,per võ công thâm hậu quá,per võ công thâm hậu quá
Fear,lúc bé mình rất sợ,lúc bé mình rất sợ
Enjoyment,thề cưng thiệc sự =)),thề cưng thiệc sự
Sadness,tao tưởng nó té cái đùng chứ . làm ngồi chờ mãi mỏi cả mắt,tao tưởng nó té cái đùng chứ làm ngồi chờ mãi mỏi cả mắt
Other,loại cửa đó :))) cái khung sắt cứng không tả nổi . đen lắm bung cả cửa ra thôi .,loại cửa đó cái khung sắt cứng không tả nổi đen lắm bung cả cửa ra thôi
Other,chắc phải đi một chuyến thôi :3,chắc phải đi một chuyến thôi 3
Surprise,sao có thể ngây thơ đến vậy được nhỉ,sao có thể ngây thơ đến vậy được nhỉ
Enjoyment,per chuyện cổ tích nè ! haha !,per chuyện cổ tích nè haha
Anger,địt mẹ . và ở việt nam chúng tôi gọi đó là lũ óc chó bán phá giá đó,địt mẹ và ở việt nam chúng tôi gọi đó là lũ óc chó bán phá giá đó
Fear,mối nguy hại đó,mối nguy hại đó
Other,t chỉ ngồi nhà và ngắm cảnh tắc đường thôi,tao chỉ ngồi nhà và ngắm cảnh tắc đường thôi
Other,mình có xài rồi nè hồi lúc đi làm xí nghiêp gọi là lò xô đổ dầu xài,mình có xài rồi nè hồi lúc đi làm xí nghiêp gọi là lò xô đổ dầu xài
Sadness,không biết phải mình lúa không . chứ mỗi lần đi du lịch trước khi trả phòng là mình phải dọn sạch sẽ . cứ nghĩ nhận phòng sao thì trả phòng vậy . bị anh chồng la hoài là vậy,không bt phải mình lúa không chứ mỗi lần đi du lịch trước khi trả phòng là mình phải dọn sạch sẽ cứ nghĩ nhận phòng sao thì trả phòng vậy bị anh chồng la hoài là vậy
Sadness,em đang ở đâu mà mấy năm rồi chưa thấy xuất hiện :),em đang ở đâu mà mấy năm rồi chưa thấy xuất hiện
Sadness,vì tao xấu và chúng nó chỉ thích gái đẹp,vì tao xấu và chúng nó chỉ thích gái đẹp
Anger,"chó chứ không phải người , rất mong pháp luật anh minh",chó chứ không phải người rất mong pháp luật anh minh
Disgust,t xem phim này cứ thích bà ma nhập vào thôi chứ bình thường yếu đúi nhạt tao không thích,tao xem phim này cứ thích bà ma nhập vào thôi chứ bình thường yếu đúi nhạt tao không thích
Sadness,cay đắng cuộc đời 😞 một chút vị mặn của mồ hôi nước mắt,cay đắng cuộc đời 😞 một chút vị mặn của mồ hôi nước mắt
Fear,"theo mình thì không nên vì định kiến xã hội quá khắc nghiệt , họ sẽ bị tổn thương và nghĩ quẩn",theo mình thì không nên vì định kiến xã hội quá khắc nghiệt họ sẽ bị tổn thương và nghĩ quẩn
Enjoyment,đáng yêuc vãi anh ơi,đáng yêuc vãi anh ơi
Surprise,tao tưởng tới đoạn per tuyên bố hôn nụ hôn chia tay chứ … ai ngờ kết quả lại khác bây,tao tưởng tới đoạn per tuyên bố hôn nụ hôn chia tay chứ … ai ngờ kết quả lại khác bây
Enjoyment,per :)) chắc giống cảm nhận của ông lái oto hôm qua,per chắc giống cảm nhận của ông lái oto hôm qua
Sadness,"ước gì mèo nhà mình cũng có thể về nhà như vậy , mất ẻm được 2 năm rồi :(((",ước gì mèo nhà mình cũng có thể về nhà như vậy mất ẻm được 2 năm rồi
Enjoyment,bà ngày xưa đẹp quá ❤️,bà ngày xưa đẹp quá ❤️
Disgust,chỉ có mấy thằng ấn ngáo ngơ vừa bẩn trông chẳng giá gì . đúng là lớp 1 trượt môn đạo đức vì tội không ju jin vệ sinh thân thể,chỉ có mấy thằng ấn ngáo ngơ vừa bẩn trông chẳng giá gì đúng là lớp 1 trượt môn đạo đức vì tội không ju jin vệ sinh thân thể
Anger,cái quần gì vậy đmmmmm đang tủi thân xem cái lol này nữa,cái quần gì vậy địt mẹ đang tủi thân xem cái lol này nữa
Sadness,khổ người lao động thôi,khổ người lao động thôi
Sadness,thiếu hình ăn gà rán rồi,thiếu hình ăn gà rán rồi
Sadness,boss hổng có 6 múi hả :( buồn dị,boss không có 6 múi hả buồn dị
Sadness,phải tự cho mình đau lòng nhất thì mới bỏ được,phải tự cho mình đau lòng nhất thì mới bỏ được
Anger,"quay quay cái lồn , thấy bị bắt nạt thì ra nói một câu bảo vệ người ta , có khi tối về lại có người nằm ôm . cứ cầm điện thoại pin với chả không pin",quay quay cái lồn thấy bị bắt nạt thì ra nói một câu bảo vệ người ta có khi tối về lại có người nằm ôm cứ cầm điện thoại pin với chả không pin
Sadness,yêu sắp 2 năm rồi mà không biết người yêu kể chuyện cho nghe là gì 😢 đòi mấy lần toàn kêu không bình thường xịu xịu,yêu sắp 2 năm rồi mà không bt người yêu kể chuyện cho nghe là gì 😢 đòi mấy lần toàn kêu không bình thường xịu xịu
Enjoyment,hi vọng câu chuyện admin vừa bịa ra giúp các bạn có thêm niềm tin trong cuộc sống 😂.,hi vọng câu chuyện admin vừa bịa ra giúp các bạn có thêm niềm tin trong cuộc sống 😂
Sadness,nhiều lúc buồn đến nỗi coi những vid thế này . đéo thể cười nỗi .,nhiều lúc buồn đến nỗi coi những vid thế này đéo thể cười nỗi
Fear,"đồng nghiệp tốt , chị em tốt đi làm như đi chơi :)) chứ làm cùng với mấy con mlz đáng sợ lắm :))",đồng nghiệp tốt chị em tốt đi làm như đi chơi chứ làm cùng với mấy con mlz đáng sợ lắm
Surprise,đây là cách các chàng trai thu hút sự chú ý của các cô gái hả ?,đây là cách các chàng trai thu hút sự chú ý của các cô gái hả
Disgust,chủ vô tâm có chó mà nuôi vất năn vất lóc không tắm rửa để bẩn thì trả có giận có ve,chủ vô tâm có chó mà nuôi vất năn vất lóc không tắm rửa để bẩn thì trả có giận có ve
Disgust,tránh xa tao ra,tránh xa tao ra
Other,"đừng bao giờ sợ trở thành chính mình , bạn hãy nhớ bản gốc luôn có giá trị hơn bản sao",đừng bao giờ sợ trở thành chính mình bạn hãy nhớ bản gốc luôn có giá trị hơn bản sao
Other,"và cô gái ăn cái bánh vài năm vẫn chưa xong ,",và cô gái ăn cái bánh vài năm vẫn chưa xong
Disgust,họp lớp cấp 2 đi được 2 lần . cấp 3 năm trước năm nay thôi nhưng đéo 🙂,họp lớp cấp 2 đi được 2 lần cấp 3 năm trước năm nay thôi nhưng đéo 🙂
Enjoyment,yêu thế nhè 😍😍😍 có em gái chắc cũng vui lắm,yêu thế nhè 😍 có em gái chắc cũng vui lắm
Enjoyment,viết tên anh trên cát cho sóng đập nát cái matlon anh :)),viết tên anh trên cát cho sóng đập nát cái matlon anh
Disgust,cái lò tao ghét nhất,cái lò tao ghét nhất
Other,per mày mà bị như thế này chắc mày phải nhảy ra ngoài vũ trụ luôn nhỉ,per mày mà bị như thế này chắc mày phải nhảy ra ngoài vũ trụ luôn nhỉ
Enjoyment,các b học sinh đáng yêu quá,các b học sinh đáng yêu quá
Anger,con người chứ có phải con cặc đâu mà để nói hoài,con người chứ có phải con cặc đâu mà để nói hoài
Other,"tuổi thơ mình toàn đi đánh nhau với bọn con trai , có thằng ắt ơ nào chịu nhường nhịn con gái đâu",tuổi thơ mình toàn đi đánh nhau với bọn con trai có thằng ắt ơ nào chịu nhường nhịn con gái đâu
Surprise,"ủa tao tưởng trái bòn bon chứ ,",ủa tao tưởng trái bòn bon chứ
Sadness,vì tiền mà làm đau làm khổ người khác như thế này sao 😔,vì tiền mà làm đau làm khổ người khác như thế này sao 😔
Enjoyment,sao giống phim good doctor của hàn vậy ?? cũng bệnh tự kỉ và có khả năng nhìn được 3d !,sao giống phim good doctor của hàn vậy cũng bệnh tự kỉ và có khả năng nhìn được 3d
Disgust,kệ cha nó,kệ cha nó
Other,ngày xưa tao cũng viết nhưng bị chị gái đọc trộm từ đó dẹp mẹ nhật ký luôn,ngày xưa tao cũng viết nhưng bị chị gái đọc trộm từ đó dẹp mẹ nhật ký luôn
Enjoyment,mai xem lại phim nay . phim rất hay .,mai xem lại phim nay phim rất hay
Anger,lm ngày có trăm ngàn thôi mà dọn lòi lol vãi vả cức haizx thật,làm ngày có trăm ngàn thôi mà dọn lòi lol vãi vả cức haizx thật
Enjoyment,ông này đẹp vãi,ông này đẹp vãi
Enjoyment,tuổi trẻ tài cao :)),tuổi trẻ tài cao
Other,"chỉ cần đó là việc mình thích , không làm phiền ai là được",chỉ cần đó là việc mình thích không làm phiền ai là được
Disgust,"mình thấy cũng bình thường 🤔 ny mình ủ hũ mắm tôm , mắm tép nếu tiếp tục không rửa chắc hơn 30 năm nữa là đạt kỉ lục thế giới “ ủ mắm tôm ” 60 năm mất 🤦🏻‍♂️",mình thấy cũng bình thường 🤔 người yêu mình ủ hũ mắm tôm mắm tép nếu tiếp tục không rửa chắc hơn 30 năm nữa là đạt kỉ lục thế giới “ ủ mắm tôm ” 60 năm mất 🤦🏻‍♂️
Sadness,"em ơi , hết rồi 😔 hết rồi , chẳng còn chi nữa đâu em ...",em ơi hết rồi 😔 hết rồi chẳng còn chi nữa đâu em
Disgust,có ai thấy tởm nhưng vẫn coi hết video như tao không 😌😌,có ai thấy tởm nhưng vẫn coi hết video như tao không 😌😌
Disgust,đúng chất trẻ trâu,đúng chất trẻ trâu
Disgust,nó lợi dụng ở 1 khía cạnh nào đó mà thôi,nó lợi dụng ở 1 khía cạnh nào đó mà thôi
Enjoyment,cuối cùng là hai mình ăn được ngủ được :))) đứa nào cũng lên vài kí,cuối cùng là hai mình ăn được ngủ được đứa nào cũng lên vài kí
Sadness,cả người nhà người yêu cũng không đồng ý :((,cả người nhà người yêu cũng không đồng ý
Fear,tao xem mà cứ sợ nó ngã vãi 🙂,tao xem mà cứ sợ nó ngã vãi 🙂
Sadness,"crush một ai đó là điều không bao giờ có rồi , vì mình vừa béo , vừa xấu gái , vừa vv and vv . auto nhục 😞😞😞",người mình thích một ai đó là điều không bao giờ có rồi vì mình vừa béo vừa xấu gái vừa vv and vv auto nhục 😞
Other,per bố ơi bảo con rể làm thế đii :>,per bố ơi bảo con rể làm thế đii
Sadness,hôm nay thật tệ :((,hôm nay thật tệ
Disgust,chết mẹ mày đi ;))) không làm được thì nghỉ nhé . kiếm đồng tiền của bố dễ à kkkk,chết mẹ mày đi không làm được thì nghỉ nhé kiếm đồng tiền của bố dễ à không
Surprise,ông này tài quá,ông này tài quá
Surprise,per . ủa sao giống răng anh vậy,per ủa sao giống răng anh vậy
Disgust,7 thằng này không phải con người chúng mày ạ,7 thằng này không phải con người chúng mày ạ
Disgust,kinh tởm,kinh tởm
Enjoyment,tag vô cho xem mấy đứa xấu tánh thôi chứ ghệ anh tánh cực kỳ dt,tag vô cho xem mấy đứa xấu tánh thôi chứ ghệ anh tánh cực kỳ điện thoại
Fear,per nguy hiểm vãi,per nguy hiểm vãi
Enjoyment,tao thích bài này lắm luôn ý,tao thích bài này lắm luôn ý
Sadness,"chấp nhận đau khổ , để đổi lấy hạnh phúc , mà tìm mãi hạnh phúc không đến thế mới đau em .",chấp nhận đau khổ để đổi lấy hạnh phúc mà tìm mãi hạnh phúc không đến thế mới đau em
Disgust,tuổi thơ của tao toàn chơi với lũ cướp đồ ăn của tao với trêu tao cả ngày thôi chứ làm gì gặp được mấy soái như vậy đâu .,tuổi thơ của tao toàn chơi với lũ cướp đồ ăn của tao với trêu tao cả ngày thôi chứ làm gì gặp được mấy soái như vậy đâu
Other,mai anh gọi tôi dậy đi :)),mai anh gọi tôi dậy đi
Enjoyment,per vậy cug nghĩ ra được haha,per vậy cug nghĩ ra được haha
Enjoyment,đố ai định nghĩa được tình yêu . có khó gì đâu một buổi chiều . nó chiếm hồn ta bằng nắng hạ . bằng mây nhè nhẹ gío hiu hiu 👏,đố ai định nghĩa được tình yêu có khó gì đâu một buổi chiều nó chiếm hồn ta bằng nắng hạ bằng mây nhè nhẹ gío hiu hiu 👏
Disgust,nhiệt tình + ngu dốt = phá hoại . toàn óc đi xem bđ,nhiệt tình ngu dốt phá hoại toàn óc đi xem bđ
Enjoyment,"ông sống trên vũ trụ , vợ ông sống ở trái đất , ông cao thêm 5cm là chuyện bthg 😂",ông sống trên vũ trụ vợ ông sống ở trái đất ông cao thêm 5cm là chuyện bthg 😂
Other,"đồng chí thịt vợ tương lai của em thì nhẹ nhẹ đấy , không là phải cứ giã như gạo là không được đâu 😡😡",đồng chí thịt vợ tương lai của em thì nhẹ nhẹ đấy không là phải cứ giã như gạo là không được đâu 😡😡
Disgust,nhạc hay chứ lời xàm .. vậy cũng rần rần,nhạc hay chứ lời xàm vậy cũng rần rần
Other,khóc lóc rồi năm sau họp lớp đéo ai đi :)),khóc lóc rồi năm sau họp lớp đéo ai đi
Anger,"per mất dậy vãi , lớn lên nó sẽ biết nó làm như này trên tv là không hay",per mất dậy vãi lớn lên nó sẽ bt nó làm như này trên tv là không hay
Other,ta và nàng cùng quên .,ta và nàng cùng quên
Sadness,em không muốn chúng ta già đi chút nào . điều đó đồng nghĩa với việc cta sắp xa nhau 😔# n,em không muốn chúng ta già đi chút nào điều đó đồng nghĩa với việc cta sắp xa nhau 😔 n
Disgust,"cấp tao tao toàn gặp mấy thằng trời đánh , per với per , hai đứa mày có đọc được thì nhớ là tao vẫn ghim hai đứa mày vì hay trêu tao , còn một thằng tên per nữa , dume bị nó bắt nạt cho khóc suốt 😡",cấp tao tao toàn gặp mấy thằng trời đánh per với per hai đứa mày có đọc được thì nhớ là tao vẫn ghim hai đứa mày vì hay trêu tao còn một thằng tên per nữa dume bị nó bắt nạt cho khóc suốt 😡
Enjoyment,vỉa hè to thế vẫn còn muốn ăn cả ồ hố nữa hả =)),vỉa hè to thế vẫn còn muốn ăn cả ồ hố nữa hả
Other,đến đoạn chúng nó ctay con mẹ nó luôn :)),đến đoạn chúng nó ctay con mẹ nó luôn
Enjoyment,nhớ thời sinh viên 😃,nhớ thời sinh viên 😃
Other,"vui thôi đừng vui quá , làm ai cũng ngại",vui thôi đừng vui quá làm ai cũng ngại
Anger,đéo biết ! vợ tôi đéo cho nữa !,đéo bt vợ tôi đéo cho nữa
Other,lạng sơn đang nắng mà,lạng sơn đang nắng mà
Fear,"thiện tai , thế giới này khi nào mới được yên bình",thiện tai thế giới này khi nào mới được yên bình
Enjoyment,mới tết xong . tặng cặp bánh chưng là ưng nhất :)),mới tết xong tặng cặp bánh chưng là ưng nhất
Sadness,giờ thì chả dám nhìn nữa hic :((,giờ thì chả dám nhìn nữa hic
Disgust,tào lao ròi đóa,tào lao ròi đóa
Enjoyment,đến câu nào có đáp số quen thì khoanh :)),đến câu nào có đáp số quen thì khoanh
Other,lở có sự cố vì đó so với kỷ luật vây có bằng không,lở có sự cố vì đó so với kỷ luật vây có bằng không
Disgust,"nta nói đừng có nhìn mặt mà bắt hình dong nhg mà thực sự nhìn bả , tôi thấy cứ đanh đá , mưu mô , xảo quyệt kiểu gì ý , cảm thấy đây là con người không có hậu",nta nói đừng có nhìn mặt mà bắt hình dong nhg mà thực sự nhìn bả tôi thấy cứ đanh đá mưu mô xảo quyệt kiểu gì ý cảm thấy đây là con người không có hậu
Anger,đỉ lol đè chết mẹ đi . hát cái lol,đỉ lol đè chết mẹ đi hát cái lol
Anger,công tình yêu làm ăn kiểu lồn gì vậy .,công tình yêu làm ăn kiểu lồn gì vậy
Other,tưởng thế nào 🤣,tưởng thế nào 🤣
Enjoyment,vcb thu phí dịch vụ cao có khác . lương nv cũng hơn chỗ khác :)),vcb thu phí dịch vụ cao có khác lương nv cũng hơn chỗ khác
Surprise,đoạn 3 móc cái dt nhanh vliz,đoạn 3 móc cái điện thoại nhanh vliz
Disgust,thì đã sao ? miếng cơm nghề nghiệp người ta . nếu như không thích quay thì lên đòi ban tổ chức ấy hoặc đừng có mà chơi bóng chứ đâu ra cái kiểu bố đời ấy,thì đã sao miếng cơm nghề nghiệp người ta nếu như không thích quay thì lên đòi ban tổ chức ấy hoặc đừng có mà chơi bóng chứ đâu ra cái kiểu bố đời ấy
Fear,nguy hiểm thật ... suýt nữa tao ảo tưởng con mẹ nó luôn rồi ..,nguy hiểm thật suýt nữa tao ảo tưởng con mẹ nó luôn rồi
Anger,"bố đã làm gì mày đâu , con chó này =))",bố đã làm gì mày đâu con chó này
Sadness,"cùng cười cùng khóc cùng vượt qua khó khăn , đau khổ nhưng cuối cùng lại là con số 0 :)",cùng cười cùng khóc cùng vượt qua khó khăn đau khổ nhưng cuối cùng lại là con số 0
Other,điều quan trọng ở đây là mày cần sạc điện thoại kìa,điều quan trọng ở đây là mày cần sạc điện thoại kìa
Enjoyment,t không phải con sến súa . ko cần quá cầu kì lãng mạn . cầu hôn tao thế này là tao đổ rồi per,tao không phải con sến súa không cần quá cầu kì lãng mạn cầu hôn tao thế này là tao đổ rồi per
Other,giết người quá rồi giờ phải đi tù chứ :))),giết người quá rồi giờ phải đi tù chứ
Enjoyment,con mèo đág yêuc quá 🤣,con mèo đág yêuc quá 🤣
Disgust,bị đánh bại bằng đòn mông . nổi ô nhục đến chết cũng không hết nổi,bị đánh bại bằng đòn mông nổi ô nhục đến chết cũng không hết nổi
Disgust,quả dạ vâng kia ngọt vãi ngọt . đéo bù khách của tao toàn được,quả dạ vâng kia ngọt vãi ngọt đéo bù khách của tao toàn được
Other,tôi nói với các ông nhé . dắt bộ qua chốt cũng chưa chắc ngon ăn per,tôi nói với các ông nhé dắt bộ qua chốt cũng chưa chắc ngon ăn per
Enjoyment,đúng các anh 2 nghĩ ra nhiều kiểu quá,đúng các anh 2 nghĩ ra nhiều kiểu quá
Disgust,đã hói lại còn mắt thâm,đã hói lại còn mắt thâm
Sadness,thế nên tao với mày không thể làm người yêu nhau được,thế nên tao với mày không thể làm người yêu nhau được
Sadness,mèo người ta đi lạc về nó còn nhớ chủ chủ còn được đụng nó còn mèo nhà tao đi tán trai có mấy tháng về nhà thấy chủ như thấy ma 😌😌,mèo người ta đi lạc về nó còn nhớ chủ chủ còn được đụng nó còn mèo nhà tao đi tán trai có mấy tháng về nhà thấy chủ như thấy ma 😌😌
Sadness,ngày xưa cũng như này trong lúc mối quan hệ bắt đầu nhạt :) haiz,ngày xưa cũng như này trong lúc mối quan hệ bắt đầu nhạt haiz
Enjoyment,"per đây là thằng con trai vừa đẹp còn có não , mong per học hỏi ! xin cảm ơn",per đây là thằng con trai vừa đẹp còn có não mong per học hỏi xin cảm ơn
Enjoyment,"ngày xưa , ngoài thú vui chọc chó dí , còn chọc cho ngỗg rượt . cách giảm cân hịu quả nhất cho mấy đứa lười 😂. nhớ lại vui thật , đúg là thời sửu nhi .",ngày xưa ngoài thú vui chọc chó dí còn chọc cho ngỗg rượt cách giảm cân hịu quả nhất cho mấy đứa lười 😂 nhớ lại vui thật đúg là thời sửu nhi
Sadness,mình toàn làm ba mẹ buồn,mình toàn làm ba mẹ buồn
Enjoyment,thèm được bố chửi 1 lần 🤤🤤,thèm được bố chửi 1 lần 🤤🤤
Anger,thằng quay đáng bị đạp cho lăn con cụ ra mới biết sợ =)) cứ tưởng thế là vui 🙂 súc vật,thằng quay đáng bị đạp cho lăn con cụ ra mới bt sợ cứ tưởng thế là vui 🙂 súc vật
Disgust,nuôi gì mà không có tâm gì v nè,nuôi gì mà không có tâm gì vậy nè
Other,tốt nhất không đi đâu cả nhé ..,tốt nhất không đi đâu cả nhé
Other,bé giỏi toán quá nên cô giáo mất dạy luôn,bé giỏi toán quá nên cô giáo mất dạy luôn
Enjoyment,couple cuối . yêu chết đi được,couple cuối yêu chết đi được
Other,cai nay do co roi . ai con ban nua không,cai nay do co roi ai con ban nua không
Sadness,đây là 1 câu chuyện buồn,đây là 1 câu chuyện buồn
Enjoyment,đã từng được ăn ké vài bữa 😝,đã từng được ăn ké vài bữa 😝
Enjoyment,cưng nhỉ,cưng nhỉ
Fear,"per này , thích thì xem cho đã con mắt đi 🙁 đáng sợ quá mà",per này thích thì xem cho đã con mắt đi 🙁 đáng sợ quá mà
Enjoyment,cũng thơm mà . kì thị quá à .,cũng thơm mà kì thị quá à
Enjoyment,nếu ai cũng có ý thức tốt đẹp thì đất nước này còn gì để nói . đâu có ai hoàn toàn hoàn hảo đâu bạn . dù là moi tần lớp,nếu ai cũng có ý thức tốt đẹp thì đất nước này còn gì để nói đâu có ai hoàn toàn hoàn hảo đâu bạn dù là moi tần lớp
Sadness,"thương quá . giờ con đi học ở lại cả ngày thì hên xui thôi chứ biết làm sao , không ăn thịt heo thì ăn gì . mong sao có lệnh tạm dừng ăn thịt heo trong thời gian này cho các trường mầm non thì hay biết mấy .",thương quá giờ con đi học ở lại cả ngày thì hên xui thôi chứ bt làm sao không ăn thịt heo thì ăn gì mong sao có lệnh tạm dừng ăn thịt heo trong thời gian này cho các trường mầm non thì hay bt mấy
Enjoyment,nhìn qua ảnh thôi cũng thích =)),nhìn qua ảnh thôi cũng thích
Disgust,nhà thì như cái chuồng lợn còn bày đặt đắp mặt !,nhà thì như cái chuồng lợn còn bày đặt đắp mặt
Sadness,"tôi xin nhắc lại , đây là một câu chuyện buồn",tôi xin nhắc lại đây là một câu chuyện buồn
Other,nên công bố để răn đe,nên công bố để răn đe
Sadness,"dù thế nào thì anh tôi luôn bất hạnh , ai khóc cho anh khấc tôi đây 😢",dù thế nào thì anh tôi luôn bất hạnh ai khóc cho anh khấc tôi đây 😢
Disgust,"đang làm nhiệm vụ mà cứ léo nhéo thế nhỉ , để cho cán bộ gọi về cho chỉ huy đi",đang làm nhiệm vụ mà cứ léo nhéo thế nhỉ để cho cán bộ gọi về cho chỉ huy đi
Sadness,nấu cơm như vậy xong đi lên nhà xem hoạt hình .. đến lúc hết phim xuống để xới cơm thì .... khét lẹt,nấu cơm như vậy xong đi lên nhà xem hoạt hình đến lúc hết phim xuống để xới cơm thì khét lẹt
Enjoyment,có ai không sợ nhưng giật mình như tao không :) dumehuhonchimen,có ai không sợ nhưng giật mình như tao không dumehuhonchimen
Enjoyment,"đêm hôm coi lại , cười mún rụg rún",đêm hôm coi lại cười muốn rụg rún
Sadness,năm nào mà tao chã cô đơn,năm nào mà tao chã cô đơn
Other,giận ngược trở lại chúng nó sớm chia tay thôi :))),giận ngược trở lại chúng nó sớm chia tay thôi
Surprise,sao trận này ông này khóc nhỉ :)),sao trận này ông này khóc nhỉ
Disgust,bọn yêu nhau tưởng thế là hay,bọn yêu nhau tưởng thế là hay
Disgust,"khi bạn cố gắng kéo lại với người ta và họ chụp màn hình gửi cho mọi người , còn đem đi kể nữa chứ",khi bạn cố gắng kéo lại với người ta và họ chụp màn hình gửi cho mọi người còn đem đi kể nữa chứ
Other,"bằng lòng với những gì mình đang có đi , trên thế giới có rất nhiều người không được như mình đâu",bằng lòng với những gì mình đang có đi trên thế giới có rất nhiều người không được như mình đâu
Surprise,per bá đạo quá 😁,per bá đạo quá 😁
Sadness,lâu rồi không được nhìn nụ cười ấy,lâu rồi không được nhìn nụ cười ấy
Other,bao năm ăn học ở trg mà các vị làm vài vụ như thế nào 1 năm thì lại vui quá . vks ạ,bao năm ăn học ở trg mà các vị làm vài vụ như thế nào 1 năm thì lại vui quá vks ạ
Enjoyment,dịch vụ tận tâm . đáng yêu quá ! : x,dịch vụ tận tâm đáng yêu quá x
Enjoyment,câu chuyện dễ thương thật ^^,câu chuyện dễ thương thật
Enjoyment,là đi phát tờ rơi ngay mấy ngã tư và cổng trường đại học ! được 200k về mua skin yasuo siêu phẩm 2016,là đi phát tờ rơi ngay mấy ngã tư và cổng trường đại học được 200k về mua skin yasuo siêu phẩm 2016
Other,mình chỉ nói đến cơ hội việc làm thôi chứ không bàn luận gì về việc ông ấy là người như thế nào bạn nhé ??,mình chỉ nói đến cơ hội việc làm thôi chứ không bàn luận gì về việc ông ấy là người như thế nào bạn nhé
Other,còn nhiều người khổ hơn mình :)),còn nhiều người khổ hơn mình
Sadness,"tội mày quá , lần sau mày bình tĩnh hơn nhé",tội mày quá lần sau mày bình tĩnh hơn nhé
Enjoyment,per cười đau bụng luôn 🤣🤣,per cười đau bụng luôn 🤣🤣
Anger,per dẹp hết . không có bán mua quần què gì nữa hết,per dẹp hết không có bán mua quần què gì nữa hết
Enjoyment,"nhìn 1 cái , cười 1 cái rồi về thôi",nhìn 1 cái cười 1 cái rồi về thôi
Enjoyment,tuổi thơ dữ dội là đây .,tuổi thơ dữ dội là đây
Enjoyment,tính ra con bé đó chuyên nghiệp ấy chứ,tính ra con bé đó chuyên nghiệp ấy chứ
Anger,cái địt con mẹ mày ... biết bố mày xem xong tí rơi điện thoại không 😭😭😭😭😭😭😭😭😭,cái địt con mẹ mày bt bố mày xem xong tí rơi điện thoại không 😭
Sadness,per sao tội vạy em,per sao tội vạy em
Other,đéo hiểu,đéo hiểu
Other,nhớ cái bếp của mẹ .,nhớ cái bếp của mẹ
Disgust,tao ghét nhất đăng mấy thể loại v . đúg là nhãm lol,tao ghét nhất đăng mấy thể loại vậy đúg là nhãm lol
Disgust,ghét mấy cái thể loại này . toàn lũ hãm,ghét mấy cái thể loại này toàn lũ hãm
Other,hẳn là phạt 5 triệu luôn,hẳn là phạt 5 triệu luôn
Other,cuộc sống mà,cuộc sống mà
Other,sao không mua thịt về ướp dưới nền rồi nướng luôn,sao không mua thịt về ướp dưới nền rồi nướng luôn
Disgust,((= nói cái này quá là bình thường luôn không đến mức phải xù lông nói là cười nhạo đâu ạ,nói cái này quá là bình thường luôn không đến mức phải xù lông nói là cười nhạo đâu ạ
Sadness,coi xong đoan này . tao thấy nhớ nhà vô cùng 😭,coi xong đoan này tao thấy nhớ nhà vô cùng 😭
Enjoyment,công nhận 😌😌😌 đồng nghiệp hạp hạp tí có khi ngồi buôn cả ngày bám hơn cả bám người yêu . đi làm hôm nào cảm thấy hôm đó ý nghĩa vãi,công nhận 😌 đồng nghiệp hạp hạp tí có khi ngồi buôn cả ngày bám hơn cả bám người yêu đi làm hôm nào cảm thấy hôm đó ý nghĩa vãi
Other,ông bà có đam mê .,ông bà có đam mê
Other,nếu như bạn nào không biết là bạn đồ chanh chẹ,nếu như bạn nào không bt là bạn đồ chanh chẹ
Other,cái vị mà tao nghĩ đến cuối đời con người vẫn chưa nếm hết,cái vị mà tao nghĩ đến cuối đời con người vẫn chưa nếm hết
Enjoyment,hoá nhện tỏ tình đấy :)))),hoá nhện tỏ tình đấy
Sadness,tôi từng trách bố mẹ sao sinh tôi ra trong hoàn cảnh này,tôi từng trách bố mẹ sao sinh tôi ra trong hoàn cảnh này
Surprise,khu này đẹp vãi chưởng,khu này đẹp vãi chưởng
Other,nhớ lại mỗi lần thay tim .. 😂,nhớ lại mỗi lần thay tim 😂
Surprise,em này sao giống chị tao quá vậy,em này sao giống chị tao quá vậy
Other,"ngay bây giờ , chỉ cần anh thật lòng với tôi là được :)",ngay bây giờ chỉ cần anh thật lòng với tôi là được
Other,per 2 đại cao thủ đấu đầu :)),per 2 đại cao thủ đấu đầu
Enjoyment,dễ thương vầy :>,dễ thương vầy
Other,tao đang nghiêm túc đấy,tao đang nghiêm túc đấy
Enjoyment,nói không phải khoe chứ em đi xe bò đi học,nói không phải khoe chứ em đi xe bò đi học
Anger,đm phải tao tao chửi mả bố nhà chúng nó lên chứ trêu trêu cái lol 😒😒 vả cho mỗi thằng ml vài cái chứ ở đấy cho chúng nó quây rồi nhăn nhỉ với nhau ..,địt mẹ phải tao tao chửi mả bố nhà chúng nó lên chứ trêu trêu cái lol 😒😒 vả cho mỗi thằng ml vài cái chứ ở đấy cho chúng nó quây rồi nhăn nhỉ với nhau
Other,"hết cấp 3 , hết đại học và chỉ mới bắt đầu 1 cuộc chơi khác .",hết cấp 3 hết đại học và chỉ mới bắt đầu 1 cuộc chơi khác
Sadness,"cả đống người trên đường , mà nó chỉ dí mình tao 😭. t đã làm nên tội gì 😭😭",cả đống người trên đường mà nó chỉ dí mình tao 😭 tao đã làm nên tội gì 😭😭
Other,đã bảo cho tôi đi trước rồi mà không chịu . :v,đã bảo cho tôi đi trước rồi mà không chịu v
Other,per còn nhớ hay đã quên,per còn nhớ hay đã quên
Sadness,nếu chịu khó đặt vào hoàn cảnh của nhau mà sống thì cuộc sống đơn giản hơn rồi đó,nếu chịu khó đặt vào hoàn cảnh của nhau mà sống thì cuộc sống đơn giản hơn rồi đó
Enjoyment,cưng v trờiiiiii .,cưng vậy trời
Sadness,per 😢😢 miss you .. chính xác luôn ak hậu,per 😢😢 miss you chính xác luôn ak hậu
Other,rồi liệu nằm với vợ ông làm thế nào nhỉ,rồi liệu nằm với vợ ông làm thế nào nhỉ
Sadness,sau mỗi cuộc chia ly người ở lại vẫn là người đau lòng nhất :((,sau mỗi cuộc chia ly người ở lại vẫn là người đau lòng nhất
Enjoyment,"phim hay dã man diễn viên chính đẹp trai , xem đi xem lại không chán",phim hay dã man diễn viên chính đẹp trai xem đi xem lại không chán
Sadness,tình yêu là sự mù quáng mà hix,tình yêu là sự mù quáng mà hix
Enjoyment,dễ thương quá,dễ thương quá
Enjoyment,"má , mặt đúng ngáo luôn 😂",má mặt đúng ngáo luôn 😂
Sadness,có một sự tổn thương không hề nhẹ ở đây,có một sự tổn thương không hề nhẹ ở đây
Disgust,tết trung thu chứ có phải tết “ giao phối ” đâu mà cần gấu với chả gà 😌😌,tết trung thu chứ có phải tết “ giao phối ” đâu mà cần gấu với chả gà 😌😌
Enjoyment,"per làm ở đâu không quan trọng , quan trọng là vẫn buôn chuyện đều 😂😂😂",per làm ở đâu không quan trọng quan trọng là vẫn buôn chuyện đều 😂
Disgust,"kệ mẹ nó , giận được bao nhiêu thì giận . cắm sừng thì tao tiễn vong luôn",kệ mẹ nó giận được bao nhiêu thì giận cắm sừng thì tao tiễn vong luôn
Anger,ra cái chỗ sóng không táp thì đéo ra cáu vãi :)),ra cái chỗ sóng không táp thì đéo ra cáu vãi
Enjoyment,hãy cảm ơn vì chúa đã ban em cho chị 😂😂,hãy cảm ơn vì chúa đã ban em cho chị 😂😂
Sadness,họ đáp vì phép lịch sự còn mình vì yêu mà chủ động vì quan tâm mà hỏi đủ điều ..🙁,họ đáp vì phép lịch sự còn mình vì yêu mà chủ động vì quan tâm mà hỏi đủ điều 🙁
Enjoyment,:)) bật nhạc lên và quẩy thôi,bật nhạc lên và quẩy thôi
Enjoyment,nhà tôi còn nè,nhà tôi còn nè
Enjoyment,per theo vợ nghĩ nếu là chồng thì chắc con đó dù là giả cũng sẽ lên nồi,per theo vợ nghĩ nếu là chồng thì chắc con đó dù là giả cũng sẽ lên nồi
Enjoyment,món này ngon vãi,món này ngon vãi
Sadness,per viêm màn túi cấp nghiêm trọng,per viêm màn túi cấp nghiêm trọng
Disgust,kinh vãi,kinh vãi
Other,đến bao giờ mới nhận được tiền nhỉ,đến bao giờ mới nhận được tiền nhỉ
Enjoyment,dăm ba con nhện nghĩ tao sợ (((=,dăm ba con nhện nghĩ tao sợ
Sadness,ngày buồn hôm ấy tôi cũng là người rời khỏi lớp cuối cùng .!!!,ngày buồn hôm ấy tôi cũng là người rời khỏi lớp cuối cùng
Disgust,"mình muốn tag mấy ông hàng xóm vào đây để các bác ấy biết rằng , bác ấy không chỉ buồn mà còn hát rất dở",mình muốn tag mấy ông hàng xóm vào đây để các bác ấy bt rằng bác ấy không chỉ buồn mà còn hát rất dở
Enjoyment,là mỗi buổi sáng thức dậy ta có thêm 1 ngày mới để yêu thương ❤️.,là mỗi buổi sáng thức dậy ta có thêm 1 ngày mới để yêu thương ❤️
Enjoyment,dume dễ thương vãi ??,dume dễ thương vãi
Anger,ủa làm gì đánh tao muốn chết vậy đuỹ ?,ủa làm gì đánh tao muốn chết vậy đuỹ
Other,sau này nhất định phải nói chuyện lịch sự :)))) không phải một người đọc mà là mọi người cùng đọc =)))),sau này nhất định phải nói chuyện lịch sự không phải một người đọc mà là mọi người cùng đọc
Enjoyment,"3s để tôi nói tôi yêu em và cả quãng đời còn lại để tôi chứng minh lời tôi nói :"" tôi yêu em """,3s để tôi nói tôi yêu em và cả quãng đời còn lại để tôi chứng minh lời tôi nói tôi yêu em
Enjoyment,ấm hơn cả người yêu :)),ấm hơn cả người yêu
Enjoyment,e lên mang câu chuyện này đi thi thách thức danh hài . rất duyên,e lên mang câu chuyện này đi thi thách thức danh hài rất duyên
Enjoyment,thấy topic đúng tâm trạng quá .,thấy topic đúng tâm trạng quá
Other,chụp không biết bao nhiêu lần rồi,chụp không bt bao nhiêu lần rồi
Enjoyment,bài này hay tuyệt vời đấy ❤️,bài này hay tuyệt vời đấy ❤️
Other,thật ra là nó muốn kiếm em gái anh trai mưa đấy,thật ra là nó muốn kiếm em gái anh trai mưa đấy
Sadness,"ai mang đồ ăn cho anh ấy đi , kẻo đói tội nghiệp",ai mang đồ ăn cho anh ấy đi kẻo đói tội nghiệp
Sadness,"coi khúc đầu không hiểu , đến lúc ổng bước ra khỏi làn khói , thật không thể cầm được nước mắt",coi khúc đầu không hiểu đến lúc ổng bước ra khỏi làn khói thật không thể cầm được nước mắt
Other,rất biết cách ngồi đấy nhỉ ????,rất bt cách ngồi đấy nhỉ
Other,per phim đó thì nam chính hay nữ chính đều chạy cả,per phim đó thì nam chính hay nữ chính đều chạy cả
Fear,mấy con yêu nghiệt ngày xưa nội có nuôi 2 con cứ ra đằng sau là nó dí chạy muốn tuột mẹ quần 🙄🙄,mấy con yêu nghiệt ngày xưa nội có nuôi 2 con cứ ra đằng sau là nó dí chạy muốn tuột mẹ quần 🙄🙄
Other,"hồi xưa , giờ yêu kiểu người lớn cơ mà",hồi xưa giờ yêu kiểu người lớn cơ mà
Enjoyment,có vợ nên lắm . váy mới ngày trước toàn áo chấm bi của mẹ 🤣🤣,có vợ nên lắm váy mới ngày trước toàn áo chấm bi của mẹ 🤣🤣
Enjoyment,nó cưng quá mày,nó cưng quá mày
Surprise,trời có bạn nhận ra mình luôn à @@,trời có bạn nhận ra mình luôn à
Sadness,😭😭😭😭😭😭,😭
Fear,tao nhìn sợ vãi,tao nhìn sợ vãi
Enjoyment,cảm ơn bạn đã yêu đất nước việt nam tôi,cảm ơn bạn đã yêu đất nước việt nam tôi
Other,quan trọng là ông bà nội ngoại bạn phải giàu cái đã,quan trọng là ông bà nội ngoại bạn phải giàu cái đã
Enjoyment,"chắc ông chồng hạnh phúc lắm khi sống chung với người vợ như vậy , những đứa con chắc cũng yêu mẹ họ lắm ! mà thặc ra là giống với mẹ tớ lắm kkk",chắc ông chồng hạnh phúc lắm khi sống chung với người vợ như vậy những đứa con chắc cũng yêu mẹ họ lắm mà thặc ra là giống với mẹ tớ lắm không
Sadness,ewww mình chẳng giữ được gì huhu,ew mình chẳng giữ được gì huhu
Surprise,vậy cũng được luôn hả ? 😄,vậy cũng được luôn hả 😄
Enjoyment,"bộ phim này xem rất sướng . và rút ra được khám phá là thứ tuyệt vời nhất chứ không phải bằng cấp . giá như mấy ông "" bộ "" và mấy ông "" ngành "" dành thời gian xem phim này một lần .",bộ phim này xem rất sướng và rút ra được khám phá là thứ tuyệt vời nhất chứ không phải bằng cấp giá như mấy ông bộ và mấy ông ngành dành thời gian xem phim này một lần
Sadness,xem không dưới 3 lần chia sẻ không dưới 2 lần nhưng mỗi lần nhìn thấy lại xem lại buồn,xem không dưới 3 lần chia sẻ không dưới 2 lần nhưng mỗi lần nhìn thấy lại xem lại buồn
Disgust,bây giờ gái nó chỉ cần bông hoa đồng tiền ném vào mặt nó để nó ăn tiêu chứ nó cần gì cái cây lu miên này .,bây giờ gái nó chỉ cần bông hoa đồng tiền ném vào mặt nó để nó ăn tiêu chứ nó cần gì cái cây lu miên này
Disgust,"mút này mình xịt nước cho nó mềm ra , lấy chổi đùa đùa lại quét tới lúc nghỉ việc luôn quét cũng chưa xong nha , thứ nl",mút này mình xịt nước cho nó mềm ra lấy chổi đùa đùa lại quét tới lúc nghỉ việc luôn quét cũng chưa xong nha thứ nl
Sadness,và hơn hết là tụi nó không còn coi mình là con gái nữa,và hơn hết là tụi nó không còn coi mình là con gái nữa
Anger,moẹ thấy u ám hơn thì có . dume 💩,moẹ thấy u ám hơn thì có dume 💩
Fear,hú hồn lon vẫn còn,hú hồn lon vẫn còn
Sadness,"một lúc nào đó chúng ta sẽ không nói chuyện nữa , lúc đó có lẽ em thật sự đã buông bỏ được rồi ...",một lúc nào đó chúng ta sẽ không nói chuyện nữa lúc đó có lẽ em thật sự đã buông bỏ được rồi
Disgust,hẳn là thần tài . mê tín vãi,hẳn là thần tài mê tín vãi
Disgust,bớt chọc điên tao và bớt leo lên đầu tao ngồi 🙂 hãy để yên cho tao hiền 🙃,bớt chọc điên tao và bớt leo lên đầu tao ngồi 🙂 hãy để yên cho tao hiền 🙃
Enjoyment,per kỷ niệm khó quên nhỉ kkk,per kỷ niệm khó quên nhỉ không
Disgust,địt mẹ hoang đường !,địt mẹ hoang đường
Disgust,"cô giáo chủ nhiệm hơi bị khốn nhỉ ? cô như vậy thì học sinh sao này học theo cái tính tráo trở , hai mặt",cô giáo chủ nhiệm hơi bị khốn nhỉ cô như vậy thì học sinh sao này học theo cái tính tráo trở hai mặt
Other,xin chúa thương xót chúng con,xin chúa thương xót chúng con
Sadness,lâu quá mới nghe lại bài này buồn thế,lâu quá mới nghe lại bài này buồn thế
Enjoyment,rất thuyết phục,rất thuyết phục
Other,mình hỏi mua rồi mà người ta kiểu nữa muốn bán nữa không bạn,mình hỏi mua rồi mà người ta kiểu nữa muốn bán nữa không bạn
Sadness,buồn nhất là crush cũng chả có để mà thả 😞,buồn nhất là người mình thích cũng chả có để mà thả 😞
Surprise,"ồ ! thật là bất ngờ , thật là thú zị , thật là liên quan ?",ồ thật là bất ngờ thật là thú zị thật là liên quan
Enjoyment,per anh tải cái này về cho per học nè . thú vị ghê,per anh tải cái này về cho per học nè thú vị ghê
Enjoyment,per làm gì quên được kkkkk,per làm gì quên được không
Other,nhìn thế thôi nhưng làm được video như này cũng khó lắm hay phết 🙂,nhìn thế thôi nhưng làm được video như này cũng khó lắm hay phết 🙂
Disgust,hợp lớp cái đéo gì được chục thằng = ),hợp lớp cái đéo gì được chục thằng
Disgust,ủa vậy phạm tội thì có ẩn danh không ? :)) ngộ àh,ủa vậy phạm tội thì có ẩn danh không ngộ àh
Enjoyment,lấy vợ xong anh có vẻ mũm mĩm nhỉ :333,lấy vợ xong anh có vẻ mũm mĩm nhỉ 3
Enjoyment,dỗ lại dễ thôi mà . nhỉ nhỉ 🤣🤣🤣,dỗ lại dễ thôi mà nhỉ nhỉ 🤣
Anger,cho tao hỏi mấy con súc vật tụi bây cười cái gì dzậy ? chắc tụi mày phải bị gậy vụt vào mõm thì mới hết dám ngẩng mặt nhìn đời phải không ?,cho tao hỏi mấy con súc vật tụi bây cười cái gì dzậy chắc tụi mày phải bị gậy vụt vào mõm thì mới hết dám ngẩng mặt nhìn đời phải không
Other,bạn nào cần bạn thân là con trai không :)),bạn nào cần bạn thân là con trai không
Sadness,tao bị quỳ cột cờ mới ác . cả trường biết mặt luôn . nhục vãi,tao bị quỳ cột cờ mới ác cả trường bt mặt luôn nhục vãi
Enjoyment,tao đã đóng dấu cấm đứa nào rớ vào =)))),tao đã đóng dấu cấm đứa nào rớ vào
Anger,"dm tuổi thơ tao lại toàn ba thằng hãm lol , độc chép bài .... đùa đùa đéo cho chép chúng nó chửi sấp mặt luôn ☹️",địt mẹ tuổi thơ tao lại toàn ba thằng hãm lol độc chép bài đùa đùa đéo cho chép chúng nó chửi sấp mặt luôn ☹️
Anger,và thế đéo nào chúng nó toàn gọi mình là thằng 😏😏😏,và thế đéo nào chúng nó toàn gọi mình là thằng 😏
Disgust,khôn lõi đời à ? chừa này,khôn lõi đời à chừa này
Other,cũng chỉ là tạm thời . chỉ khi nào nguồn nước bẩn thôi đổ vào sông thì mới đảm bảo được .,cũng chỉ là tạm thời chỉ khi nào nguồn nước bẩn thôi đổ vào sông thì mới đảm bảo được
Enjoyment,per ru con để vợ đắp mặt nạ kìa ?? đúng là chồng người ta chưa bao giờ làm mình thất vọng ??,per ru con để vợ đắp mặt nạ kìa đúng là chồng người ta chưa bao giờ làm mình thất vọng
Other,"thật thà vãi , mà tao chỉ thích ăn xoài chua .",thật thà vãi mà tao chỉ thích ăn xoài chua
Other,per vẩy cật lực luôn =)),per vẩy cật lực luôn
Disgust,sao toàn gái ngành với bọn chủ tịch bình luận không vậy 🙂,sao toàn gái ngành với bọn chủ tịch bình luận không vậy 🙂
Other,đây còn hơn cả vua . giàu mà nghĩ lớn làm lớn .,đây còn hơn cả vua giàu mà nghĩ lớn làm lớn
Surprise,bất ngờ thiệt :)))),bất ngờ thiệt
Enjoyment,"đang ỉa xem cười như điên , kkk",đang ỉa xem cười như điên không
Sadness,nghiệt ngã hơn là phi hành gia đéo tuyển mấy đứa lùn :((,nghiệt ngã hơn là phi hành gia đéo tuyển mấy đứa lùn
Anger,con mụ mất dạy . già mà lăng loàn . thấy người ta yếu thế hơn mà khôg giúp dựng cái xe dậy rồi nói với nhau vài câu tử tế . lại còn tỏ nguy hiểm định ăn cức người ta ak,con mụ mất dạy già mà lăng loàn thấy người ta yếu thế hơn mà khôg giúp dựng cái xe dậy rồi nói với nhau vài câu tử tế lại còn tỏ nguy hiểm định ăn cức người ta ak
Enjoyment,thiếu cái que chấm dầu là ổn 😂,thiếu cái que chấm dầu là ổn 😂
Sadness,bình thương tao hay cười lắm . nhưng khi tức tên ... tao lại khóc . quá yếu đuối,bình thương tao hay cười lắm nhưng khi tức tên tao lại khóc quá yếu đuối
Fear,ăn ngon nhưng nóng không chịu được,ăn ngon nhưng nóng không chịu được
Fear,vừa đây về đông kinh hồn càng về đêm càng đông,vừa đây về đông kinh hồn càng về đêm càng đông
Other,per tổ đội đánh rắm vào mà xem,per tổ đội đánh rắm vào mà xem
Other,bếp thiiêu chân mày,bếp thiiêu chân mày
Disgust,con người ta giỏi nhất là ảo tưởng vị trí của mình trong lòng người khác 🙃,con người ta giỏi nhất là ảo tưởng vị trí của mình trong lòng người khác 🙃
Disgust,"đúng là tuổi tác nó không chứng minh được gì cả , già rồi ăn nói không văn hoá cử chỉ hành động tục tĩu hết nói nỗi",đúng là tuổi tác nó không chứng minh được gì cả già rồi ăn nói không văn hoá cử chỉ hành động tục tĩu hết nói nỗi
Fear,ra vậy . nguy hiểm thật :(((,ra vậy nguy hiểm thật
Sadness,per hết tiền thật sự :(,per hết tiền thật sự
Enjoyment,nóng quá nên đổ lên cho mát thôi mà :)),nóng quá nên đổ lên cho mát thôi mà
Enjoyment,cưng quá :))),cưng quá
Other,lỗi của lái tàu nhé,lỗi của lái tàu nhé
Disgust,ai cũng bận cả và không ai rảnh rỗi ngày ngày quan tâm bạn đâu ?,ai cũng bận cả và không ai rảnh rỗi ngày ngày quan tâm bạn đâu
Disgust,nuôi con chó mà để ve thế không thấy tởm nhỉ ?,nuôi con chó mà để ve thế không thấy tởm nhỉ
Enjoyment,tuổi trẻ tài cao vãi,tuổi trẻ tài cao vãi
Other,vô duyên và hài hước nó có 1 làn ranh giới mỏng manh vãi,vô duyên và hài hước nó có 1 làn ranh giới mỏng manh vãi
Disgust,đứng xa ra thì dễ dàng rồi =)) cái ngu ở đây là không viết được nhưng vãn cố chấp thôi =)),đứng xa ra thì dễ dàng rồi cái ngu ở đây là không viết được nhưng vãn cố chấp thôi
Sadness,xui thôi chứ quyền đang hay mà 😢,xui thôi chứ quyền đang hay mà 😢
Enjoyment,công an béo như lợn không đuổi nổi tội phạm 😂😂,công an béo như lợn không đuổi nổi tội phạm 😂😂
Sadness,nhưng tôi đéo có bạn trai thì phải làm sao ?,nhưng tôi đéo có bạn trai thì phải làm sao
Sadness,nhìn cái ngành gd việt nam bây giờ ai cũng mệt mỏi,nhìn cái ngành gd việt nam bây giờ ai cũng mệt mỏi
Disgust,"đó tao đi học tới 12 , mà dô lớp lì vẫn bị thầy cho nằm úp trên bàn trước lớp , kéo tà áo dài lên rồi đập cho mấy cây . giờ quánh thì không cho ( trừ mấy thầy cô yêuc quái cho mấy trăm cái bạt tai thì không tính ), phạt quỳ thì cũng lên báo . thua luôn .",đó tao đi học tới 12 mà dô lớp lì vẫn bị thầy cho nằm úp trên bàn trước lớp kéo tà áo dài lên rồi đập cho mấy cây giờ quánh thì không cho trừ mấy thầy cô yêuc quái cho mấy trăm cái bạt tai thì không tính phạt quỳ thì cũng lên báo thua luôn
Enjoyment,cái gì mà rớt hột le tè vậy em gái 😁😁😁,cái gì mà rớt hột le tè vậy em gái 😁
Other,per trước cái thời ở trọ nè anh,per trước cái thời ở trọ nè anh
Fear,sợ vãi =))),sợ vãi
Enjoyment,lãng mạn vãi_chưởng =)))))) 0,lãng mạn vãi chưởng 0
Anger,per tao tán sấp mặt,per tao tán sấp mặt
Disgust,việc làm và ý thức của những cổ động viên kém quá . mất hình ảnh bóng đá per còn mất 1 tỷ tiền phạt .,việc làm và ý thức của những cổ động viên kém quá mất hình ảnh bóng đá per còn mất 1 tỷ tiền phạt
Other,sao nhìn nó đấm đéo có lực gì hết nhỉ,sao nhìn nó đấm đéo có lực gì hết nhỉ
Sadness,mình bị say xe bạn à :(((,mình bị say xe bạn à
Enjoyment,per haha cái t2 hợp với em nè ;)),per haha cái t2 hợp với em nè
Sadness,vậy là thế giới mất đi không biết bao nhiêu món nướng rồi :(,vậy là thế giới mất đi không bt bao nhiêu món nướng rồi
Enjoyment,nói thật :)) tao chỉ buồn cười khi chúng nó chia tay thôi :)),nói thật tao chỉ buồn cười khi chúng nó chia tay thôi
Surprise,kết thúc phim bất ngờ quá,kết thúc phim bất ngờ quá
Sadness,"mới xem 1 đoạn xíu này mà cũng khóc hết hơi , nhìn em bé mất bố mà quay ra nhìn lại con mình đỏ hỏn nằm bên cạnh , thấy thương quá 😭",mới xem 1 đoạn xíu này mà cũng khóc hết hơi nhìn em bé mất bố mà quay ra nhìn lại con mình đỏ hỏn nằm bên cạnh thấy thương quá 😭
Disgust,xứng đáng cho cái ngu của thằng oto .. nghiền nát luôn oto càng tốt .. để cho cái lũ não ngắn nó hiểu được quy định của hành lang đường sắt là như nào .,xứng đáng cho cái ngu của thằng oto nghiền nát luôn oto càng tốt để cho cái lũ não ngắn nó hiểu được quy định của hành lang đường sắt là như nào
Enjoyment,ơ cưng < 3 < 3,ơ cưng 3 3
Other,nếu câu chuyện này được liệt kê vào danh sắc câu chuyện cảm động nhất trường thì câu chuyện của thư sẽ được liệt vào đâu đây 😂😂😂 per,nếu câu chuyện này được liệt kê vào danh sắc câu chuyện cảm động nhất trường thì câu chuyện của thư sẽ được liệt vào đâu đây 😂 per
Sadness,"tại giống nhau quá , nhưng đừng như người ta nha , nghĩ đến tự tử các thứ chẳng có gì là hay cả",tại giống nhau quá nhưng đừng như người ta nha nghĩ đến tự tử các thứ chẳng có gì là hay cả
Disgust,còn trẻ trâu lắm cả hai đứa,còn trẻ trâu lắm cả hai đứa
Other,"mong là nước pháp sẽ tập trung xây dựng ổn định trong nước , và đừng đụng chạm tới nước khác nữa",mong là nước pháp sẽ tập trung xây dựng ổn định trong nước và đừng đụng chạm tới nước khác nữa
Other,ngắn gọn thôi : thế bây giờ mày muốn tao dỗ hay là tao giỗ :v,ngắn gọn thôi thế bây giờ mày muốn tao dỗ hay là tao giỗ v
Enjoyment,tao thích con bé nuốt chuối,tao thích con bé nuốt chuối
Enjoyment,ng ta nuôi vì niềm đam mê,ng ta nuôi vì niềm đam mê
Other,trường mình chị lao công đóng cửa :((,trường mình chị lao công đóng cửa
Disgust,thính đấy đừng dính . vì 1 ngày nào đấy mày sẽ nhận ra không chỉ mình mày mới được vậy,thính đấy đừng dính vì 1 ngày nào đấy mày sẽ nhận ra không chỉ mình mày mới được vậy
Enjoyment,nước ngoài có đầy mà :)),nước ngoài có đầy mà
Enjoyment,bô ̣ phim khiến bọn sinh viên có lí do để lười học theo li ́ thuyết là đây 😆,bô ̣ phim khiến bọn sinh viên có lí do để lười học theo li ́ thuyết là đây 😆
Fear,hơn cả bộ phim kinh dị !,hơn cả bộ phim kinh dị
Disgust,nằm ngó miệng kiểu đó ai dám ăn ??????,nằm ngó miệng kiểu đó ai dám ăn
Enjoyment,cả một bầu trời đáng yêu :))))),cả một bầu trời đáng yêu
Sadness,hic hic mình còn chả bao giờ được giận lại ấy chứ :((,hic hic mình còn chả bao giờ được giận lại ấy chứ
Enjoyment,còn người yêu tao : một hơi có một anh đẹp trai bay lơ lửng rồi ôm lấy em khi em tắm :(((,còn người yêu tao một hơi có một anh đẹp trai bay lơ lửng rồi ôm lấy em khi em tắm
Enjoyment,nó sẽ thì thầm tai mày “ dượng đây “ 🤣🤣,nó sẽ thì thầm tai mày “ dượng đây “ 🤣🤣
Enjoyment,tập có lỗi với thằng quay phim mà tao xem ba lần tao vẫn cười đứt ruột,tập có lỗi với thằng quay phim mà tao xem ba lần tao vẫn cười đứt ruột
Sadness,xem xong video tự thấy mình còn không bằng con chó ...,xem xong video tự thấy mình còn không bằng con chó
Disgust,tóm lại là giá trị của anh đéo bằng 1 cái bánh :<,tóm lại là giá trị của anh đéo bằng 1 cái bánh
Sadness,cay mắt,cay mắt
Disgust,đánh cho lắm đéo thấm miếng nào khi main chỉ hất mông 1 phát bay mất tiêu :)),đánh cho lắm đéo thấm miếng nào khi main chỉ hất mông 1 phát bay mất tiêu
Disgust,thằng kia cute đáng yêu mà cái con ý nó xấu z trời haha,thằng kia cute đáng yêu mà cái con ý nó xấu vậy trời haha
Fear,dume đêm ròii =))) tao cười vãi tí hàng xóm qua đánh bỏ mẹ,dume đêm ròii tao cười vãi tí hàng xóm qua đánh bỏ mẹ
Surprise,sao cái gì em cũng biết vậy :))),sao cái gì em cũng bt vậy
Other,per đúng là như thế,per đúng là như thế
Enjoyment,công nhận ngầu thật,công nhận ngầu thật
Other,tình yêu đâu phân biệt là gay hay không gay vì đó là sự lựa của con tim mà họ đã nhắm tới !.,tình yêu đâu phân biệt là gay hay không gay vì đó là sự lựa của con tim mà họ đã nhắm tới
Disgust,dhs nhìn thằng đầu tiên trông ớn vãi :| chị em bg thích style lạ ghê ta :| bá khí ????,dhs nhìn thằng đầu tiên trông ớn vãi chị em bg thích style lạ ghê ta bá khí
Other,môi trường làm việc là yếu tố quyết định,môi trường làm việc là yếu tố quyết định
Sadness,nhớ lắm .. cay mắt lắm ....,nhớ lắm cay mắt lắm
Enjoyment,ph :)) phê hơn cả cần nhé . nên mua cái này về dùng tốt cho chó và người :))),ph phê hơn cả cần nhé nên mua cái này về dùng tốt cho chó và người
Sadness,mất rồi có lấy lại được đâu :)) cái gì nó cũng chỉ là quá khứ,mất rồi có lấy lại được đâu cái gì nó cũng chỉ là quá khứ
Disgust,đéo mang não ... tay lại nhanh hơn não rồi ..,đéo mang não tay lại nhanh hơn não rồi
Sadness,ước gì được giận lại 😐,ước gì được giận lại 😐
Sadness,nó bỏ mình đi rồi mỗi lần nghĩ tới nó ôi sao mà xót tim gan hơn mất người yêu,nó bỏ mình đi rồi mỗi lần nghĩ tới nó ôi sao mà xót tim gan hơn mất người yêu
Sadness,ngày cuối cùng thực sự buồn,ngày cuối cùng thực sự buồn
Sadness,nếu là tao thì tao sẽ không ăn được miếng nào,nếu là tao thì tao sẽ không ăn được miếng nào
Disgust,bọn rải đinh nó đéo biết xe đi nhanh mà bị xì lốp thì như thế nào ??? 😣😣😣 não lol,bọn rải đinh nó đéo bt xe đi nhanh mà bị xì lốp thì như thế nào 😣 não lol
Sadness,ngoài ra còn một số cái buồn nữa . không giải quyết kịp thời thì ??,ngoài ra còn một số cái buồn nữa không giải quyết kịp thời thì
Enjoyment,nghe nói dạo này bạn dưỡng da để kiếm người yêu per,nghe nói dạo này bạn dưỡng da để kiếm người yêu per
Other,"em đi xe đạp , có gửi bao giờ đâu mà biết bác ơiii",em đi xe đạp có gửi bao giờ đâu mà bt bác ơi
Enjoyment,"chuẩn đó , mà quên chưa có người yêu",chuẩn đó mà quên chưa có người yêu
Sadness,"tập thể năm nay lại làm mình tiếc nuối từ thành viên đến gvcn :,((",tập thể năm nay lại làm mình tiếc nuối từ thành viên đến gvcn
Other,đọc có chỗ vô lí vãi,đọc có chỗ vô lí vãi
Enjoyment,có khi nào mình thích anh hàng xóm vì mình thích con mèo nhà anh không nhỉ :<,có khi nào mình thích anh hàng xóm vì mình thích con mèo nhà anh không nhỉ
Enjoyment,ờ tao tao thông minh thiệt đã dừng lại đúng lúc,ờ tao tao thông minh thiệt đã dừng lại đúng lúc
Other,nghe ảo ghê nhưng cũng có lý,nghe ảo ghê nhưng cũng có lý
Disgust,"đéo kiếm ra tiền , nấu có 3 bữa cơm với đưa đón con đi học mà còn không xong , chắc để mẹ già làm hộ hay để chồng nó đi kiếm tiền về rồi nó hầu cho",đéo kiếm ra tiền nấu có 3 bữa cơm với đưa đón con đi học mà còn không xong chắc để mẹ già làm hộ hay để chồng nó đi kiếm tiền về rồi nó hầu cho
Other,đục khoét tuổi thơ vãi ;))),đục khoét tuổi thơ vãi
Disgust,nhiều bạn cứ phán nọ kia nặng lời quá . chỉ là bạn ý có cách bóc phốt duyên dáng và hài hước thôi . chứ đâu có nặng nề như các bác nghĩ ..,nhiều bạn cứ phán nọ kia nặng lời quá chỉ là bạn ý có cách bóc tố cáo duyên dáng và hài hước thôi chứ đâu có nặng nề như các bác nghĩ
Other,bảo ba mẹ dẫn đi bác sĩ ngay đi,bảo ba mẹ dẫn đi bác sĩ ngay đi
Enjoyment,ui cưng quá,ui cưng quá
Enjoyment,không biết s chứ ngày lúc 17t tao đi phục vụ phòng karaoke ... mình tao 2 phòng chạy qua chạy lại mệt quá vì xỉn ... kkk . thế là tao nghỉ trong ngày đầu vào phục vụ karaoke .🤣🤣🤣,không bt s chứ ngày lúc 17t tao đi phục vụ phòng karaoke mình tao 2 phòng chạy qua chạy lại mệt quá vì xỉn không thế là tao nghỉ trong ngày đầu vào phục vụ karaoke 🤣
Surprise,tôi là ai đây là đâu :v tôi đã làm gì sai :3,tôi là ai đây là đâu v tôi đã làm gì sai 3
Fear,nghiệp hơi nặng nha !. làm hết hồn,nghiệp hơi nặng nha làm hết hồn
Anger,"mấy thằng ngáo để cho chết mẹ nó đi cho xã hội yên bình , quan tâm làm gì",mấy thằng ngáo để cho chết mẹ nó đi cho xã hội yên bình quan tâm làm gì
Sadness,mình còn chưa kịp đến :((,mình còn chưa kịp đến
Other,"per tìm tao con nhện này , con này lãng mạn coá",per tìm tao con nhện này con này lãng mạn coá
Disgust,vừa mới xem hqua . kết thúc phim nhạt quá 😒😒,vừa mới xem hqua kết thúc phim nhạt quá 😒😒
Sadness,làm công nhân đã khổ rồi mà tụi nó còn nỡ lòng nào hại người ta nhắn tin,làm công nhân đã khổ rồi mà tụi nó còn nỡ lòng nào hại người ta nhắn tin
Sadness,mất bà cái tuổi thơ -.-,mất bà cái tuổi thơ
Other,ko những công khai . mà phải cho thi lại . để biết đúng thực lực,không những công khai mà phải cho thi lại để bt đúng thực lực
Anger,đã bảo bố mà mật vụ rồi ! hỏi lằm hỏi lốn,đã bảo bố mà mật vụ rồi hỏi lằm hỏi lốn
Fear,hú hồn hà,hú hồn hà
Other,per bếp ga nha,per bếp ga nha
Enjoyment,rảnh rảnh ngồi cưa bàn với cưa cổ thèn ngồi gần mỗi khi nó ghẹo cũng vui ??,rảnh rảnh ngồi cưa bàn với cưa cổ thèn ngồi gần mỗi khi nó ghẹo cũng vui
Enjoyment,per tao thấy tao trong đó ahahahaha,per tao thấy tao trong đó ahahahaha
Other,ai biết bài nhạc đoạn này không ?,ai bt bài nhạc đoạn này không
Enjoyment,tao muốn con mèo thôi =)),tao muốn con mèo thôi
Sadness,vỡ tan là như thế ấy,vỡ tan là như thế ấy
Other,đúng chất người đẹp mặc rẻ rách cũng đẹp,đúng chất người đẹp mặc rẻ rách cũng đẹp
Sadness,"per huhu đúng quá nè :< sư phụ đi rồi , còn per thôi , đừng đi đâu nữa nhaaa 😢",per huhu đúng quá nè sư phụ đi rồi còn per thôi đừng đi đâu nữa nha 😢
Sadness,thương quá . géc nhất những người nuôi chó mà không chăm ... tội cho kiếp em nó gặp phải 1 người chủ như vầy . thân thương !,thương quá géc nhất những người nuôi chó mà không chăm tội cho kiếp em nó gặp phải 1 người chủ như vầy thân thương
Fear,nhìn mà nổi hết da gà,nhìn mà nổi hết da gà
Other,hẳn lớp đó nhiều nữ lắm ha,hẳn lớp đó nhiều nữ lắm ha
Sadness,ngày tao chia tay tao khóc quá trời luôn,ngày tao chia tay tao khóc quá trời luôn
Disgust,đứa lồn nào vẽ cái ổ điện thế 😂,đứa lồn nào vẽ cái ổ điện thế 😂
Surprise,công tình yêu này nhân viên đông vậy luôn hả ?,công tình yêu này nhân viên đông vậy luôn hả
Sadness,ai giúp bé với hix,ai giúp bé với hix
Sadness,"200 năm xây dựng , tồn tại 800 năm , thật là tiếc cho nước pháp .",200 năm xây dựng tồn tại 800 năm thật là tiếc cho nước pháp
Other,per là ai thế nhỉ cụ :)),per là ai thế nhỉ cụ
Enjoyment,đôi khi đi tù chỉ để thoả mãi thú vui,đôi khi đi tù chỉ để thoả mãi thú vui
Enjoyment,thô nhưg thật :)),thô nhưg thật
Other,nhìn lại giờ đéo biết vì sao ngày xưa mình đỗ đại học,nhìn lại giờ đéo bt vì sao ngày xưa mình đỗ đại học
Other,đã tìm ra cụ tổ của những chiếc sừng,đã tìm ra cụ tổ của những chiếc sừng
Sadness,cảm thấy mình thất bại :((,cảm thấy mình thất bại
Disgust,hãm 1 rổ lồn . chúc mừng bạn đã chọn nhầm người để tâm thự,hãm 1 rổ lồn chúc mừng bạn đã chọn nhầm người để tâm thự
Disgust,"chân ngắn như tao thêm combo mập nữa thì tao đéo nhaỷ đâu , tao thả mình trôi sông luôn cho lẹ 🙄",chân ngắn như tao thêm combo mập nữa thì tao đéo nhaỷ đâu tao thả mình trôi sông luôn cho lẹ 🙄
Enjoyment,có người yêu coi bộ cũng vui 🙂,có người yêu coi bộ cũng vui 🙂
Sadness,trong mv mà có tao đứng dưới mưa nữa thì buồn phải biết,trong mv mà có tao đứng dưới mưa nữa thì buồn phải bt
Surprise,đi viện thôi mà có cần phải đẹp vậy không,đi viện thôi mà có cần phải đẹp vậy không
Other,"thôi xong nhá , mấy đứa mà xác định làm răng cả đời thì ... tập xác định",thôi xong nhá mấy đứa mà xác định làm răng cả đời thì tập xác định
Disgust,"thằng chém gió lúc bà ấy đẩy ông ấy vào nhà thương điên ( tâm thần ) sao mày không mở mồm ra nói ....! giờ thì “ gió chiều nào theo chiều ấy ” cho thằng như này nằm ở công ty thì không khác chuột bọ , rắn rết",thằng chém gió lúc bà ấy đẩy ông ấy vào nhà thương điên tâm thần sao mày không mở mồm ra nói giờ thì “ gió chiều nào theo chiều ấy ” cho thằng như này nằm ở công ty thì không khác chuột bọ rắn rết
Disgust,dume thằng ghép nhạc nhé ????????,dume thằng ghép nhạc nhé
Other,per thay đổi đại từ nhân xưng .,per thay đổi đại từ nhân xưng
Other,"trưa nay nhà em ăn cơm , admin nói với mấy chú truyền hình đừng chiếu tin này lên nha",trưa nay nhà em ăn cơm admin nói với mấy chú truyền hình đừng chiếu tin này lên nha
Anger,"cụ mua cái đoạn đường này chưa cụ , đg nếu không cấm đỗ xe thì người ta có quyền đỗ thôi , ghét nhất cái kiểu coi lòng đg như nhà mình rồi vừa đỗ cái xe vào là ra chửi . dcm",cụ mua cái đoạn đường này chưa cụ đang nếu không cấm đỗ xe thì người ta có quyền đỗ thôi ghét nhất cái kiểu coi lòng đang như nhà mình rồi vừa đỗ cái xe vào là ra chửi địt cụ mày
Anger,tao mà biết tụi bây là mấy con đĩ nào tao nhổ lông lồn tao lắc hai cái mép lồn chết mẹ tụi bây 🙂,tao mà bt tụi bây là mấy con đĩ nào tao nhổ lông lồn tao lắc hai cái mép lồn chết mẹ tụi bây 🙂
Other,ăn nhiều mau khoẻ .. tôm cá ấy mày giàu canxi,ăn nhiều mau khoẻ tôm cá ấy mày giàu canxi
Enjoyment,có ai xem đi xem lại như tao mà vẫn cười đéo nhặt được mồm không ạ :)),có ai xem đi xem lại như tao mà vẫn cười đéo nhặt được mồm không ạ
Sadness,nhẹ nhàng bay lên và hạ cánh thất bại do lổi kỹ thuật,nhẹ nhàng bay lên và hạ cánh thất bại do lổi kỹ thuật
Disgust,per cái đó là ngu chứ thik đéo gì,per cái đó là ngu chứ thích đéo gì
Sadness,lại thêm một con ngáo bất hạnh,lại thêm một con ngáo bất hạnh
Disgust,"tuổi thơ của tôi toàn gặp những thằng nhỏn mỏ lên chửi nhau , xách giày dí nhau chạy .",tuổi thơ của tôi toàn gặp những thằng nhỏn mỏ lên chửi nhau xách giày dí nhau chạy
Other,sao mày không nghĩ lại thêm 1 thừng bị noá xẻ thịt 🤪🤪🤪,sao mày không nghĩ lại thêm 1 thừng bị noá xẻ thịt 🤪
Sadness,chỉ biết xem và ngậm ngùi lướt qua,chỉ bt xem và ngậm ngùi lướt qua
Sadness,thật tình là rất xin lỗi anh ở trog video . hi vọng sẽ gặp đuợc anh để xin lỗi và tạ tội với anh . thật ra hộp quà trong video là của con lol per với người yêu nó tặng nhau dịp sinh nhật . híccc,thật tình là rất xin lỗi anh ở trog video hi vọng sẽ gặp đuợc anh để xin lỗi và tạ tội với anh thật ra hộp quà trong video là của con lol per với người yêu nó tặng nhau dịp sinh nhật híc
Enjoyment,hihi lâu lắm rùi mới thấy nó,hihi lâu lắm rùi mới thấy nó
Other,chắc gái xấu :p,chắc gái xấu p
Disgust,"nếu chấp hành nghiêm chỉnh luật giao thông ai phạt mình được nhỉ . cũng giống như đi học không thuộc bài giáo viên cho 0 ₫ là phải rồi . tất cả là do ý thức con người , đừng đỗ lỗi cho ai . 😑😑",nếu chấp hành nghiêm chỉnh luật giao thông ai phạt mình được nhỉ cũng giống như đi học không thuộc bài giáo viên cho 0 ₫ là phải rồi tất cả là do ý thức con người đừng đỗ lỗi cho ai 😑😑
Enjoyment,mình trả phòng là chăn ga gấp gọn gàng . đồ đạc hẳn hoi trả người ta . dù sao mình cũng như người ta bẩn dọn mãi không sạch ai chẳng điên,mình trả phòng là chăn ga gấp gọn gàng đồ đạc hẳn hoi trả người ta dù sao mình cũng như người ta bẩn dọn mãi không sạch ai chẳng điên
Other,quan trọng phải là thần thái,quan trọng phải là thần thái
Enjoyment,giọng lại còn ấm nữa chứ ♥️,giọng lại còn ấm nữa chứ ♥️
Disgust,ích kỷ . cứ đường trước cửa là của nhà mình ah mà ra đuổi người ta,ích kỷ cứ đường trước cửa là của nhà mình ah mà ra đuổi người ta
Disgust,thằng kia lắm lông quá nha :)),thằng kia lắm lông quá nha
Anger,per anh ơi mua đập 1 phát vào mặt tụi chê mình đi anh,per anh ơi mua đập 1 phát vào mặt tụi chê mình đi anh
Sadness,gần nhà tao lại chẳng còn sót lại anh nào huhu,gần nhà tao lại chẳng còn sót lại anh nào huhu
Fear,khi tắt đi mới thấy ngạt thở .,khi tắt đi mới thấy ngạt thở
Enjoyment,ra sông mò đồng xu cùng ông anh hàng xóm được khoản kếch xù :))),ra sông mò đồng xu cùng ông anh hàng xóm được khoản kếch xù
Disgust,tưởng khoe người yêu,tưởng khoe người yêu
Other,quán tao vỡ sụp xuống hơn mưa,quán tao vỡ sụp xuống hơn mưa
Sadness,bộ phim đầu tiên làm tao khóc thành tiếng,bộ phim đầu tiên làm tao khóc thành tiếng
Fear,"hồi xưa vào trông nhà cho ông bà , thuê đĩa võ thuật này xem cho mạnh mé đỡ sợ mà thuê ngay đĩa này . ám ảnh quả nhạc tao tao téo vãi",hồi xưa vào trông nhà cho ông bà thuê đĩa võ thuật này xem cho mạnh mé đỡ sợ mà thuê ngay đĩa này ám ảnh quả nhạc tao tao téo vãi
Sadness,ừ thì là chuyện cổ tích . cháu đang đi đường thẳng gặp mấy chú thì phải rẽ ngang . 😢😢,ừ thì là chuyện cổ tích cháu đang đi đường thẳng gặp mấy chú thì phải rẽ ngang 😢😢
Anger,heo vàng cái lol . toàn bịp nhau . má nó gắp heo vàng 20 lần trúng mà nó toàn được tặng 6sms miễn phí rồi thì thêm 1 lượt gắp,heo vàng cái lol toàn bịp nhau má nó gắp heo vàng 20 lần trúng mà nó toàn được tặng 6sms miễn phí rồi thì thêm 1 lượt gắp
Disgust,quả cr7 mà kill đéo gì nhỉ,quả cr7 mà kill đéo gì nhỉ
Disgust,cay cái ông chụp ảnh chụp góc nào cho ông ý bớt khổ đi được không,cay cái ông chụp ảnh chụp góc nào cho ông ý bớt khổ đi được không
Anger,nhà nào nuôi nó mà ác thế,nhà nào nuôi nó mà ác thế
Sadness,mỗi lần quyết tâm bỏ mà lại thấy cười . đm đời,mỗi lần quyết tâm bỏ mà lại thấy cười địt mẹ đời
Disgust,con này tuổi gì với con nhái với con thằn lằn :))) per,con này tuổi gì với con nhái với con thằn lằn per
Surprise,wtf nắng rồi mà @@,wtf nắng rồi mà
Disgust,cái tội sờ mông người ta ??,cái tội sờ mông người ta
Sadness,nhưng nó sẽ to và rộng ra :(,nhưng nó sẽ to và rộng ra
Disgust,tao đéo thấy nó hay trỗ lào mà bọn nó cuồng vãi,tao đéo thấy nó hay trỗ lào mà bọn nó cuồng vãi
Enjoyment,ny tao đbh dỗi . chọc kiểu gì cũng không dỗi . đáng yêu vãi 😂,người yêu tao đbh dỗi chọc kiểu gì cũng không dỗi đáng yêu vãi 😂
Enjoyment,không phải thích của cải mà là thích ý chí của họ . đàn ông có chí tiến thủ bao giờ cũng quyến rũ,không phải thích của cải mà là thích ý chí của họ đàn ông có chí tiến thủ bao giờ cũng quyến rũ
Other,ước mơ là không cần học cũng giỏi,ước mơ là không cần học cũng giỏi
Sadness,""" học từ bỏ những thứ trời không cho "" nói thì dễ nhưng nhiều lúc quyết tâm lắm vẫn không làm được .. 😢😢😢",học từ bỏ những thứ trời không cho nói thì dễ nhưng nhiều lúc quyết tâm lắm vẫn không làm được 😢
Other,"quê tao mà , tao nhìn 1 cái là biết ngay",quê tao mà tao nhìn 1 cái là bt ngay
Fear,từ lúc đấy tao không ăn được các loại thịt ngan - ngỗng - vịt lun 😞 ám ảnh vãi,từ lúc đấy tao không ăn được các loại thịt ngan ngỗng vịt lun 😞 ám ảnh vãi
Other,per ai củng đi mà đem về như tao thì không cần phải có công nhân vệ sinh rồi,per ai củng đi mà đem về như tao thì không cần phải có công nhân vệ sinh rồi
Disgust,gớm quá . nhớ lại lúc còn đạp xe đi học cán qua mấy lũ nay kêu bốp bốp rợn hêt cả da gà da vịt 🤢🤢🤢🤢,gớm quá nhớ lại lúc còn đạp xe đi học cán qua mấy lũ nay kêu bốp bốp rợn hêt cả da gà da vịt 🤢
Sadness,cũng muốn vứt giày cũ nhưng lại không có tiền mua giày mới . đành chấp nhận đau chân vậy,cũng muốn vứt giày cũ nhưng lại không có tiền mua giày mới đành chấp nhận đau chân vậy
Fear,"mong là bố mẹ mình không đọc được tin này , sợ vãi",mong là bố mẹ mình không đọc được tin này sợ vãi
Fear,sợ vãi,sợ vãi
Enjoyment,đi cho vui chứ chả mua sắm gì :)))) người every where,đi cho vui chứ chả mua sắm gì người every where
Sadness,"thà biết rồi đau 1 lần cho tởn rồi thôi , chứ đừng để nỗi đau cứ day dẳn giằng xé mãi cả đời ☻",thà bt rồi đau 1 lần cho tởn rồi thôi chứ đừng để nỗi đau cứ day dẳn giằng xé mãi cả đời ☻
Anger,còn không ngồi xuống dọn phụ em nó mà ngồi bấm điện thoại,còn không ngồi xuống dọn phụ em nó mà ngồi bấm điện thoại
Enjoyment,"t nghe nói : đi tập gym sẽ có người yêu ...! awwww . điều đó không sai , điều đó là có thật 😂😂😂",tao nghe nói đi tập gym sẽ có người yêu aw điều đó không sai điều đó là có thật 😂
Enjoyment,"per 2 con hay cap màn hình nhất thế giới , nói chuyện với nhau toàn cười ỉ 🙄🙄🙄",per 2 con hay cap màn hình nhất thế giới nói chuyện với nhau toàn cười ỉ 🙄
Other,thực tế thì con gái sẽ gục ngã trước một người đàn ô hài hước hơn là điển trai,thực tế thì con gái sẽ gục ngã trước một người đàn ô hài hước hơn là điển trai
Sadness,gáy sớm để làm gì cơ chứ haizz,gáy sớm để làm gì cơ chứ haizz
Surprise,vậy bỏ tiền mua cái máy tính đó để chi ta ???,vậy bỏ tiền mua cái máy tính đó để chi ta
Enjoyment,đẻ sao mà cu con đẹp quá vậy trời 😍,đẻ sao mà cu con đẹp quá vậy trời 😍
Other,có bao giờ con sóng không xô vào bờ đâu em ....,có bao giờ con sóng không xô vào bờ đâu em
Enjoyment,húp trọn sàn nhà 😁😁😁,húp trọn sàn nhà 😁
Fear,nguy hiểm lắm,nguy hiểm lắm
Sadness,nhanh ghê mới đó đã 9 năm rồi 😢,nhanh ghê mới đó đã 9 năm rồi 😢
Disgust,thế mà cô yến bị phạt có 5 triệu :v,thế mà cô yến bị phạt có 5 triệu v
Other,đó là động lực chứ không phải để đem ra so sánh ..,đó là động lực chứ không phải để đem ra so sánh
Fear,"hòi nhỏ nhà ngoại bị rượt muốn chết , sợ tới giờ 😭😭",hòi nhỏ nhà ngoại bị rượt muốn chết sợ tới giờ 😭😭
Enjoyment,à thì ra là như v =)))),à thì ra là như vậy
Enjoyment,"muốn hun , muốn ngắt , muốn nhéo , muốn tán vào cái mặt nó ghê , yêu vãi ??????",muốn hun muốn ngắt muốn nhéo muốn tán vào cái mặt nó ghê yêu vãi
Disgust,con mèo đúng là cái đồ đáng ghét,con mèo đúng là cái đồ đáng ghét
Enjoyment,giờ tao mới nhớ tao đã từng :)),giờ tao mới nhớ tao đã từng
Sadness,per chị rep khách hàng thế ấy hả 😞 bị bóc phốt rồi,per chị trả lời khách hàng thế ấy hả 😞 bị bóc tố cáo rồi
Other,tao mà nhậu xong đi cái đường này xác định,tao mà nhậu xong đi cái đường này xác định
Sadness,cũng tên quỳnh nhưng 2 số phận thật khác nhau 😢( chỉ mong được 1 góc nhỏ xiu xíu của b ),cũng tên quỳnh nhưng 2 số phận thật khác nhau 😢 chỉ mong được 1 góc nhỏ xiu xíu của b
Other,quan trọng là họ quảng cáo nói có đúng không . hay là được ít năm hỏng thì mệt,quan trọng là họ quảng cáo nói có đúng không hay là được ít năm hỏng thì mệt
Enjoyment,cũng may tao là một con đàn ông :)),cũng may tao là một con đàn ông
Enjoyment,các anh chị hãy nói với em đó chỉ là diễn xuất mà thôi . và tình yêu như vậy chỉ có trong tiểu thuyết mà thôi .,các anh chị hãy nói với em đó chỉ là diễn xuất mà thôi và tình yêu như vậy chỉ có trong tiểu thuyết mà thôi
Disgust,đó là đối với mấy đứa hay ảo tưởng mới nghĩ vậy thôi,đó là đối với mấy đứa hay ảo tưởng mới nghĩ vậy thôi
Other,"khi theo đuổi sự ưu tú , sự thành công sẽ theo đuổi bạn",khi theo đuổi sự ưu tú sự thành công sẽ theo đuổi bạn
Surprise,vài chục năm trôi qua mà vẫn chưa đủ tiền mua cái xe máy à,vài chục năm trôi qua mà vẫn chưa đủ tiền mua cái xe máy à
Other,cái gì cũng có 2 mặt của nó . làm việc phải nghe bằng 2 tai,cái gì cũng có 2 mặt của nó làm việc phải nghe bằng 2 tai
Other,vại mà có nhiều người quan niệm quá sai lầm về việc có bạn là con trai .,vại mà có nhiều người quan niệm quá sai lầm về việc có bạn là con trai
Other,làm sao bằng chạy xe ôm với bán chổi được ..... nên đừng nói chuyện đến lương .,làm sao bằng chạy xe ôm với bán chổi được nên đừng nói chuyện đến lương
Sadness,"như đi hiến máu chẳng hạn :3 , suýt thì được gặp :(",như đi hiến máu chẳng hạn 3 suýt thì được gặp
Disgust,per lại nhặng lên à . cảm thấy trong sạch thì cần gì nhặng lên thế,per lại nhặng lên à cảm thấy trong sạch thì cần gì nhặng lên thế
Disgust,vui chơi không an toàn gì cả,vui chơi không an toàn gì cả
Enjoyment,rất ghét phim ấn nhưng phải nói phim này hay 👍,rất ghét phim ấn nhưng phải nói phim này hay 👍
Sadness,haiz nuôi được nuôi không thì thôi chứ nuôi mà để v coi được haizz,haiz nuôi được nuôi không thì thôi chứ nuôi mà để vậy coi được haizz
Disgust,nó quan tâm mày vì nó muốn mua chuộc mày để tán con bạn thân của mày,nó quan tâm mày vì nó muốn mua chuộc mày để tán con bạn thân của mày
Sadness,per eo ôi làm nhớ hồi nhỏ đi học mẫu giáo quá :))),per eo ôi làm nhớ hồi nhỏ đi học mẫu giáo quá
Other,per :v tại nhiều nơi đổ về nên đông lại càng đông . biết lối tắt thì còn đỡ chứ không thì mệt lắm,per v tại nhiều nơi đổ về nên đông lại càng đông bt lối tắt thì còn đỡ chứ không thì mệt lắm
Fear,per sợ ghê bây .,per sợ ghê bây
Sadness,đây chính là lý do tao giảm cân toàn thất bại,đây chính là lý do tao giảm cân toàn thất bại
Other,tao đi quài vẫn chưa gặp nhỉ 🙃,tao đi quài vẫn chưa gặp nhỉ 🙃
Disgust,rốt cuộc thằng bé này ở đâu xuất hiện mà có ảnh chế nhiều vậy,rốt cuộc thằng bé này ở đâu xuất hiện mà có ảnh chế nhiều vậy
Enjoyment,đáng yêu quá mức,đáng yêu quá mức
Disgust,cô ngu như lợn 😒😒😒,cô ngu như lợn 😒
Disgust,rốt cục mạnh quá nên nghĩ võ cũng chỉ tăng thêm độ ngầu thôi :))) chủ yếu đối với sai chỉ là một pha sử lý cồng kền :)),rốt cục mạnh quá nên nghĩ võ cũng chỉ tăng thêm độ ngầu thôi chủ yếu đối với sai chỉ là một pha sử lý cồng kền
Enjoyment,chỉ 1 vãi nhỏ th mà niềm vui quá lớn < 3 ^^,chỉ 1 vãi nhỏ th mà niềm vui quá lớn 3
Enjoyment,cũng may là hết thời đi học rồi .. không lại từ “ con nhà người ta ” nó lại được nhắc liên tục trog bữa ăn hàng ngày 😅,cũng may là hết thời đi học rồi không lại từ “ con nhà người ta ” nó lại được nhắc liên tục trog bữa ăn hàng ngày 😅
Disgust,"chứ sao nữa , làm gì có chuyện người ta đỗ đúng mà lại gây tắc đường . chỉ có những người mắt hay bị ngứa cho rằng sẽ gây tắc đường thôi ạ",chứ sao nữa làm gì có chuyện người ta đỗ đúng mà lại gây tắc đường chỉ có những người mắt hay bị ngứa cho rằng sẽ gây tắc đường thôi ạ
Sadness,còn các bạn đặt bánh của mình toàn gửi cho người yêu . chắc câu chuyện này còn buồn hơn :((,còn các bạn đặt bánh của mình toàn gửi cho người yêu chắc câu chuyện này còn buồn hơn
Enjoyment,tin vui cho bà con nông dân chuân bi vào ngày gặt lúa sắp tới,tin vui cho bà con nông dân chuân bi vào ngày gặt lúa sắp tới
Enjoyment,em hết ngáo rồi nha =))),em hết ngáo rồi nha
Sadness,"mình sợ nhất đến bữa ăn mà bố mình vác cái thớt vào mâm cơm , bố mình biết mình sợ vậy nên mọi chiện giải quyết sau khi ăn cơm xong ,",mình sợ nhất đến bữa ăn mà bố mình vác cái thớt vào mâm cơm bố mình bt mình sợ vậy nên mọi chiện giải quyết sau khi ăn cơm xong
Sadness,khuôn mặt đáng thương,khuôn mặt đáng thương
Disgust,"cái loại lười lao động , vì những người hay lao động tay chân thì họ không bao giờ nuôi được móng tay cả ...",cái loại lười lao động vì những người hay lao động tay chân thì họ không bao giờ nuôi được móng tay cả
Other,per mày có bao giờ đi à :> tao cũng đéo,per mày có bao giờ đi à tao cũng đéo
Other,chụp rồi có mua giúp ông không ?,chụp rồi có mua giúp ông không
Other,cái gì nó cũng phải thực tế,cái gì nó cũng phải thực tế
Sadness,đang trong lớp mà ứa nước mắt,đang trong lớp mà ứa nước mắt
Disgust,"lái tàu quá kém không dừng khẩn cấp . để va chạm thế mà vẫn cố tình chạy , khổ thân chiếc xe ôtô",lái tàu quá kém không dừng khẩn cấp để va chạm thế mà vẫn cố tình chạy khổ thân chiếc xe ôtô
Enjoyment,kha ́ thông minh :)))),kha ́ thông minh
Disgust,nó mà có con khác rồi giận lại nó cho cút luôn lại bảo sao ngu :)),nó mà có con khác rồi giận lại nó cho cút luôn lại bảo sao ngu
Enjoyment,a cứ đưa hết lương đây cho em :))) em sẽ cho anh tiền rửa bát,a cứ đưa hết lương đây cho em em sẽ cho anh tiền rửa bát
Fear,"ám ảnh vãi :)) hồi bé tao với chị tao trên đường đi học về thấy có mấy con ngỗng , thấy hay ra nhìn thử dume xong nó dí tao với chị tao về gần nhà :)))",ám ảnh vãi hồi bé tao với chị tao trên đường đi học về thấy có mấy con ngỗng thấy hay ra nhìn thử dume xong nó dí tao với chị tao về gần nhà
Other,cắt tóc đi còn đen hơn,cắt tóc đi còn đen hơn
Anger,chụy hiền quá mòa ... sao chọc chị điên vậy ... đụ má tụi bây ..,chụy hiền quá mòa sao chọc chị điên vậy đụ má tụi bây
Disgust,"mẹ chưa hnao đi làm về sợ vãi như hôm nay 😑 chớp cứ nhằng nhằng 2 bên đường với trước mặt , kinh vãi",mẹ chưa hnao đi làm về sợ vãi như hôm nay 😑 chớp cứ nhằng nhằng 2 bên đường với trước mặt kinh vãi
Disgust,"thân hình của con người , nhưng đầu óc là con cặc , nên đéo biết nói gì thành phần này",thân hình của con người nhưng đầu óc là con cặc nên đéo bt nói gì thành phần này
Other,"nghe được đó , ảnh hưởng tới môi trường là phải cấm",nghe được đó ảnh hưởng tới môi trường là phải cấm
Sadness,không lau sạch về bà chủ mắng thì sao . nhiều người họ kinh lắm . trước mẹ minh đi làm cho nhà 5 tầng . họ chỉ ở 3 tầng còn 2 tầng bỏ không . mà ngày nào cũng phải lau hết,không lau sạch về bà chủ mắng thì sao nhiều người họ kinh lắm trước mẹ minh đi làm cho nhà 5 tầng họ chỉ ở 3 tầng còn 2 tầng bỏ không mà ngày nào cũng phải lau hết
Disgust,cô ấy bảo : đời như lol 🙂,cô ấy bảo đời như lol 🙂
Enjoyment,cảm ơn mày đã khai phá cho tao thêm một nét văn hoá đẹp :)),cảm ơn mày đã khai phá cho tao thêm một nét văn hoá đẹp
Enjoyment,best gái ngành hôm nay đắt hàng,best gái ngành hôm nay đắt hàng
Sadness,đã gặp được em đúng lúc . nhưng lại không phải thời điểm em muốn ....,đã gặp được em đúng lúc nhưng lại không phải thời điểm em muốn
Anger,thằng khốn nạn,thằng khốn nạn
Enjoyment,cám ơn mấy chế nhiều nhiều nhé 😗,cám ơn mấy chế nhiều nhiều nhé 😗
Disgust,ăn ở như nào mà tới bị con ngáo nó lùa ? =))))),ăn ở như nào mà tới bị con ngáo nó lùa
Disgust,"chúng nó xạo lol vậy thôi chứ lên đại học chúng nó dập nhau như gà , đấy là tao nghe bọn nó nói thế chứ có học đại học đéo đâu mà biết 😕",chúng nó xạo lol vậy thôi chứ lên đại học chúng nó dập nhau như gà đấy là tao nghe bọn nó nói thế chứ có học đại học đéo đâu mà bt 😕
Other,per nhớ quá trời nhớ luôn nè,per nhớ quá trời nhớ luôn nè
Enjoyment,per hãy cứ vững tâm tập điều độ rồi sẽ có thôi,per hãy cứ vững tâm tập điều độ rồi sẽ có thôi
Disgust,nửa đêm rồi đứng hò hét vậy mà không bị chửi là sao ta,nửa đêm rồi đứng hò hét vậy mà không bị chửi là sao ta
Disgust,hỏng cả một thế hệ 😔,hỏng cả một thế hệ 😔
Other,1 nỗ lực lớn thay đổi valentine ... sang năm tao mắc võng .,1 nỗ lực lớn thay đổi valentine sang năm tao mắc võng
Enjoyment,thôi chết haha ...,thôi chết haha
Enjoyment,per tìm ông bán xoài này ngay cho em 😂😂😂,per tìm ông bán xoài này ngay cho em 😂
Enjoyment,cưng quá,cưng quá
Other,em nó phượt theo gái cả đêm,em nó phượt theo gái cả đêm
Anger,đéo liên quan nhưng đéo mày bữa nay tao đéo đi ỉa vì con củ lol này :),đéo liên quan nhưng đéo mày bữa nay tao đéo đi ỉa vì con củ lol này
Enjoyment,nhìn ghiền 😘,nhìn ghiền 😘
Disgust,đi đường ghét nhất bọn loi choi kiểu này . gặp ngay bác vô lăng cứng tỳ cho phát thế là nhớ đời thằng loi choi .,đi đường ghét nhất bọn loi choi kiểu này gặp ngay bác vô lăng cứng tỳ cho phát thế là nhớ đời thằng loi choi
Sadness,"tuổi thơ tao gặp toàn trai bánh bều , mít ướt . toàn là tao galang , dỗ dành . ôi cái cuộc đời này per",tuổi thơ tao gặp toàn trai bánh bều mít ướt toàn là tao galang dỗ dành ôi cái cuộc đời này per
Other,mấy thanh niên đi xong về có yêu nhau không nhỉ ?,mấy thanh niên đi xong về có yêu nhau không nhỉ
Enjoyment,nhớ lần nấu cơm thần thánh này không ? per chỉ là mải nghịch nước thôi mà …,nhớ lần nấu cơm thần thánh này không per chỉ là mải nghịch nước thôi mà …
Sadness,mình sống không đủ tốt hay sao mà vẫn chưa gặp được anh người yêu tốt như này,mình sống không đủ tốt hay sao mà vẫn chưa gặp được anh người yêu tốt như này
Sadness,đúng là càng ngày càng chán . cứ theo luật mà làm thì chán cực kỳ luôn,đúng là càng ngày càng chán cứ theo luật mà làm thì chán cực kỳ luôn
Other,"5 năm thì có vẻ hơi sớm 🤣, tao chỉ ước sau này có người thích được phiêu du như gia đình người ta thôi 😌",5 năm thì có vẻ hơi sớm 🤣 tao chỉ ước sau này có người thích được phiêu du như gia đình người ta thôi 😌
Other,liệu có bền lâu,liệu có bền lâu
Sadness,tại vì anh trót nói lời thương em mà em không đáp lại,tại vì anh trót nói lời thương em mà em không đáp lại
Sadness,thì đúng là sẽ không buồn vì thất tình nữa :((,thì đúng là sẽ không buồn vì thất tình nữa
Other,per ở quê ve sầu kêu chưa chúng mày,per ở quê ve sầu kêu chưa chúng mày
Sadness,một sinh vật xinh đẹp và hiền lành . tiếc cho nó quá,một sinh vật xinh đẹp và hiền lành tiếc cho nó quá
Sadness,đi học về thấy bán hoa đây đường mà cảm thấy tội cho bọn có gấu ... lại tốn tiền,đi học về thấy bán hoa đây đường mà cảm thấy tội cho bọn có gấu lại tốn tiền
Anger,súc vật dume,súc vật dume
Other,per thử cảm giác mạnh,per thử cảm giác mạnh
Anger,chửi thì chửi . mà cái giọng của anh dọn phòng nghe trổi tai thật .,chửi thì chửi mà cái giọng của anh dọn phòng nghe trổi tai thật
Enjoyment,cụ bà đẹp lão quá cậu,cụ bà đẹp lão quá cậu
Other,per có quẹo vào không em,per có quẹo vào không em
Surprise,sao nó tìm được nhỉ 🤔,sao nó tìm được nhỉ 🤔
Enjoyment,"đúng mất vài giay để nói lời yêu thương , nhưng phải mất cả đời mới chứng minh được , cháu rất ngưỡng mộ ông bà !",đúng mất vài giay để nói lời yêu thương nhưng phải mất cả đời mới chứng minh được cháu rất ngưỡng mộ ông bà
Enjoyment,nó mà nhập viện thì xong đời tao . n 😂😂,nó mà nhập viện thì xong đời tao n 😂😂
Disgust,xem qua là biết diễn sâu rồi . bên ngoài chắc lao mẹ vào đánh nhau rồi chứ còn lâu mới rảnh háng chửi nthe,xem qua là bt diễn sâu rồi bên ngoài chắc lao mẹ vào đánh nhau rồi chứ còn lâu mới rảnh háng chửi nthe
Disgust,cái cây gia công sản xuất kém chất lượng quá :)),cái cây gia công sản xuất kém chất lượng quá
Other,per chỉ một lần thôi 😂,per chỉ một lần thôi 😂
Enjoyment,nhanh lẹ hiệu quả cao 😂😂,nhanh lẹ hiệu quả cao 😂😂
Other,đây là cảnh dọn dẹp trong bar hay trong hotel vậy ?,đây là cảnh dọn dẹp trong bar hay trong hotel vậy
Sadness,per huhu nhất là mấy bài không cho chất thử á :(,per huhu nhất là mấy bài không cho chất thử á
Other,"trai xinh gái đẹp thời đó , nhìn cái xe là biết giáo dục có điều kiện rồi",trai xinh gái đẹp thời đó nhìn cái xe là bt giáo dục có điều kiện rồi
Sadness,"mình nghĩ sẽ không bao giờ là một thương hiệu quốc gia , là khát vọng về cà phê vn nữa ...",mình nghĩ sẽ không bao giờ là một thương hiệu quốc gia là khát vọng về cà phê vn nữa
Anger,"1 cái mồm phải nhét vào não 40 đứa gần như thiểu năng cũng đủ chết rồi . nếu tôi là cô ấy , tôi tát cho không trượt phát nào",1 cái mồm phải nhét vào não 40 đứa gần như thiểu năng cũng đủ chết rồi nếu tôi là cô ấy tôi tát cho không trượt phát nào
Enjoyment,đến gần đoạn cuối tao tắt âm xong vào xem bình luận rồi mới tua xem lại để minvolum . iq + vô cực chuẩn mẹ rồi,đến gần đoạn cuối tao tắt âm xong vào xem bình luận rồi mới tua xem lại để minvolum iq vô cực chuẩn mẹ rồi
Disgust,thanh niên này cục súc vãi,thanh niên này cục súc vãi
Disgust,thấy gớm,thấy gớm
Disgust,dume cứ chê đi đến lúc bố dậy thì lại mất công trầm trồ !!!,dume cứ chê đi đến lúc bố dậy thì lại mất công trầm trồ
Anger,ăn cút mẹ mày ra chỗ khác ăn nhé .,ăn cút mẹ mày ra chỗ khác ăn nhé
Enjoyment,sau khi đọc bài của mày tao cười nhiều quá và gãy mẹ hàm cái à,sau khi đọc bài của mày tao cười nhiều quá và gãy mẹ hàm cái à
Enjoyment,nhìn hình chế là tao vui lắm :)),nhìn hình chế là tao vui lắm
Disgust,cái mặt thấy ghét,cái mặt thấy ghét
Other,per bao giờ mày mới được nv nhỉ,per bao giờ mày mới được nv nhỉ
Sadness,em xin lỗi anh,em xin lỗi anh
Fear,"con này còn hại hơn cả ốc bươu vàng . cấm nhanh còn kịp , để nó ra ngoài thì chỉ có người nông dân thiệt thôi",con này còn hại hơn cả ốc bươu vàng cấm nhanh còn kịp để nó ra ngoài thì chỉ có người nông dân thiệt thôi
Enjoyment,thú vui đặc biệt vãi :v .,thú vui đặc biệt vãi v
Fear,tao biết là có ý tốt gởi thông điệp ý nghĩa nhưng nhìn cứ sợ sợ lại còn sấm chớp :<,tao bt là có ý tốt gởi thông điệp ý nghĩa nhưng nhìn cứ sợ sợ lại còn sấm chớp
Disgust,t ghét cả họ nhà nó 🙂,tao ghét cả họ nhà nó 🙂
Other,huhu nó bị điên à ?,huhu nó bị điên à
Other,phải công nhận nước ngoài cái gì cũng to :),phải công nhận nước ngoài cái gì cũng to
Sadness,sư phụ giả vờ ngã để thử lòng các đồ đệ và cái kết ngã sấp mặt luôn 😢,sư phụ giả vờ ngã để thử lòng các đồ đệ và cái kết ngã sấp mặt luôn 😢
Disgust,một lũ óc không bằng chó .,một lũ óc không bằng chó
Enjoyment,5 năm nữa tao phải đẻ được 3 đứa 😂😂😂,5 năm nữa tao phải đẻ được 3 đứa 😂
Surprise,per lật kèo luôn à ??,per lật kèo luôn à
Other,thanh niên quá cứng,thanh niên quá cứng
Sadness,lùn lùn làm sao sống qua nổi những chuyến đi phiêu lưu như vậy,lùn lùn làm sao sống qua nổi những chuyến đi phiêu lưu như vậy
Sadness,chân tao không đu ̉ da ̀ i đi ̉ đi con đươ ̀ người na ̀ y :((((,chân tao không đu ̉ da ̀ i đi ̉ đi con đươ ̀ người na ̀ y
Sadness,có lúc ngồi một mình mà cảm thấy lạc lõng lắm các cậu ak,có lúc ngồi một mình mà cảm thấy lạc lõng lắm các cậu ak
Anger,phải cho mấy con sán lợn này vào đĩa rồi mời mấy ông bà đấy ăn xem mấy ông bà đấy thế nào .,phải cho mấy con sán lợn này vào đĩa rồi mời mấy ông bà đấy ăn xem mấy ông bà đấy thế nào
Enjoyment,mùa hè không nóng đây rồi,mùa hè không nóng đây rồi
Anger,lũ này chặt tay bọn nó cho khỏi trộm cắp 😠,lũ này chặt tay bọn nó cho khỏi trộm cắp 😠
Other,bắt trước chuyện tềnh trong thang máy cơ mà cái này kết có hậu :),bắt trước chuyện tềnh trong thang máy cơ mà cái này kết có hậu
Disgust,vl ! người ngoài hành tinh biết nói tiếng anh ! bọn mày lú hết rồi à ? cái quần què gì cũng tin được !,vãi lồn người ngoài hành tinh bt nói tiếng anh bọn mày lú hết rồi à cái quần què gì cũng tin được
Enjoyment,má nó thú dị thôi rồi 😂😂😂,má nó thú dị thôi rồi 😂
Sadness,crush bị thịt hay không không quan trọng . t chỉ sợ vợ tao đang bị thg nào đó gạ địt thôi . nghĩ mà buồn,người mình thích bị thịt hay không không quan trọng tao chỉ sợ vợ tao đang bị thg nào đó gạ địt thôi nghĩ mà buồn
Other,mấy đứa bị bón thích cái này,mấy đứa bị bón thích cái này
Anger,thằng lol nào trong miệng thế,thằng lol nào trong miệng thế
Sadness,per đau hơn chia tay người yêu nữa,per đau hơn chia tay người yêu nữa
Enjoyment,tôi đã đúng khi đọc bình luận thay vì đọc bài :),tôi đã đúng khi đọc bình luận thay vì đọc bài
Other,hóng kỉ lục để lông mũi dài tới bụng :)),hóng kỉ lục để lông mũi dài tới bụng
Disgust,đánh rơi liêm sỉ trong 1 nốt nhạc,đánh rơi liêm sỉ trong 1 nốt nhạc
Disgust,chuẩn ..! dm mang tiếng được trung ương mà toàn lũ ghen ăn tức ở_xểnh tí là hại nhau ngay ..! làm vất vả tiền chả thấy đâu ..!=)))))),chuẩn địt mẹ mang tiếng được trung ương mà toàn lũ ghen ăn tức ở xểnh tí là hại nhau ngay làm vất vả tiền chả thấy đâu
Surprise,nước ngoài cái gì cũng to kể cả sinh vật,nước ngoài cái gì cũng to kể cả sinh vật
Surprise,ôi tao đã tìm được người cùng hành tinh ?,ôi tao đã tìm được người cùng hành tinh
Enjoyment,câu nói quá chuẩn và ý nghĩa 👍,câu nói quá chuẩn và ý nghĩa 👍
Enjoyment,cảm ơn đoi tình nguyện viên nhớ có các bạn mà người dân bớt vất vả hơn,cảm ơn đoi tình nguyện viên nhớ có các bạn mà người dân bớt vất vả hơn
Disgust,"từ cái thời mới bắt về bé tí . suốt ngày bị lũ gà mái bắt nạt run rẩy trong góc . mình thấy tội nghiệp nên săn sóc từng tí 1 , lại bảo kê cho nó khỏi lũ gà . thế mà dume lúc lớn lúc đéo nào cũng kêu như giết heo , đuổi đánh lũ gà chạy tán loạn , đè chết cả mấy con gà . đã thế thì thôi lúc vào cho nó ăn nó dí cho thì thôi rồi . vừa dí vừa mổ , hồi đấy nuôi ngỗng mơ cũg thấy ác mộng bị nó đuổi mổ . tóm lại vừa vô ơn vừa đéo dễ thương tí nào cả",từ cái thời mới bắt về bé tí suốt ngày bị lũ gà mái bắt nạt run rẩy trong góc mình thấy tội nghiệp nên săn sóc từng tí 1 lại bảo kê cho nó khỏi lũ gà thế mà dume lúc lớn lúc đéo nào cũng kêu như giết heo đuổi đánh lũ gà chạy tán loạn đè chết cả mấy con gà đã thế thì thôi lúc vào cho nó ăn nó dí cho thì thôi rồi vừa dí vừa mổ hồi đấy nuôi ngỗng mơ cũg thấy ác mộng bị nó đuổi mổ tóm lại vừa vô ơn vừa đéo dễ thương tí nào cả
Sadness,lụm điều cho ba má . 2 ngàn 1 ngày bỏ heo đất . thằng hàng xóm vô trộm mất . khóc lóc mấy ngày .,lụm điều cho ba má 2 ngàn 1 ngày bỏ heo đất thằng hàng xóm vô trộm mất khóc lóc mấy ngày
Enjoyment,cỡ nào anh cũng có thể chịu đựng được vì anh yêu em,cỡ nào anh cũng có thể chịu đựng được vì anh yêu em
Enjoyment,người ta kê bàn ghế ra chả nhẽ lại vẫn nằm đất để nhìn mông người khác ngồi :))) pha xử lý rất cao tayyy,người ta kê bàn ghế ra chả nhẽ lại vẫn nằm đất để nhìn mông người khác ngồi pha xử lý rất cao tay
Sadness,"những việc này , mang lên đây chả giải quyết được gì cả .",những việc này mang lên đây chả giải quyết được gì cả
Sadness,đến ngày sinh nhật mà còn không nhớ thì còn nói gì nũa,đến ngày sinh nhật mà còn không nhớ thì còn nói gì nũa
Enjoyment,1967 mà cụ ông đẹp trai phong độ ăn mặc thời trang quá :)),1967 mà cụ ông đẹp trai phong độ ăn mặc thời trang quá
Other,của thằng kia mà,của thằng kia mà
Sadness,"chắc tại từ nhỏ tới lớn mình "" man "" quá nên không gặp được gã nào ga lăng dư này :(",chắc tại từ nhỏ tới lớn mình man quá nên không gặp được gã nào ga lăng dư này
Disgust,bảo thẳng luôn dân việt nam nghèo còn bày đặt . không biết quý đồ ăn là gì . nói thì lại tự ái quay ra đôi co .,bảo thẳng luôn dân việt nam nghèo còn bày đặt không bt quý đồ ăn là gì nói thì lại tự ái quay ra đôi co
Anger,douma đứng trong nhà cũng không yên cái thân,douma đứng trong nhà cũng không yên cái thân
Sadness,hổng gặp cái buồn luôn ><,không gặp cái buồn luôn
Sadness,thế nên bán hàng có tâm là đừng bao giờ nài nỉ khách mua thêm vì biết đâu bạn vô tình làm cho nỗi đau của họ trở nên tồi tệ hơn .,thế nên bán hàng có tâm là đừng bao giờ nài nỉ khách mua thêm vì bt đâu bạn vô tình làm cho nỗi đau của họ trở nên tồi tệ hơn
Enjoyment,tao nhớ không nhầm hôm nay nó đến tháng vậy là sẽ không bị đâu nhỉ,tao nhớ không nhầm hôm nay nó đến tháng vậy là sẽ không bị đâu nhỉ
Other,năm đó mà có được chiếc xe kia thì cũng không phải dạng vừa rồi 👍,năm đó mà có được chiếc xe kia thì cũng không phải dạng vừa rồi 👍
Disgust,"per em ơi , tính ra nhớ đợt mình đi dạo trên cầu per mấy ông đó vứt xuống sông ít ra còn có não hơn mấy đứa vụ này",per em ơi tính ra nhớ đợt mình đi dạo trên cầu per mấy ông đó vứt xuống sông ít ra còn có não hơn mấy đứa vụ này
Sadness,nhìn hói mà thấy thương gê ??,nhìn hói mà thấy thương gê
Other,ngta lở ăn vụn tha đi lúc đầu thấy êm re tội quá chừng lúc sau tức nước vở bờ 😂😂😂,ngta lở ăn vụn tha đi lúc đầu thấy êm re tội quá chừng lúc sau tức nước vở bờ 😂
Enjoyment,per nhất định chị em mê tín mình p đi xem phim này rồi,per nhất định chị em mê tín mình p đi xem phim này rồi
Sadness,đoạn phim này tốn khá nhiều nước mắt của người xem,đoạn phim này tốn khá nhiều nước mắt của người xem
Surprise,t tưởng móc được mớ vụn ra là hết rồi . ai ngờ còn 2 cục đựu má chà bá,tao tưởng móc được mớ vụn ra là hết rồi ai ngờ còn 2 cục đựu má chà bá
Other,liệu nó có bay nổi hay không ?.,liệu nó có bay nổi hay không
Anger,mẹ mày đã đánh mày tan xác chưa . phải tao thì mẹ tao cho nhừ tử luôn rồi ??,mẹ mày đã đánh mày tan xác chưa phải tao thì mẹ tao cho nhừ tử luôn rồi
Enjoyment,t mong nó té quá chời :v,tao mong nó té quá chời v
Disgust,dẫu hiên ngang giữa đất trời . gặp con vợ đểu thì đời cũng xong,dẫu hiên ngang giữa đất trời gặp con vợ đểu thì đời cũng xong
Other,thành phố không nói chứ chỉ 9x trở về mới biết nấu thoii,thành phố không nói chứ chỉ 9x trở về mới bt nấu thoii
Enjoyment,khi bạn bất cần vãi đời ... làm việc xấu mà cảm thấy thanh thản vãi 😁,khi bạn bất cần vãi đời làm việc xấu mà cảm thấy thanh thản vãi 😁
Sadness,tao kìm nén lâu qá rồi mà 😌😌 tức nước vỡ bờ thôi,tao kìm nén lâu qá rồi mà 😌😌 tức nước vỡ bờ thôi
Fear,"tự nhiên nhớ đến hồi bé , đi kiểu nào cũng bị ngỗng rượt chạy té sấp mặt luôn , nhiều khi nghĩ sợ nó dí hơn sợ mẹ đánh",tự nhiên nhớ đến hồi bé đi kiểu nào cũng bị ngỗng rượt chạy té sấp mặt luôn nhiều khi nghĩ sợ nó dí hơn sợ mẹ đánh
Anger,mày cút,mày cút
Enjoyment,phim này rất hay .,phim này rất hay
Sadness,đang chán đời cắt tóc xong là chán cái mặt hơn chán đời luôn :((,đang chán đời cắt tóc xong là chán cái mặt hơn chán đời luôn
Enjoyment,may quá tao không xài huawei kkk,may quá tao không xài huawei không
Surprise,ông này có võ thiệt 😁😁,ông này có võ thiệt 😁😁
Enjoyment,"yeahh ! tao giờ đã là khách quen quán trà sữa đó rồi , về nhà cũng phải ráng tạt qua",yeahh tao giờ đã là khách quen quán trà sữa đó rồi về nhà cũng phải ráng tạt qua
Disgust,ai mà chả sợ rắn chơi ngu như chó vợ nhỉ per,ai mà chả sợ rắn chơi ngu như chó vợ nhỉ per
Other,sớm chút nữa có lẽ đã khác rồi đúng không ?,sớm chút nữa có lẽ đã khác rồi đúng không
Enjoyment,đúng là nhân tài luôn ở khắp mọi nơi kkkk,đúng là nhân tài luôn ở khắp mọi nơi không
Sadness,bà của tôi đã không còn khi tôi còn chưa biết gg là gì,bà của tôi đã không còn khi tôi còn chưa bt gg là gì
Sadness,"công trình 850 năm tuổi , xây dựng 100 năm mới hoàn thành chỉ còn là đống cháy sắt vụn .",công trình 850 năm tuổi xây dựng 100 năm mới hoàn thành chỉ còn là đống cháy sắt vụn
Disgust,tao thấy có 1 thằng dân trí thấp trong đám bình luận này rồi đấy,tao thấy có 1 thằng dân trí thấp trong đám bình luận này rồi đấy
Sadness,bỏ thế lồn nào được :(,bỏ thế lồn nào được
Other,đây là đồ của per ??? hỏi nua không,đây là đồ của per hỏi nua không
Enjoyment,per trông em bé yêu vãi :)),per trông em bé yêu vãi
Other,khó có thể giải thích,khó có thể giải thích
Fear,dù có nói thích mày thì cũng đừng có tin .. xã hội giờ nguy hiểm lắm,dù có nói thích mày thì cũng đừng có tin xã hội giờ nguy hiểm lắm
Other,chắc sổ đỏ có cả vỉa hè và đường :)),chắc sổ đỏ có cả vỉa hè và đường
Other,ơ . t chỉ quan tâm sao mày lại mặc quần màu hường hình cô gái thôi ??,ơ tao chỉ quan tâm sao mày lại mặc quần màu hường hình cô gái thôi
Other,sang năm nữa vác giường ra mà nhìn,sang năm nữa vác giường ra mà nhìn
Sadness,câu chuyện lấy đi nước mắt của tao,câu chuyện lấy đi nước mắt của tao
Disgust,"ko ngon thế đâu , không khéo nó lại ỉa cứt toe toét vào mặt í :)))",không ngon thế đâu không khéo nó lại ỉa cứt toe toét vào mặt í
Sadness,"chờ mãi mà không thấy , cứ thấy trống vắng vãi :((",chờ mãi mà không thấy cứ thấy trống vắng vãi
Sadness,t thấy nó cười hoài mà không bao giờ nó cười với tao cả :((,tao thấy nó cười hoài mà không bao giờ nó cười với tao cả
Enjoyment,"per tôn lợp nhà mà đẹo zai thế đấy , lại toàn 6 múi nữa chứ ...",per tôn lợp nhà mà đẹo zai thế đấy lại toàn 6 múi nữa chứ
Enjoyment,"thời thanh xuân tôi từng yêu quý nét hiền thục của chị hiền mai . và đúng như cái tên hiền mai của chị , tên và tâm tính đều đẹp , hiếu thảo khó ai bằng . em xin chúc bác có thêm nhiều sức khoẻ để chị có được nhg tháng ngày hạnh phúc , ấm áp bên mẹ ạ .",thời thanh xuân tôi từng yêu quý nét hiền thục của chị hiền mai và đúng như cái tên hiền mai của chị tên và tâm tính đều đẹp hiếu thảo khó ai bằng em xin chúc bác có thêm nhiều sức khoẻ để chị có được nhg tháng ngày hạnh phúc ấm áp bên mẹ ạ
Disgust,cái này gọi là ấu trĩ phải không,cái này gọi là ấu trĩ phải không
Sadness,phải tao tao vứt luôn xe ??,phải tao tao vứt luôn xe
Sadness,tưởng mai đi họp phụ huynh mới bị u ám . ai ngờ hôm nay mới biết điểm anh 9 . 5 thôi đã u ám rồi :),tưởng mai đi họp phụ huynh mới bị u ám ai ngờ hôm nay mới bt điểm anh 9 5 thôi đã u ám rồi
Enjoyment,ui đáng yêu gheê,ui đáng yêu gheê
Enjoyment,sắp được cống hiến cho tổ quốc rồi . vui quá ...,sắp được cống hiến cho tổ quốc rồi vui quá
Disgust,"cạn lời , mình ngủ để khỏi nhìn 😊😊😊",cạn lời mình ngủ để khỏi nhìn 😊
Other,loài dê phải gọi ông này bằng cụ,loài dê phải gọi ông này bằng cụ
Other,cho em hỏi phim ra tập mới vào những hôm nào ạ,cho em hỏi phim ra tập mới vào những hôm nào ạ
Anger,đkm mấy thằng mặt cặc ! gặp bà thì bà lại đá cho thọt con mẹ nó dái lên cổ xem chúng mày có cười mà khoe chiến tích được không . đm lũ chó chết không riềng 😡😡,đkm mấy thằng mặt cặc gặp bà thì bà lại đá cho thọt con mẹ nó dái lên cổ xem chúng mày có cười mà khoe chiến tích được không địt mẹ lũ chó chết không riềng 😡😡
Anger,nghe tên vietcombank là bao nhiêu quá khứ bực mình ùa về,nghe tên vietcombank là bao nhiêu quá khứ bực mình ùa về
Enjoyment,mạnh vỗ tay 👏,mạnh vỗ tay 👏
Other,thu thập mọi thông tin về đối tượng .. luôn đặt trái tim vào trạng thái .. chiến đấu 😖,thu thập mọi thông tin về đối tượng luôn đặt trái tim vào trạng thái chiến đấu 😖
Sadness,2 thế kỷ mới xây được vậy mà chỉ trong 63 phút tiêu tan hết :(,2 thế kỷ mới xây được vậy mà chỉ trong 63 phút tiêu tan hết
Sadness,đọc xong tao muốn khóc luôn,đọc xong tao muốn khóc luôn
Enjoyment,thương vlll,thương vãi lồn
Disgust,"xốp dọn không sạch nổi , quản lý người ta lại nói nv làm vệ sinh bẩn không kĩ lưỡng này nọ rồi lại trừ tác phong , các bạn ý thức chút",xốp dọn không sạch nổi quản lý người ta lại nói nv làm vệ sinh bẩn không kĩ lưỡng này nọ rồi lại trừ tác phong các bạn ý thức chút
Surprise,não bọn này nhiều nếp nhăn đấy,não bọn này nhiều nếp nhăn đấy
Other,tăng sáng lên nhìn cho rõ mặt chứ,tăng sáng lên nhìn cho rõ mặt chứ
Enjoyment,"gặp chị này ngoài đời rồi , giọng nhẹ mà hiền lắm nuôn ❤",gặp chị này ngoài đời rồi giọng nhẹ mà hiền lắm nuôn ❤
Disgust,"vailon :)) học sinh cơ , dume nó",vailon học sinh cơ dume nó
Sadness,nta vẩy tay mấy cái cũng ra tranh còn tao thì 😪,nta vẩy tay mấy cái cũng ra tranh còn tao thì 😪
Other,cẩn thận các góc cửa,cẩn thận các góc cửa
Disgust,bình luận gì ông này diễn trò ngày nào đi qua khoảng hơn bốn giờ chiều là gặp,bình luận gì ông này diễn trò ngày nào đi qua khoảng hơn bốn giờ chiều là gặp
Fear,"tại như vầy nên bố tao không cho đi cùng . cụ bảo có năm còn lăn cả xuống ruộng , trèo lên mái nhà của người ta để đi ??",tại như vầy nên bố tao không cho đi cùng cụ bảo có năm còn lăn cả xuống ruộng trèo lên mái nhà của người ta để đi
Other,:))) mặt ngáo vậy mà còn lạ lẫm gì,mặt ngáo vậy mà còn lạ lẫm gì
Anger,lừa đảo số tiền lớn như vậy thì khởi tối cả lũ chúng nó chứ,lừa đảo số tiền lớn như vậy thì khởi tối cả lũ chúng nó chứ
Other,nhưng tối qua nhà tao có mưa đâu,nhưng tối qua nhà tao có mưa đâu
Sadness,tới lúc chia tay rồi khóc :(,tới lúc chia tay rồi khóc
Other,chọn thằng nào có tương lai hơn . tức có bố mẹ giàu hơn,chọn thằng nào có tương lai hơn tức có bố mẹ giàu hơn
Fear,dm ông cầm cam cho cẩn thận vào tôi cũng muốn ngã mẹ nó rồi này,địt mẹ ông cầm cam cho cẩn thận vào tôi cũng muốn ngã mẹ nó rồi này
Enjoyment,tuổi trẻ tài cao =))),tuổi trẻ tài cao
Sadness,per giờ thằng gù nhà thờ chạy đi đâu đây :(,per giờ thằng gù nhà thờ chạy đi đâu đây
Other,nồi cơm điện chứ gì .,nồi cơm điện chứ gì
Sadness,những người em thích đều đi nơi đâu rồi còn con ml bên cạnh song hành,những người em thích đều đi nơi đâu rồi còn con ml bên cạnh song hành
Disgust,cái này giả thui nhé . 1 tài liệu mật của nasa mà cái kênh cùi này có được à 😂,cái này giả thôi nhé 1 tài liệu mật của nasa mà cái kênh cùi này có được à 😂
Disgust,ghét nhất kiểu tôi quen ông này quen bà kia . nhìu cha có cái nón bảo hiểm không đòi được bị bắt cái gọi điện thoại nhờ người quen . có bạn kiểu đó phiền quá,ghét nhất kiểu tôi quen ông này quen bà kia nhìu cha có cái nón bảo hiểm không đòi được bị bắt cái gọi điện thoại nhờ người quen có bạn kiểu đó phiền quá
Anger,giết chết lũ khốn và cái ô che cho chúng .,giết chết lũ khốn và cái ô che cho chúng
Sadness,"công ăn việc làm còn chưa ổn định , bố mẹ già còn chưa lo được thì kết hôn để làm gì 😪",công ăn việc làm còn chưa ổn định bố mẹ già còn chưa lo được thì kết hôn để làm gì 😪
Anger,nên cho người xử sai ngồi tù như người ta xem sao ....,nên cho người xử sai ngồi tù như người ta xem sao
Sadness,tận cùng của tan vỡ,tận cùng của tan vỡ
Other,người yêu có thể có nhiều nhưng mạng sống chỉ có 1 chế nhể ?,người yêu có thể có nhiều nhưng mạng sống chỉ có 1 chế nhể
Enjoyment,"nhà tao bên cạnh phòng tập gym , lúc trước bán dụng cụ thể thao ế vãi ra , nợ nần chồng chất ! từ ngày chuyển sang làm đại lý dầu ăn , gia đình tao phất lên trông thấy !😂😂",nhà tao bên cạnh phòng tập gym lúc trước bán dụng cụ thể thao ế vãi ra nợ nần chồng chất từ ngày chuyển sang làm đại lý dầu ăn gia đình tao phất lên trông thấy 😂😂
Enjoyment,per đúng rồi mình đây =)),per đúng rồi mình đây
Other,sao đúng bài mày kết vậy 🙁🙁🙁,sao đúng bài mày kết vậy 🙁
Disgust,tình yêu con nít cọ đít vào nhau ....,tình yêu con nít cọ đít vào nhau
Anger,thế thì bắt con phụ nữ chứ bắt gì thằng đâm . con đấy mới là nguồn của vụ án,thế thì bắt con phụ nữ chứ bắt gì thằng đâm con đấy mới là nguồn của vụ án
Sadness,tao còn độc thân này :((,tao còn độc thân này
Disgust,ngộ không phiên bản lỗi 😆😆,ngộ không phiên bản lỗi 😆😆
Sadness,per mới bắt đầu tuần thánh mà chúa ơii,per mới bắt đầu tuần thánh mà chúa ơii
Sadness,buồn vương mi !!!,buồn vương mi
Enjoyment,đăng khoa lê lò dầu của mẹ nè anh 😘😘😘,đăng khoa lê lò dầu của mẹ nè anh 😘
Disgust,đm chưa thấy thằng nào ngu như thằng này :))) bị ngáo cần :)),địt mẹ chưa thấy thằng nào ngu như thằng này bị ngáo cần
Disgust,nát xe lại còn phải đền cho cánh cửa toa tàu nữa . dốt thì chết,nát xe lại còn phải đền cho cánh cửa toa tàu nữa dốt thì chết
Enjoyment,không biết crush có thích uống nước mắm không để còn tặng nàng chai nam ngư 900ml :)),không bt người mình thích có thích uống nước mắm không để còn tặng nàng chai nam ngư 900ml
Disgust,"văn minh quá , đường trong sổ đỏ người ta mà !",văn minh quá đường trong sổ đỏ người ta mà
Other,lại nhuộm vàng súng ống rồi,lại nhuộm vàng súng ống rồi
Other,xuống đi nó không cắn đâu,xuống đi nó không cắn đâu
Sadness,gia đình có nhưng tình yêu không thì sao,gia đình có nhưng tình yêu không thì sao
Surprise,chúng mày giờ mới biết điều này ah ? =)))),chúng mày giờ mới bt điều này ah
Anger,t cũn gặp 1 ca như vậy mà chúng nó còn chơi chét bánh kem cơ . bước vào nhìn cái phòng mà muốn quăng chổi vào mặt tụi nó,tao cũn gặp 1 ca như vậy mà chúng nó còn chơi chét bánh kem cơ bước vào nhìn cái phòng mà muốn quăng chổi vào mặt tụi nó
Disgust,"tí tuổi đã hói , chắc kiếp trước ăn ở không ra gì đây",tí tuổi đã hói chắc kiếp trước ăn ở không ra gì đây
Anger,thì con đỉ mẹ mày ghi nhanh vào .,thì con đỉ mẹ mày ghi nhanh vào
Enjoyment,"miễn sao có tiền ăn bánh trung thu , mua lồng đèn , đi du lịch =))))",miễn sao có tiền ăn bánh trung thu mua lồng đèn đi du lịch
Sadness,vẫn ế bền vững,vẫn ế bền vững
Disgust,per hẳn là hôm đi chợ bông chắc sẽ có nhìu đứa gét . 🤣🤣🤣,per hẳn là hôm đi chợ bông chắc sẽ có nhìu đứa gét 🤣
Enjoyment,thích thật,thích thật
Sadness,xong bỗng nhiên một ngày mất hút không để lại 1 hạt bụi,xong bỗng nhiên một ngày mất hút không để lại 1 hạt bụi
Enjoyment,tê tê phê phê sung sướng vãi 😌,tê tê phê phê sung sướng vãi 😌
Other,bạn này sau này sẽ khó bước qua cái bóng của vai diễn này 🙂,bạn này sau này sẽ khó bước qua cái bóng của vai diễn này 🙂
Other,"bác nói v thì tôi cũng xin thua , có tranh luận cũng không như không",bác nói vậy thì tôi cũng xin thua có tranh luận cũng không như không
Enjoyment,lại được làm thêm quả nhà nữa . ngon,lại được làm thêm quả nhà nữa ngon
Enjoyment,tuổi thơ tao dùng n để nướng thằn lằn 😂😂,tuổi thơ tao dùng n để nướng thằn lằn 😂😂
Disgust,lead mới vô nghề còn non thì tuổi lol gì chống lại lead lâu năm,lead mới vô nghề còn non thì tuổi lol gì chống lại lead lâu năm
Fear,sợ nhất con quỷ này trên đời,sợ nhất con quỷ này trên đời
Other,con cái nhà ai mà bố mẹ chăm cho đẫy đà ngon ngọt thế,con cái nhà ai mà bố mẹ chăm cho đẫy đà ngon ngọt thế
Other,per nè chị,per nè chị
Enjoyment,đang bo cuối mà lạ có vị trí đẹp thì đúng là tuyệt vời :))),đang bo cuối mà lạ có vị trí đẹp thì đúng là tuyệt vời
Other,cái này là cái gì thế .,cái này là cái gì thế
Anger,loz chúng nó là 1 đội . chứ dám chêu người lạ . dm bố mày sút không trượt phát lào,loz chúng nó là 1 đội chứ dám chêu người lạ địt mẹ bố mày sút không trượt phát lào
Sadness,"đã từng nhưng 10 năm về trước cơ , buồn ghê",đã từng nhưng 10 năm về trước cơ buồn ghê
Other,chỉ có trong truyền thuyết . mà khái niệm truyền thuyết trong ngữ văn lớp 6 là không có thật,chỉ có trong truyền thuyết mà khái niệm truyền thuyết trong ngữ văn lớp 6 là không có thật
Anger,nói mẹ ngoài đời,nói mẹ ngoài đời
Enjoyment,ở đâu cũng có người tốt nè anh kkkk,ở đâu cũng có người tốt nè anh không
Sadness,buồn cho 1 đất nước .,buồn cho 1 đất nước
Sadness,nghĩ mà buồn vãi =)),nghĩ mà buồn vãi
Enjoyment,hello đồng nghiệp ;)))) không biết nghiệp gì thôi haha,hello đồng nghiệp không bt nghiệp gì thôi haha
Enjoyment,"tuyệt với , ước mơ hồi nhỏ của tôi đã được cậu bé này thực hiện",tuyệt với ước mơ hồi nhỏ của tôi đã được cậu bé này thực hiện
Surprise,sao mà mặt boss có thể gian đến thế nhỉ,sao mà mặt boss có thể gian đến thế nhỉ
Anger,giận con mẹ mày nữa chứ giận :),giận con mẹ mày nữa chứ giận
Other,âu kề ... anh per đã béo từ khi lấy vợ và giống như tất cả các chàng troai khác :))),âu kề anh per đã béo từ khi lấy vợ và giống như tất cả các chàng troai khác
Other,chơi ngu lỡ người ta té chấn thương đập đầu rồi ai nuôi 😐😐😐 ở vn nó xúm lại đánh hội đồng ôm đầu mà khóc 😅😅😅,chơi ngu lỡ người ta té chấn thương đập đầu rồi ai nuôi 😐 ở vn nó xúm lại đánh hội đồng ôm đầu mà khóc 😅
Disgust,kinh dị,kinh dị
Disgust,"cũng được nhưng cuối video nhai nhỏ tiếng hơn thì tốt . :""(",cũng được nhưng cuối video nhai nhỏ tiếng hơn thì tốt
Enjoyment,"kết nó ở cái câu "" đất nước gia lai là một đất nước giàu tài nguyên , có anh per ""😑",kết nó ở cái câu đất nước gia lai là một đất nước giàu tài nguyên có anh per 😑
Enjoyment,per tao không gửi cho mọi người . tao chỉ đăng lên facebook cho thiên hạ biết thôi :))),per tao không gửi cho mọi người tao chỉ đăng lên facebook cho thiên hạ bt thôi
Other,thành công là cách trả thù xã hội ngọt ngào nhất . đừng vì họ nói mà yếu lòng,thành công là cách trả thù xã hội ngọt ngào nhất đừng vì họ nói mà yếu lòng
Disgust,bởi nói để trung nguyên cho bà thảo thì chắc chắn 100 % với cái bộ óc sáng tạo cùng với sự lãnh đạo tài giỏi và lòng tham hơn người và trí tuệ ngắn hạn sẽ dẫn dắt trung nguyên xuống con mẹ nó giếng luôn .,bởi nói để trung nguyên cho bà thảo thì chắc chắn 100 với cái bộ óc sáng tạo cùng với sự lãnh đạo tài giỏi và lòng tham hơn người và trí tuệ ngắn hạn sẽ dẫn dắt trung nguyên xuống con mẹ nó giếng luôn
Enjoyment,mày khá là may mắn khi không học tiếng huế đấy =)),mày khá là may mắn khi không học tiếng huế đấy
Other,per đi làm công tình yêu cẩn thận ăn uống nhé,per đi làm công tình yêu cẩn thận ăn uống nhé
Sadness,có những người đi qua đời bao nhiêu như 1 cơn gió vậy . vô tình nhìn lại . nó lại là quá khứ ...!,có những người đi qua đời bao nhiêu như 1 cơn gió vậy vô tình nhìn lại nó lại là quá khứ
Sadness,"ngày cuối cùng còn ở lại , bản thân không có bất cứ một cảm xúc gì , trong lòng chỉ độc một mảnh phẳng lặng .",ngày cuối cùng còn ở lại bản thân không có bất cứ một cảm xúc gì trong lòng chỉ độc một mảnh phẳng lặng
Sadness,🙄🙄🙄🙄 tao cũng thích kiểu kể chuyện trước khi đi ngủ . cho đến khi tao ngủ luôn . mà đéo có ai hết . buồn đời,🙄 tao cũng thích kiểu kể chuyện trước khi đi ngủ cho đến khi tao ngủ luôn mà đéo có ai hết buồn đời
Sadness,lúc tối mày cũng nằm mơ nèo nhà mày về . ước gì nó là sự thật 😢,lúc tối mày cũng nằm mơ nèo nhà mày về ước gì nó là sự thật 😢
Enjoyment,nó lại hợp lí vãi :v,nó lại hợp lí vãi v
Disgust,nuôi kiểu gì mà lắm ve thế kia ?,nuôi kiểu gì mà lắm ve thế kia
Fear,"per bởi , đéo dám tán ai hay tỏ tình",per bởi đéo dám tán ai hay tỏ tình
Other,coi rồi vẫn muốn coi lại 😚😘,coi rồi vẫn muốn coi lại 😚😘
Other,sao chưa thấy ai tới cứu nhỉ . lỡ xảy ra gì mất điện toàn tỉnh sao .,sao chưa thấy ai tới cứu nhỉ lỡ xảy ra gì mất điện toàn tỉnh sao
Other,bình phước vẫn là cây chủ lực .,bình phước vẫn là cây chủ lực
Fear,má hồi xưa về ngoại chơi đi đường bị nguyên đàn yêu nghiệt này dí chạy té đái giờ vẫn sợ bọn nó 😨😨😨,má hồi xưa về ngoại chơi đi đường bị nguyên đàn yêu nghiệt này dí chạy té đái giờ vẫn sợ bọn nó 😨
Sadness,nhớ gia đình nhỏ nhiều lắm … mà không được về thăm,nhớ gia đình nhỏ nhiều lắm … mà không được về thăm
Enjoyment,"có bài hát "" cuộc đời vẫn đẹp sao , tình yêu vẫn đẹp sao """,có bài hát cuộc đời vẫn đẹp sao tình yêu vẫn đẹp sao
Disgust,per ghét cái kiểu rõ ràng là chuyện của riêng 2 người vậy mà …,per ghét cái kiểu rõ ràng là chuyện của riêng 2 người vậy mà …
Sadness,nhưng kp cười với mày đâu :) ảo tưởng vãi,nhưng kp cười với mày đâu ảo tưởng vãi
Sadness,một câu chuyện bi đát :((,một câu chuyện bi đát
Disgust,sao ý thức kém thế bao nhiêu tâm sức của bao người mà bỏ phí như thế,sao ý thức kém thế bao nhiêu tâm sức của bao người mà bỏ phí như thế
Enjoyment,còn gì hơn lòng dạ đàn bà ... cũng may tao là một con đàn ông :)),còn gì hơn lòng dạ đàn bà cũng may tao là một con đàn ông
Disgust,ngu thì chịu,ngu thì chịu
Sadness,tao cũng ho trật mẹ khớp vai mà đéo phải 1 lần đầu nhé,tao cũng ho trật mẹ khớp vai mà đéo phải 1 lần đầu nhé
Enjoyment,chỉ cần sống thật với cảm xúc .. với chính con người bạn là hạnh phúc nhất,chỉ cần sống thật với cảm xúc với chính con người bạn là hạnh phúc nhất
Sadness,tao giận bạn trai tao và 5 ngày rồi nó đéo dỗ tao luôn hix,tao giận bạn trai tao và 5 ngày rồi nó đéo dỗ tao luôn hix
Enjoyment,mày lấy sỏi xếp thành tên dume khôn như tao này .,mày lấy sỏi xếp thành tên dume khôn như tao này
Sadness,chuyện tình huyền thoại của per với per :(,chuyện tình huyền thoại của per với per
Other,per nghe rồi ngủ đi em,per nghe rồi ngủ đi em
Enjoyment,may là tao dán kính cường lực,may là tao dán kính cường lực
Anger,"khiếu nại cái gì khi cả bọn nó bao che cho nhau làm lớn thì sợ ảnh hưởng tới bộ giáo dục cho lên chúng sẽ ?,",khiếu nại cái gì khi cả bọn nó bao che cho nhau làm lớn thì sợ ảnh hưởng tới bộ giáo dục cho lên chúng sẽ
Enjoyment,buồn cười vãi ý,buồn cười vãi ý
Other,per thế thì nhà nào bầy hàng họ ra vỉa hè thì mình được đuổi đúng không cụ =))),per thế thì nhà nào bầy hàng họ ra vỉa hè thì mình được đuổi đúng không cụ
Disgust,đm thế giới này toàn nói thật thì công nhận nhạt nhẽo vãi,địt mẹ thế giới này toàn nói thật thì công nhận nhạt nhẽo vãi
Enjoyment,ngày bé tao bị nó dí thế là tao cho nó 1 gậy 🙂 hôm đó tao được ăn thịt ngỗng,ngày bé tao bị nó dí thế là tao cho nó 1 gậy 🙂 hôm đó tao được ăn thịt ngỗng
Sadness,"mất đi một di sản , chứng tích của lịch sử 😓",mất đi một di sản chứng tích của lịch sử 😓
Disgust,ác quá trời ơi,ác quá trời ơi
Fear,thời xưa yêu nhau đến chết vẫn yêu ... thời nay yêu không biết chết lúc nào 🤣 cuộc sống nay đáng sợ lắm 🤪,thời xưa yêu nhau đến chết vẫn yêu thời nay yêu không bt chết lúc nào 🤣 cuộc sống nay đáng sợ lắm 🤪
Sadness,thất vọng và áp lực tích tụ hằng ngày với tao,thất vọng và áp lực tích tụ hằng ngày với tao
Other,cầu mưa ... mà sao không mưa nhỉ,cầu mưa mà sao không mưa nhỉ
Disgust,bẩn tính vãi nồi,bẩn tính vãi nồi
Other,a ấy nói đúng vầy vừa nta dọn cũng khổ nta chứ . phục vụ xog lại phải dọn nữa,a ấy nói đúng vầy vừa nta dọn cũng khổ nta chứ phục vụ xog lại phải dọn nữa
Enjoyment,per mày cũng cắt tóc giống thế đi cho đẹp =)))),per mày cũng cắt tóc giống thế đi cho đẹp
Enjoyment,ý tưởng hay,ý tưởng hay
Enjoyment,"lúc cụ bà cầm bông như cô gái 18 lần đầu mới yêuc vậy bà ngạc nhiên và hạnh phúc nhìn sâu lắng , video ngắn nhưng cho người xem si nghỉ mải",lúc cụ bà cầm bông như cô gái 18 lần đầu mới yêuc vậy bà ngạc nhiên và hạnh phúc nhìn sâu lắng video ngắn nhưng cho người xem si nghỉ mải
Enjoyment,per ồ ồ chân chính chạnh lòng rồi 😂,per ồ ồ chân chính chạnh lòng rồi 😂
Disgust,nói thật chẳng hiểu thế hệ bây giờ nghĩ gì . động tý vào là kêu này nọ . ở nhà ở trường có vấn đề kêu um lên chứ sau này ra ngoài xã hội mà ngu thì nó vả không trượt phát nào chứ ở đó mà kêu . tiên trách kỷ hậu trách nhân,nói thật chẳng hiểu thế hệ bây giờ nghĩ gì động tý vào là kêu này nọ ở nhà ở trường có vấn đề kêu um lên chứ sau này ra ngoài xã hội mà ngu thì nó vả không trượt phát nào chứ ở đó mà kêu tiên trách kỷ hậu trách nhân
Disgust,nhiều lúc lắm câu hỏi ngớ ngẩn thật,nhiều lúc lắm câu hỏi ngớ ngẩn thật
Disgust,phạt 5tr thì phạt làm gì ? khác nào tiếp tay truyền bá mê tín dị đoan 😌,phạt 5tr thì phạt làm gì khác nào tiếp tay truyền bá mê tín dị đoan 😌
Disgust,con nhà hư hỏng . bỏ cả nhà đi theo zai . bị nó rũ bỏ vì chửa mới mò về . giờ bắt ai gánh nuôi con . con với cái hư quá thể .,con nhà hư hỏng bỏ cả nhà đi theo zai bị nó rũ bỏ vì chửa mới mò về giờ bắt ai gánh nuôi con con với cái hư quá thể
Surprise,ảnh này tao thấy mày đăng mấy lần rồi đó admin,ảnh này tao thấy mày đăng mấy lần rồi đó admin
Enjoyment,"làm ở đâu không quan trọng , quan trọng là chị em mình mỗi ngày gặp nhau 9 tiếng cùng làm cùng ăn cùng ngủ chị ngoc thu hen",làm ở đâu không quan trọng quan trọng là chị em mình mỗi ngày gặp nhau 9 tiếng cùng làm cùng ăn cùng ngủ chị ngoc thu hen
Sadness,ước gì có ai để tao tag vào .,ước gì có ai để tao tag vào
Enjoyment,"per hồi nhỏ bị ngỗng dí riết ám ảnh , giờ mà bị dí chắc cầm cổ quay thấy moẹ nó luôn hehe",per hồi nhỏ bị ngỗng dí riết ám ảnh giờ mà bị dí chắc cầm cổ quay thấy moẹ nó luôn hehe
Other,"vậy đấy , thế nên con gái mới toàn bị lừa =)))",vậy đấy thế nên con gái mới toàn bị lừa
Other,tao hiểu mà,tao hiểu mà
Enjoyment,nhiều khi nghĩ mình không phải con gái mà là 1 thằng đàn ông chính hiệu kkkk ....,nhiều khi nghĩ mình không phải con gái mà là 1 thằng đàn ông chính hiệu không
Other,chú lên thay được rồi đấy,chú lên thay được rồi đấy
Surprise,"như mình mà trèo lên là bị phóng điện luôn bạn nhỉ , mình cũng không hiểu được sao bọn nó không bị",như mình mà trèo lên là bị phóng điện luôn bạn nhỉ mình cũng không hiểu được sao bọn nó không bị
Other,chỉ là muốn thôi . chứ chờ đợi không biết thời điểm nào thì cái sự mong muốn đó mới tới,chỉ là muốn thôi chứ chờ đợi không bt thời điểm nào thì cái sự mong muốn đó mới tới
Disgust,biết giả vẫn phải tạo,bt giả vẫn phải tạo
Other,chúng tôi xin lỗi và rút kinh nghiệm,chúng tôi xin lỗi và rút kinh nghiệm
Enjoyment,chỉ là muốn cạnh mà chỉ có 2 người . nói đủ chuyện trên đời dưới biển rồi đi vào giấc ngủ ngon . vậy thoii,chỉ là muốn cạnh mà chỉ có 2 người nói đủ chuyện trên đời dưới biển rồi đi vào giấc ngủ ngon vậy thoii
Surprise,bộ phim anime đầu tiên mình xem thấy bác hói được buff sức mạnh kinh vkl =))),bộ phim anime đầu tiên mình xem thấy bác hói được buff sức mạnh kinh vãi cả lồn
Sadness,ấy thế mà đã 6 năm rồi . bây giờ còn không nhớ được những đứa nào đã học cùng mình nữa rồi 😪,ấy thế mà đã 6 năm rồi bây giờ còn không nhớ được những đứa nào đã học cùng mình nữa rồi 😪
Disgust,chả bù cho tao thời hoc mẫu giáo thằng nào lộn xộn không vào mắt là tao cho ăn đấm luôn,chả bù cho tao thời hoc mẫu giáo thằng nào lộn xộn không vào mắt là tao cho ăn đấm luôn
Enjoyment,tao là thằng chưa bao giờ giận người yêu vì người yêu tao không bao giờ làm gì có lỗi hết,tao là thằng chưa bao giờ giận người yêu vì người yêu tao không bao giờ làm gì có lỗi hết
Other,thôi có gì đâu mà cãi,thôi có gì đâu mà cãi
Anger,phí cái lol mày á,phí cái lol mày á
Disgust,như ốc bươu vàng thì là thảm họa rồi,như ốc bươu vàng thì là thảm họa rồi
Enjoyment,cha mẹ là món quà vô giá mà ơn trên ban cho chúng ta . không gì có thể so sánh thay thế được . và cũng chỉ có một mà thôi ...,cha mẹ là món quà vô giá mà ơn trên ban cho chúng ta không gì có thể so sánh thay thế được và cũng chỉ có một mà thôi
Disgust,loài người thật đáng sợ,loài người thật đáng sợ
Sadness,hicc thương em,hicc thương em
Disgust,khá tàn nhẫn,khá tàn nhẫn
Other,êu khiếp chứ thế này chết cả gái lẫn zai thôi,êu khiếp chứ thế này chết cả gái lẫn zai thôi
Sadness,làm đéo gì có ai nói chuyện thân thiết với tao đâu mà,làm đéo gì có ai nói chuyện thân thiết với tao đâu mà
Fear,nhện này trong nhà tao chắc tao bỏ nhà đi mất 😱🤯,nhện này trong nhà tao chắc tao bỏ nhà đi mất 😱🤯
Disgust,"chuyện ăn ốc đổ võ cũng đưa vô văn học =.=""",chuyện ăn ốc đổ võ cũng đưa vô văn học
Disgust,nó cắn bạo hơn chứ ở đó xạo xạo,nó cắn bạo hơn chứ ở đó xạo xạo
Sadness,chắc hẳn trước kia em bị đối xử tồi tệ lắm nên mới vậy :(,chắc hẳn trước kia em bị đối xử tồi tệ lắm nên mới vậy
Enjoyment,tiếng guitar thật tuyệt,tiếng guitar thật tuyệt
Disgust,có mấy con đi quán biết là bọn mày bỏ tiền ra thật đó nhưng làm người thì có văn hóa với ạ ... đcm xả rác đổ tùm lum rồi xé giấy ... nói chung là bọn nó đi cái chỗ đó như kiểu ở ngành luôn ấy ... tưởng bỏ tiền ra là làm cha làm mẹ người ta z đó .... mặt đẹp mà tính ở dơ,có mấy con đi quán bt là bọn mày bỏ tiền ra thật đó nhưng làm người thì có văn hóa với ạ địt cụ mày xả rác đổ tùm lum rồi xé giấy nói chung là bọn nó đi cái chỗ đó như kiểu ở ngành luôn ấy tưởng bỏ tiền ra là làm cha làm mẹ người ta vậy đó mặt đẹp mà tính ở dơ
Anger,đm thằng nào đổi gậy như ý của tao rồi,địt mẹ thằng nào đổi gậy như ý của tao rồi
Sadness,trách ai bây giờ đây huhu,trách ai bây giờ đây huhu
Enjoyment,chuẩn không cần chỉnh,chuẩn không cần chỉnh
Enjoyment,cực phẩm luôn kìa,cực phẩm luôn kìa
Fear,per trailer không có tiếng thôi mà đã thấy ghê rồi đó !,per trailer không có tiếng thôi mà đã thấy ghê rồi đó
Fear,nguy hiểm đến với bao nhiêu bất cứ lúc nào,nguy hiểm đến với bao nhiêu bất cứ lúc nào
Enjoyment,cái ngành tài chính của mình có chỗ dụng võ tốt rồi đây :)))),cái ngành tài chính của mình có chỗ dụng võ tốt rồi đây
Sadness,"mình đang thất tình đéo hiểu sao đi cafe còn toàn tận cùng nỗi nhớ , chạm đáy nỗi đau , đừng như thói quen ... dume :)",mình đang thất tình đéo hiểu sao đi cafe còn toàn tận cùng nỗi nhớ chạm đáy nỗi đau đừng như thói quen dume
Sadness,chợt nhận ra mình yếu đuối như một đứa con gái vậy 😢,chợt nhận ra mình yếu đuối như một đứa con gái vậy 😢
Surprise,sao nó mới vậy,sao nó mới vậy
Disgust,"youtuber nhà người ta đấy , làm cho mọi người cười sảng khoái . còn vn thì toàn món ăn không lồ , rồi mấy cái khác người",youtuber nhà người ta đấy làm cho mọi người cười sảng khoái còn vn thì toàn món ăn không lồ rồi mấy cái khác người
Other,điểm thì có hết rồi cần gì quan tâm đề thi nữa,điểm thì có hết rồi cần gì quan tâm đề thi nữa
Anger,"hết thuốc à mấy thằng quằn què , gặp tao thiến cmnl",hết thuốc à mấy thằng quằn què gặp tao thiến cmnl
Disgust,"chăn lắm lông , bắp tay thì to ôi tuổi thơ của taoooo :33333",chăn lắm lông bắp tay thì to ôi tuổi thơ của tao 3
Other,không nên tin bất cứ 1 người nào cả,không nên tin bất cứ 1 người nào cả
Other,ngửi mùi hoa sữa xong chia tay :),ngửi mùi hoa sữa xong chia tay
Sadness,ngồi nhiều quá nhìn họ đau mắt,ngồi nhiều quá nhìn họ đau mắt
Anger,đéo nổi . ngày lol nào đi làm về đã mệt rồi . gặp bà nội ở nhà giận với chả hờn còn hơn khách hàng nữa . đụ mẹ mệt mỏi vcllll,đéo nổi ngày lol nào đi làm về đã mệt rồi gặp bà nội ở nhà giận với chả hờn còn hơn khách hàng nữa đụ mẹ mệt mỏi vãi cả lồn
Enjoyment,thấy cờ rút trên tờ polime là tim rụng rời liền,thấy cờ rút trên tờ polime là tim rụng rời liền
Enjoyment,hôm qua tao cũng xem chục lần :))) bài đếch gì hay vãi :)))))),hôm qua tao cũng xem chục lần bài đếch gì hay vãi
Anger,những trường như thế cho giải tán . cấm tuyển dụng luôn .,những trường như thế cho giải tán cấm tuyển dụng luôn
Other,per xem cái này đi tao coi phần 1 rồi này phần 2 tiếp nè,per xem cái này đi tao coi phần 1 rồi này phần 2 tiếp nè
Disgust,đội cái mũ vào chết đéo ai . không có mũ xong đập đầu xuống đất chết không chết cho lại sống cuộc đời nửa ngáo,đội cái mũ vào chết đéo ai không có mũ xong đập đầu xuống đất chết không chết cho lại sống cuộc đời nửa ngáo
Disgust,"thớt này chụp kém vãi , 1 khung cảnh mà chụp tận 3 bức , 3 in 1",thớt này chụp kém vãi 1 khung cảnh mà chụp tận 3 bức 3 in 1
Sadness,điều hối tiếc nhất cấp 3 là chưa kí lên áo của nhau 😢,điều hối tiếc nhất cấp 3 là chưa kí lên áo của nhau 😢
Sadness,buồn thật ấy,buồn thật ấy
Disgust,lũ người nhu nhược :),lũ người nhu nhược
Enjoyment,thông minh 😂,thông minh 😂
Anger,"kệ mẹ tao , tao thích nuôi chó thôi okeeee nó đéo bao giờ kêu tao bướng",kệ mẹ tao tao thích nuôi chó thôi ok nó đéo bao giờ kêu tao bướng
Surprise,bên trung về mảng tuyên truyền đỉnh ghê luôn á,bên trung về mảng tuyên truyền đỉnh ghê luôn á
Sadness,e thắc mắc là cố gắng 1 năm mà rủi ro khách hàng hay bên nhà sx dây không cảm động là ăn cám ạ 😌,e thắc mắc là cố gắng 1 năm mà rủi ro khách hàng hay bên nhà sx dây không cảm động là ăn cám ạ 😌
Surprise,có gì đó sai sai ??,có gì đó sai sai
Other,em nghĩ chị em mình cần tìm hiểu quen biết nhau ạ ^^,em nghĩ chị em mình cần tìm hiểu quen bt nhau ạ
Anger,dume đọc bình luận bực giùm chủ thớt :))),dume đọc bình luận bực giùm chủ thớt
Sadness,gắp đúng lúc nhưng hình như đúng lúc người ta không muốn y ai ???? đó là 1 câu chuyện buồn,gắp đúng lúc nhưng hình như đúng lúc người ta không muốn y ai đó là 1 câu chuyện buồn
Fear,t thề với mày là tối thấy cái này chắc đái con mẹ nó ra quần,tao thề với mày là tối thấy cái này chắc đái con mẹ nó ra quần
Other,đợi em đủ tuổi anh chờ được không ?,đợi em đủ tuổi anh chờ được không
Disgust,đừng cứ đổ thừa cho ngành đường sất khi có quá nhiều anh não bé .,đừng cứ đổ thừa cho ngành đường sất khi có quá nhiều anh não bé
Enjoyment,chúng ta nên làm như vậy từ lâu mới phải,chúng ta nên làm như vậy từ lâu mới phải
Anger,đéo hiểu sao có đứa nghĩ là cứ chơi với nhiều trai là bị sờ soạn kiến thức hạn hẹp vãi cậu ạ,đéo hiểu sao có đứa nghĩ là cứ chơi với nhiều trai là bị sờ soạn kiến thức hạn hẹp vãi cậu ạ
Enjoyment,per muốn coi cái khúc vẩy xong rồi dừng lại làm sao ấy . kkkkk,per muốn coi cái khúc vẩy xong rồi dừng lại làm sao ấy không
Sadness,mua con lợn 50k được lì xì 40k . ok em ổn,mua con lợn 50k được lì xì 40k ok em ổn
Disgust,"mấy bạn nào có ý định tổ chức sn nv thì tém tém lại síu đi , nếu thích tổ chức sn kiểu nv ở đâu cũng vậy khi ra về làm ơn bo cho nv dọn phòng đó 200 300k gì đó cho có tình người síu nha 😂",mấy bạn nào có ý định tổ chức sinh nhật nv thì tém tém lại síu đi nếu thích tổ chức sinh nhật kiểu nv ở đâu cũng vậy khi ra về làm ơn bo cho nv dọn phòng đó 200 300k gì đó cho có tình người síu nha 😂
Fear,per coi phim này chắc chết luôn trong rạp,per coi phim này chắc chết luôn trong rạp
Disgust,"nó quan tâm mày thì mày đừng vội mừng là nó thích mày , nó chơi chán rồi nó bỏ thôi .",nó quan tâm mày thì mày đừng vội mừng là nó thích mày nó chơi chán rồi nó bỏ thôi
Enjoyment,dân chơi nhìn cái biết ngay 🤣🤣,dân chơi nhìn cái bt ngay 🤣🤣
Disgust,phá làng phá xóm,phá làng phá xóm
Sadness,t nhận ra mình đã sai,tao nhận ra mình đã sai
Sadness,30s mặc niệm bắt đầu ...,30s mặc niệm bắt đầu
Surprise,mặc váy kìa . thời trang ? hiện đại quá,mặc váy kìa thời trang hiện đại quá
Sadness,con thương ông quá,con thương ông quá
Sadness,nhìn mặt con chó tội vãi,nhìn mặt con chó tội vãi
Disgust,tu mà không dám cao đầu mà sau gọi là tu còn dám súc phạm vong linh người khác bà này là súc vật,tu mà không dám cao đầu mà sau gọi là tu còn dám súc phạm vong linh người khác bà này là súc vật
Enjoyment,biết ngay anh per lại mượn đầm của vợ :)))),bt ngay anh per lại mượn đầm của vợ
Surprise,đắt hơn sân bay luôn,đắt hơn sân bay luôn
Disgust,cmm lộ hết thông tin của người ta,cmm lộ hết thông tin của người ta
Fear,đã nguy hiểm vậy sao không hủy mà bán 0 . 0,đã nguy hiểm vậy sao không hủy mà bán 0 0
Surprise,bán không thu thuế luôn à,bán không thu thuế luôn à
Sadness,t chỉ thấy tình yêu của tao nó tan vỡ thôi,tao chỉ thấy tình yêu của tao nó tan vỡ thôi
Enjoyment,per :)))) buồn cười vãi,per buồn cười vãi
Anger,thế 1 đứa con trai bỏ thời gian ra nói chuyện thân thiết với 1 đứa con gái không phải là nó thích con đó thì có con cặc nó làm vậy,thế 1 đứa con trai bỏ thời gian ra nói chuyện thân thiết với 1 đứa con gái không phải là nó thích con đó thì có con cặc nó làm vậy
Sadness,chưa khi mô biết cảm giác đi nhởi trung thu với người yêu như răng,chưa khi mô bt cảm giác đi nhởi trung thu với người yêu như răng
Enjoyment,móng này móc cua thì đỉnh 😹,móng này móc cua thì đỉnh 😹
Enjoyment,có mưa cảm giác như được sống lại :))),có mưa cảm giác như được sống lại
Disgust,mà nó đéo ' quan tâm thì càng đừng nghĩ nó thích mình nha :vậy,mà nó đéo quan tâm thì càng đừng nghĩ nó thích mình nha vậy
Other,vợ dùng phá quá nên boss mới thế 🤧🤧🤧,vợ dùng phá quá nên boss mới thế 🤧
Enjoyment,haha biết ngây mà,haha bt ngây mà
Sadness,bể mẹ cái kính cường lực mới dán :#,bể mẹ cái kính cường lực mới dán
Other,dù đúng hay sai cũng đừng bao giờ cãi nhau với con gáo đến cuối cùng mày vẫn sai .,dù đúng hay sai cũng đừng bao giờ cãi nhau với con gáo đến cuối cùng mày vẫn sai
Enjoyment,"cần gì xa hoa đâu , thế này là hạnh phúc , thấy thương và ngưỡng mộ ông bà quá",cần gì xa hoa đâu thế này là hạnh phúc thấy thương và ngưỡng mộ ông bà quá
Surprise,sao nhanh như chớp vậy được,sao nhanh như chớp vậy được
Anger,nhỏ không dạy để lớn lên làm đĩ à ? phụ huynh kiểu gì thế ?,nhỏ không dạy để lớn lên làm đĩ à phụ huynh kiểu gì thế
Other,thằng kia làm nhẹ nhẹ thôi nhé .,thằng kia làm nhẹ nhẹ thôi nhé
Disgust,no ́ xâ ́ u tao thi ̀...,no ́ xâ ́ u tao thi ̀
Other,thế là đã phần nào đoán được kết quả cuộc gặp tại hà nội,thế là đã phần nào đoán được kết quả cuộc gặp tại hà nội
Sadness,bạn đã hiểu nổi khổ của mario khi mua vui cho bạn chưa :)),bạn đã hiểu nổi khổ của mario khi mua vui cho bạn chưa
Disgust,cái đất nước này loạn luân mẹ hết rồi :))),cái đất nước này loạn luân mẹ hết rồi
Enjoyment,"ôi zồi ôi , nhìn cái mặt của ẻm kìa , yêu ghê :))",ôi zồi ôi nhìn cái mặt của ẻm kìa yêu ghê
Other,phố mày co ́ đô ̀ người nghiê ̣ p tô ́ tao ghê :))),phố mày co ́ đô ̀ người nghiê ̣ p tô ́ tao ghê
Other,per haha bữa 3 đứa mới phong trào xong,per haha bữa 3 đứa mới phong trào xong
Other,mốc từ trong trứng,mốc từ trong trứng
Anger,"truy tố ra tòa chứ phạt hành chính gì ??? lừa đảo có tổ chức số tiền trăm tỷ , thêm tội truyền bá mê tín dị đoan ... 👎👎👎",truy tố ra tòa chứ phạt hành chính gì lừa đảo có tổ chức số tiền trăm tỷ thêm tội truyền bá mê tín dị đoan 👎
Sadness,xem tới đây dume ứa nước mắt 😞,xem tới đây dume ứa nước mắt 😞
Anger,toàn “ nam thanh nữ tú ” mở mồm ra nói hay như sách giáo khoa . hành động thì như con c ..,toàn “ nam thanh nữ tú ” mở mồm ra nói hay như sách giáo khoa hành động thì như con c
Enjoyment,thân là người yêu mình mong cậu có thể giống được như đôi mặc áo nâu ❤️,thân là người yêu mình mong cậu có thể giống được như đôi mặc áo nâu ❤️
Sadness,😑 sao cái kết gì mà buồn vậy,😑 sao cái kết gì mà buồn vậy
Other,cô ơi nhiệt tình là tốt nhưng bản thân phải an toàn trước 😗,cô ơi nhiệt tình là tốt nhưng bản thân phải an toàn trước 😗
Sadness,"nói mưa là mưa v chời , tôi còn đi chơi đi học nữa mừ .",nói mưa là mưa vậy chời tôi còn đi chơi đi học nữa mừ
Other,"1 vị đắng của mưu sinh , 1 vị ngọt của hạnh phúc gia đình",1 vị đắng của mưu sinh 1 vị ngọt của hạnh phúc gia đình
Enjoyment,per xinh nhỉ :)) ngày xưa cũng xem phim này mà không để ý có cả bả,per xinh nhỉ ngày xưa cũng xem phim này mà không để ý có cả bả
Disgust,"bởi đây là lý do tao không muốn xem điện thoại người yêu , nếu không nó xanh cỏ lâu rồi 😑",bởi đây là lý do tao không muốn xem điện thoại người yêu nếu không nó xanh cỏ lâu rồi 😑
Enjoyment,còn gì hạnh phúc hơn trong cuộc sống này ♥️,còn gì hạnh phúc hơn trong cuộc sống này ♥️
Anger,ai cũng từng bị bố mẹ chửi mắng . em ấy cũng vậy . là người lớn chúng ta lắng nghe và chia sẻ . nhiều người già rồi mà phát ngôn xấc xược láo toét mất dạy không thể chấp nhận được . chả bằng được cái đứa con nít còn tỏ vẻ ta đây,ai cũng từng bị bố mẹ chửi mắng em ấy cũng vậy là người lớn chúng ta lắng nghe và chia sẻ nhiều người già rồi mà phát ngôn xấc xược láo toét mất dạy không thể chấp nhận được chả bằng được cái đứa con nít còn tỏ vẻ ta đây
Disgust,thớt làm chị mà ích kỉ vãi ...,thớt làm chị mà ích kỉ vãi
Disgust,mấy thanh niên ngu học theo ngôn tình thấy chai bé không viết hết được lại mua chai 1 . 8 lít thì hơi mệt đấy 😂😂😊,mấy thanh niên ngu học theo ngôn tình thấy chai bé không viết hết được lại mua chai 1 8 lít thì hơi mệt đấy 😂😂😊
Enjoyment,tuổi thơ của tôi =)),tuổi thơ của tôi
Other,việt nam cái gì cũng có thể ăn được,việt nam cái gì cũng có thể ăn được
Disgust,per đang ăn mà sao cứ chỉa trym vô hoài z khắm s ăn 🙂,per đang ăn mà sao cứ chỉa trym vô hoài vậy khắm s ăn 🙂
Sadness,khóc muốn rơi cả mắt,khóc muốn rơi cả mắt
Enjoyment,kích thích vãi,kích thích vãi
Fear,ám ảnh thật sự,ám ảnh thật sự
Sadness,per huhu em không biết phải đi xem phim với ai nữa 😭,per huhu em không bt phải đi xem phim với ai nữa 😭
Sadness,per gần nhà c ơi . hic hic,per gần nhà c ơi hic hic
Other,"tại cái gậy thôi , còn đâu là vẫn đẹp",tại cái gậy thôi còn đâu là vẫn đẹp
Anger,"cái thằng adim này mày xàm quá oy đấy , biến khỏi trang tao nhé",cái thằng adim này mày xàm quá oy đấy biến khỏi trang tao nhé
Anger,đã sợ nhện rồi mà gặp thằng admin chơi trò mất nết :((,đã sợ nhện rồi mà gặp thằng admin chơi trò mất nết
Sadness,nhờ cái bếp như này . mà hồi nhỏ tao suýt đốt cả nhà và bị chửi đó :((,nhờ cái bếp như này mà hồi nhỏ tao suýt đốt cả nhà và bị chửi đó
Disgust,"hốt về cháu có bón được cơm , mớm được sữa cho nó mỗi ngày không ?? nó chơi game cháu có rửa chân bón cơm để nó chơi nốt ván không ???? mai cô ship tận giường nuôn",hốt về cháu có bón được cơm mớm được sữa cho nó mỗi ngày không nó chơi game cháu có rửa chân bón cơm để nó chơi nốt ván không mai cô ship tận giường nuôn
Sadness,đọc tin nhắn đầu thấy cay cay ngay mũi,đọc tin nhắn đầu thấy cay cay ngay mũi
Enjoyment,per người yêu công sở nè 😂😂,per người yêu công sở nè 😂😂
Enjoyment,vậy là hên rồi,vậy là hên rồi
Other,per chiều anh bắn chưởng để em quay nhé,per chiều anh bắn chưởng để em quay nhé
Enjoyment,per nghe chưa nhân viên mới ... kk,per nghe chưa nhân viên mới kk
Other,ngáo nó có cắn đâu ??????,ngáo nó có cắn đâu
Disgust,dị ứng với kiểu nhắn tin riêng tư mà cả thế giới đều biết,dị ứng với kiểu nhắn tin riêng tư mà cả thế giới đều bt
Enjoyment,cười ỉa 😂😂 thây nó thét mà tao nghĩ dọn xong nó đi luôn cái cổ họng,cười ỉa 😂😂 thây nó thét mà tao nghĩ dọn xong nó đi luôn cái cổ họng
Disgust,"em rất duyên , và có khiếu hài hước , nhìn mặt em thôi là chị đã muốn cười , ba mẹ chửi mà vẫn vui tươi như vậy thì đáng khích lệ mà , sao nhiều người bình luận nặng lời thế không biết , chỉ là vui thôi mà",em rất duyên và có khiếu hài hước nhìn mặt em thôi là chị đã muốn cười ba mẹ chửi mà vẫn vui tươi như vậy thì đáng khích lệ mà sao nhiều người bình luận nặng lời thế không bt chỉ là vui thôi mà
Disgust,"má nó , mặc dù không có ý kì thị nhưng dume cảnh 2 thằng hôn nhau buông nôn vãi",má nó mặc dù không có ý kì thị nhưng dume cảnh 2 thằng hôn nhau buông nôn vãi
Enjoyment,per lên lịch hẹn hò nhanh,per lên lịch hẹn hò nhanh
Disgust,không biết chuyện gia đình người ta nhưng nhình mặt bà cũng thảo là thấy không có cảm tình ngay từ đầu .... mà nhờ bài viết này mới biết king coffee là của bả ... phải công nhận là nó uống dở thiệt .....,không bt chuyện gia đình người ta nhưng nhình mặt bà cũng thảo là thấy không có cảm tình ngay từ đầu mà nhờ bài viết này mới bt king coffee là của bả phải công nhận là nó uống dở thiệt
Disgust,nóng thế này cái thứ mày cho cũng không ăn,nóng thế này cái thứ mày cho cũng không ăn
Sadness,tiếc quá ! nguyên nhân,tiếc quá nguyên nhân
Enjoyment,ấm lòng vãi huhu,ấm lòng vãi huhu
Anger,thế không tính vậy thì muốn cái bệnh viện thành mẹ cái bãi giữ xe à :)),thế không tính vậy thì muốn cái bệnh viện thành mẹ cái bãi giữ xe à
Enjoyment,ngầu vãi lìn luôn á :))),ngầu vãi lìn luôn á
Enjoyment,giờ tao mới hiểu được hết những gì mà trước đây đọc bình luận tao đéo ’ hiểu 😂😂😂,giờ tao mới hiểu được hết những gì mà trước đây đọc bình luận tao đéo ’ hiểu 😂
Enjoyment,"lớp 2 xí mót được cái chong chóng , bán lại cho thằng hàng xóm 500d .",lớp 2 xí mót được cái chong chóng bán lại cho thằng hàng xóm 500d
Sadness,tôi khóc lun ... huhu,tôi khóc lun huhu
Enjoyment,má như người yêu ??,má như người yêu
Other,t chưa được rơi vào hoàn cảnh này nên cũng không biết nữa,tao chưa được rơi vào hoàn cảnh này nên cũng không bt nữa
Enjoyment,thề chứ .. phim nay xem đi xem lại không thấy chán ... vẫn như mớinxem vậy,thề chứ phim nay xem đi xem lại không thấy chán vẫn như mớinxem vậy
Sadness,không biết vì sao họ vẫn cười nhưng mình thì khóc ...,không bt vì sao họ vẫn cười nhưng mình thì khóc
Other,cho đi luôn bớt lo,cho đi luôn bớt lo
Surprise,đoạn phim thôi mà ý nghĩa thế,đoạn phim thôi mà ý nghĩa thế
Disgust,"lông xấu , không mượt bằng con ngu kia được",lông xấu không mượt bằng con ngu kia được
Other,"cái này gọi là truyền thống , không thể nói là quên được",cái này gọi là truyền thống không thể nói là quên được
Other,"đấy ... y đâu cần phải to tác , phải gào lên cho cả thế giới biết .",đấy y đâu cần phải to tác phải gào lên cho cả thế giới bt
Enjoyment,per haha sao tôi nghĩ tới em liền luôn á,per haha sao tôi nghĩ tới em liền luôn á
Other,chưa chia tay nữa mà còn khó đây,chưa chia tay nữa mà còn khó đây
Disgust,thế đéo nào nó lại kẻ dưới đấy nhỉ,thế đéo nào nó lại kẻ dưới đấy nhỉ
Disgust,oai đéo gì cái trêu gái :),oai đéo gì cái trêu gái
Other,mình nghĩ bà thảo chiếm được công tình yêu là sẽ bán ngay cổ phần cho đại gia bên thái lan nào đó .. mong là chuyện này không bao giờ xảy ra,mình nghĩ bà thảo chiếm được công tình yêu là sẽ bán ngay cổ phần cho đại gia bên thái lan nào đó mong là chuyện này không bao giờ xảy ra
Other,lâu lâu lại mong mất điện để nấu cơm rác . nk mát 1 tí . chứ cứ 42 độ có mà khỏi ăn,lâu lâu lại mong mất điện để nấu cơm rác nk mát 1 tí chứ cứ 42 độ có mà khỏi ăn
Sadness,tội nghiệp thằng bé :)))) chúng mày bốc đâu mấy cái thẻ hay thế ??? :v,tội nghiệp thằng bé chúng mày bốc đâu mấy cái thẻ hay thế v
Other,áp dụng với đứa yêu mày thôi nha,áp dụng với đứa yêu mày thôi nha
Enjoyment,chời má . ngọt chết tao rồi :)))))),chời má ngọt chết tao rồi
Fear,"per đó là lý do tại sao em luôn nói với anh , có gì cũng phải nói ra",per đó là lý do tại sao em luôn nói với anh có gì cũng phải nói ra
Anger,"phải em thì dume nó chửi thé thì đéo cần nói nhiều nữa . gọi c . an xuống kéo mẹ nó xe đi , kiểu gì cũng mệt thôi bác .",phải em thì dume nó chửi thé thì đéo cần nói nhiều nữa gọi c an xuống kéo mẹ nó xe đi kiểu gì cũng mệt thôi bác
Sadness,xài vietcombank sinh nhật cũng không được chúc luôn :((,xài vietcombank sinh nhật cũng không được chúc luôn
Enjoyment,hôm đấy bổn cung về quê báo hiếu cha mẹ .,hôm đấy bổn cung về quê báo hiếu cha mẹ
Enjoyment,chỉ có được cái chữ đẹp . hihihi ...,chỉ có được cái chữ đẹp hihihi
Enjoyment,trời má cute vãi lozzzz,trời má cute vãi loz
Sadness,là do bản thân tao ngu thôi,là do bản thân tao ngu thôi
Anger,cho chúng vào nhà đá ! quá độc ác không giết người bằng súng như thế này là giết hàng loat đấy thât khốn nạn,cho chúng vào nhà đá quá độc ác không giết người bằng súng như thế này là giết hàng loat đấy thât khốn nạn
Enjoyment,không biết nói sao ... nghiện chuẩn mẹ rồi ... crush ợ . mà nó nhẫn tâm lắm hồi trước còn hay call video . từ hôm tao cạo trọc y như là mất tích luôn . chắc phải để tóc mọc lại tao mới dám gọi . 🤭,không bt nói sao nghiện chuẩn mẹ rồi người mình thích ợ mà nó nhẫn tâm lắm hồi trước còn hay call video từ hôm tao cạo trọc y như là mất tích luôn chắc phải để tóc mọc lại tao mới dám gọi 🤭
Other,nhân quả đến sớm lắm . đăng lên làm gì :))),nhân quả đến sớm lắm đăng lên làm gì
Sadness,nhìn cái bà này tôi chỉ muốn xoạc bà 1 cái . sao bà không là con trai nhỉ . ông trời quá là trêu người rồi,nhìn cái bà này tôi chỉ muốn xoạc bà 1 cái sao bà không là con trai nhỉ ông trời quá là trêu người rồi
Enjoyment,cho dù em có dành được bao nhiêu học bổng đi chăng nữa nhưng mãi mãi em sẽ không thể có được tôi 😅,cho dù em có dành được bao nhiêu học bổng đi chăng nữa nhưng mãi mãi em sẽ không thể có được tôi 😅
Enjoyment,đã xem 2 lần bộ phim này 😁,đã xem 2 lần bộ phim này 😁
Sadness,"ôi vãi , mày thật bất hạnh vì có lũ bạn như thế",ôi vãi mày thật bất hạnh vì có lũ bạn như thế
Disgust,"đây là tây chứ mấy thằng việt nam như này , đảm bảo kêu ngáo đá :vậy",đây là tây chứ mấy thằng việt nam như này đảm bảo kêu ngáo đá vậy
Enjoyment,xin lỗi đây mình vẫn nấu nhé,xin lỗi đây mình vẫn nấu nhé
Disgust,bỏ quên não đó chứ đâu phải rác 😂,bỏ quên não đó chứ đâu phải rác 😂
Enjoyment,"phim này quá hay . xem đi xem lại mãi không chán . đặt tay lên ngực "" mọi chuyện đều ổn "" câu nói kinh điển",phim này quá hay xem đi xem lại mãi không chán đặt tay lên ngực mọi chuyện đều ổn câu nói kinh điển
Fear,"thôi xong , biết thế tém tém lại .",thôi xong bt thế tém tém lại
Anger,"gym thì liên quan cặc gì đến bede , tuy gym nhưng người ta còn siêng tập nặng hơn mấy tụi bây nhé",gym thì liên quan cặc gì đến bede tuy gym nhưng người ta còn siêng tập nặng hơn mấy tụi bây nhé
Enjoyment,mình bình luận chủ yếu muốn khoe mình là fan cứng thôi :)) các bạn không cần để ý,mình bình luận chủ yếu muốn khoe mình là fan cứng thôi các bạn không cần để ý
Anger,bất cái con cặc . 21 cái trung thu tao vẫn 1 mình . tao có thấy bất hạnh đâu . khẩu nghiệp,bất cái con cặc 21 cái trung thu tao vẫn 1 mình tao có thấy bất hạnh đâu khẩu nghiệp
Sadness,số tao không được ăn uống mà :((,số tao không được ăn uống mà
Other,rửa bát cũng được nấu cơm cũng được giặt quần áo cũng được miễn là có ba mẹ vợ con là được . làm gì cũng được,rửa bát cũng được nấu cơm cũng được giặt quần áo cũng được miễn là có ba mẹ vợ con là được làm gì cũng được
Disgust,dume cho vào bảo tàng làm lồn gì -.- nhà khoa hc đã nghiên cứu sừng tê giác như móng tay của bạn thế sao không đem về mà chữa bênh đụ má rảnh ghê :((,dume cho vào bảo tàng làm lồn gì nhà khoa hc đã nghiên cứu sừng tê giác như móng tay của bạn thế sao không đem về mà chữa bênh đụ má rảnh ghê
Enjoyment,cô quét đi cô cho cháu hốt về với =))),cô quét đi cô cho cháu hốt về với
Disgust,"tránh xa nó ra , nó ngáo đó , 8h sáng mà nó đòi đi ngủ là hiểu rồi",tránh xa nó ra nó ngáo đó 8h sáng mà nó đòi đi ngủ là hiểu rồi
Other,hỏi nhiều nó lại cho vào đối tượng truy nã 😏,hỏi nhiều nó lại cho vào đối tượng truy nã 😏
Anger,per nhớ lại vẫn còn tức á cái lol mẹ,per nhớ lại vẫn còn tức á cái lol mẹ
Other,lo tương lai bị bỏ rơi của chú đi :vậy,lo tương lai bị bỏ rơi của chú đi vậy
Enjoyment,và sếp tốt có thể giúp ta vui vẻ từ sáng thứ hai cho đến tối chủ nhật 😀,và sếp tốt có thể giúp ta vui vẻ từ sáng thứ hai cho đến tối chủ nhật 😀
Enjoyment,lại tạo điều kiện cho mấy chị fa vào thả thính . :)),lại tạo điều kiện cho mấy chị độc thân vào thả thính
Anger,muốn nhai luôn cả trái đất,muốn nhai luôn cả trái đất
Enjoyment,"per lại nhớ chiều nay , buồn cười sấp mặt luôn . :v dù mệt nhưng ngày nào tan làm cũng muốn được đèo đưa đi ăn kem , ăn đồ chua , ăn miến trộn như hôm nay cerrrr :v",per lại nhớ chiều nay buồn cười sấp mặt luôn v dù mệt nhưng ngày nào tan làm cũng muốn được đèo đưa đi ăn kem ăn đồ chua ăn miến trộn như hôm nay cer v
Fear,không ngờ tin nhắn riêng tư cũng phải kiêng nể nhắn tin để lỡ có bị chụp vẫn thấy chả sao,không ngờ tin nhắn riêng tư cũng phải kiêng nể nhắn tin để lỡ có bị chụp vẫn thấy chả sao
Enjoyment,tao cũng ước mình có 1 tình yêu như ông bà ❤,tao cũng ước mình có 1 tình yêu như ông bà ❤
Sadness,đau đớn quá sao phải tham mấy đồng tiền đó nhỉ,đau đớn quá sao phải tham mấy đồng tiền đó nhỉ
Disgust,quả này lại là nhà dột từ nóc rồi ;((,quả này lại là nhà dột từ nóc rồi
Sadness,"mong là chuyện không có thật , chứ có thật thì đau lòng vãi ra 😪😪",mong là chuyện không có thật chứ có thật thì đau lòng vãi ra 😪😪
Fear,per nguy hiểm luôn rình rập xung quanh chúng ta :((,per nguy hiểm luôn rình rập xung quanh chúng ta
Enjoyment,trắc đấy là nyc của nó 🤣,trắc đấy là nyc của nó 🤣
Other,đừng hỏi tại sao giới tính cứ bị bẻ cong,đừng hỏi tại sao giới tính cứ bị bẻ cong
Sadness,khóc hết nước mắt 😞😞,khóc hết nước mắt 😞😞
Disgust,đúng là chó cậy chủ mà 🤣,đúng là chó cậy chủ mà 🤣
Disgust,chấp nhận đi mày .. chửi gì dữ vậy ..! mỗi người mổ việc mà ... nếu không thích thì kiếm việc khác mà làm ..,chấp nhận đi mày chửi gì dữ vậy mỗi người mổ việc mà nếu không thích thì kiếm việc khác mà làm
Sadness,":))) ở đoạn đó hồi năm nhất tao "" được "" họ lấy 100k , vì sáng sớm đem duy nhất 100k trong túi , thế là nộp luôn :))))",ở đoạn đó hồi năm nhất tao được họ lấy 100k vì sáng sớm đem duy nhất 100k trong túi thế là nộp luôn
Other,per đọc nhầm con nhện thành con gián :)) thật khó hiểu,per đọc nhầm con nhện thành con gián thật khó hiểu
Other,may mà bà già bảo năm hạn đừng đi chứ không hạn thật,may mà bà già bảo năm hạn đừng đi chứ không hạn thật
Disgust,cái giống mắc zại nhất từng thấy :)),cái giống mắc zại nhất từng thấy
Anger,bắn cái lũ khốn nặn kia ra . mấy ông bà lại ăn cho lắm tiền vào . để cả 1 thế hệ trẻ em bệnh tật . làm cho ra lẽ đi . bọn này bắn cmm nó đi . quá là ác,bắn cái lũ khốn nặn kia ra mấy ông bà lại ăn cho lắm tiền vào để cả 1 thế hệ trẻ em bệnh tật làm cho ra lẽ đi bọn này bắn cmm nó đi quá là ác
Disgust,đéo có não à,đéo có não à
Disgust,"không biết bác dạy ra sao mà đến nỗi . còn tao dạy nhận tiền mặt , dạy 10 ngày là phụ huynh trả luôn tiền tháng đó chứ không có nhập nhằng gì hết",không bt bác dạy ra sao mà đến nỗi còn tao dạy nhận tiền mặt dạy 10 ngày là phụ huynh trả luôn tiền tháng đó chứ không có nhập nhằng gì hết
Other,"thực ra bị bóc trên mạng thì thường là bẩn thỉu , không phân quê quán",thực ra bị bóc trên mạng thì thường là bẩn thỉu không phân quê quán
Disgust,ôi không đọc được bài của chị thì em vẫn tin tưởng cái group đấy lắm,ôi không đọc được bài của chị thì em vẫn tin tưởng cái group đấy lắm
Disgust,"tính ra là 1 cuộn keo 2 mặt sẽ giải quyết được moiij chuyện =)) , cơ mà ý thức như lồn thật :v",tính ra là 1 cuộn keo 2 mặt sẽ giải quyết được moiij chuyện cơ mà ý thức như lồn thật v
Disgust,"chỗ đó không có , họ thấy lạ , chứ như tao lần đầu thấy trên internet tao cũng lạ , chửi gì ghê thế",chỗ đó không có họ thấy lạ chứ như tao lần đầu thấy trên internet tao cũng lạ chửi gì ghê thế
Sadness,khổ thân các cháu,khổ thân các cháu
Disgust,"nước bẩn quá , toàn rác !",nước bẩn quá toàn rác
Sadness,chỉ những người độc thân thôi,chỉ những người độc thân thôi
Enjoyment,nhìn cái muốn cong :d,nhìn cái muốn cong d
Disgust,"thanh niên bỏ nhà theo trai rồi bầu bắt sen chăm , thứ hoàng thượng dâm tà",thanh niên bỏ nhà theo trai rồi bầu bắt sen chăm thứ hoàng thượng dâm tà
Disgust,"t đợi cái post về loài hãm lòn này lâu lắm rồi nhá . dcm nhìn ngốc nghếch thế thôi mà dữ lắm luôn , có lần tao cúi xuống cầm gậy đuổi nó vào chuồng mà nhân lúc tao sơ hở rón rén đến suýt táp vào đít tao . lúc ấy sợ tụt lòn vì chỉ còn có 2 bước nữa thôi là nó đớp gọn tao rồi .... có hôm tao vừa ngờ nghệch ra vườn hóng mát thì cả đàn , cả đàn nhé . dí tao chạy quanh vườn , con nào con nấy vênh cổ lên chạy theo tao . nhờ nó mà suýt chút nữa tao chết vì đau tim ....",tao đợi cái post về loài hãm lòn này lâu lắm rồi nhá địt cụ mày nhìn ngốc nghếch thế thôi mà dữ lắm luôn có lần tao cúi xuống cầm gậy đuổi nó vào chuồng mà nhân lúc tao sơ hở rón rén đến suýt táp vào đít tao lúc ấy sợ tụt lòn vì chỉ còn có 2 bước nữa thôi là nó đớp gọn tao rồi có hôm tao vừa ngờ nghệch ra vườn hóng mát thì cả đàn cả đàn nhé dí tao chạy quanh vườn con nào con nấy vênh cổ lên chạy theo tao nhờ nó mà suýt chút nữa tao chết vì đau tim
Enjoyment,ly hôn cũng phải hoành tráng chứ .. còn phải làm to hơn kết hôn mới được 🤣,ly hôn cũng phải hoành tráng chứ còn phải làm to hơn kết hôn mới được 🤣
Disgust,mèo nhìn dễ thương mà ác vãi < 3,mèo nhìn dễ thương mà ác vãi 3
Enjoyment,dễ thương vậy chời,dễ thương vậy chời
Anger,bạn gái trong ảnh lưu hình gửi cho công an xã chết con mẹ bọn nó đi :))),bạn gái trong ảnh lưu hình gửi cho công an xã chết con mẹ bọn nó đi
Disgust,các bạn buồn cười vãi cả đái . người ta đỗ ở đường chứ có phải trong nhà bạn đéo đâu mà nhặng lên .,các bạn buồn cười vãi cả đái người ta đỗ ở đường chứ có phải trong nhà bạn đéo đâu mà nhặng lên
Disgust,ngu chưa . đăng lên để rồi bị chửi,ngu chưa đăng lên để rồi bị chửi
Enjoyment,nhìn con bé thấy cưng ghê chị ơi,nhìn con bé thấy cưng ghê chị ơi
Disgust,per anh bạn tồi nhất quả đất này,per anh bạn tồi nhất quả đất này
Disgust,cho ̣ c mù mắt tao đi 🤣🤣,cho ̣ c mù mắt tao đi 🤣🤣
Enjoyment,đồng đội chơi tốt quá hahaaa,đồng đội chơi tốt quá haha
Fear,kinh vãi,kinh vãi
Other,lợi ích của việc không nghe lời vợ ??,lợi ích của việc không nghe lời vợ
Anger,cho về hết chứ cứ lương không mà không làm thêm gì mà có nhà lầu xe hơi thì lấy ở đâu ???????? không phải đùn đẩy .... cho về hết bọn nó mới hết không tìm ra nguyên nhân .... không có sao phụ huynh dám nói ....,cho về hết chứ cứ lương không mà không làm thêm gì mà có nhà lầu xe hơi thì lấy ở đâu không phải đùn đẩy cho về hết bọn nó mới hết không tìm ra nguyên nhân không có sao phụ huynh dám nói
Enjoyment,"phải nói là hài tàu hay thật đấy , luôn li kì và khó đoán kết quả , ý nghĩa thì thâm sau . hihi thích rồi đó",phải nói là hài tàu hay thật đấy luôn li kì và khó đoán kết quả ý nghĩa thì thâm sau hihi thích rồi đó
Disgust,giờ lắm bọn biến thái thế,giờ lắm bọn biến thái thế
Sadness,chị đầu tiên buồn v :((,chị đầu tiên buồn vậy
Sadness,trời ơi tao chóng mặt quá đi :((,trời ơi tao chóng mặt quá đi
Disgust,"đúng kiểu tham lam mà tài năng thì có hạn , miệng thì bảo sợ ông vũ làm sạt nghiệp trung nguyên nhưng bản thân trước đó lại làm lỗ của công tình yêu 1700 tỉ , mụ đàn bà mặt dày",đúng kiểu tham lam mà tài năng thì có hạn miệng thì bảo sợ ông vũ làm sạt nghiệp trung nguyên nhưng bản thân trước đó lại làm lỗ của công tình yêu 1700 tỉ mụ đàn bà mặt dày
Disgust,có tay mà người bị cụt tay . ko bao giờ sử dụng bàn tay đó . ngu trở lên nổi tiếng .,có tay mà người bị cụt tay không bao giờ sử dụng bàn tay đó ngu trở lên nổi tiếng
Anger,dume đồng nghiệp gặp hlin thì chỉ muốn nghỉ thôi,dume đồng nghiệp gặp hlin thì chỉ muốn nghỉ thôi
Other,ko nghe lời vợ mới là mấu chốt :),không nghe lời vợ mới là mấu chốt
Disgust,"nói bao giờ cũng dẽ hơn làm , mà mặt 2 đứa này nhìn như mất mẹ dây thần kinh gì đấy",nói bao giờ cũng dẽ hơn làm mà mặt 2 đứa này nhìn như mất mẹ dây thần kinh gì đấy
Surprise,"sản phẩm tốt đấy , có tính ứng dụng cao",sản phẩm tốt đấy có tính ứng dụng cao
Disgust,nếu đồng nghiệp của bạn hãm vãi thì cũng nên đăng xuất đi hiền hana,nếu đồng nghiệp của bạn hãm vãi thì cũng nên đăng xuất đi hiền hana
Fear,"tao cưới rồi , cưới nữa cho vợ tao chém tao chết à",tao cưới rồi cưới nữa cho vợ tao chém tao chết à
Enjoyment,"tuyệt vời , chỉ cần họ thấy vui và hạnh phúc",tuyệt vời chỉ cần họ thấy vui và hạnh phúc
Disgust,ngu quá là ngu đậu xe gì mà sát đường ray tàu hoả thế chứ .? quả này người ta còn phạt thêm cho nữa chứ đâu phải lát xe mà xong đâu ..?,ngu quá là ngu đậu xe gì mà sát đường ray tàu hoả thế chứ quả này người ta còn phạt thêm cho nữa chứ đâu phải lát xe mà xong đâu
Enjoyment,cẩn thận mày lại có cháu sớm 🤣,cẩn thận mày lại có cháu sớm 🤣
Enjoyment,yêu hay không yêu không yêu hay yêu nói 1 lời 😂,yêu hay không yêu không yêu hay yêu nói 1 lời 😂
Enjoyment,tao cũng hay sử dụng chiêu này và bọn đàn ông vẫn cứ bị lừa ????,tao cũng hay sử dụng chiêu này và bọn đàn ông vẫn cứ bị lừa
Enjoyment,"thật sự mình rất thích bạn này , xem phim mỗi tập cứ canh đúng cảnh có bạn ý , dễ thương quá 😗😚😚😚😚😚",thật sự mình rất thích bạn này xem phim mỗi tập cứ canh đúng cảnh có bạn ý dễ thương quá 😗😚
Surprise,bọn ngáo này mà cũng có người sợ nó nữa hả,bọn ngáo này mà cũng có người sợ nó nữa hả
Other,em đã bao giờ nghĩ đến mối quan hệ đồng tính ?,em đã bao giờ nghĩ đến mối quan hệ đồng tính
Sadness,"từ khi lấy vợ , làm vlog thiếu muối hẳn huhu",từ khi lấy vợ làm vlog thiếu muối hẳn huhu
Disgust,nhưng đứa bạn thân đều là lũ khốn,nhưng đứa bạn thân đều là lũ khốn
Sadness,"vợ người ta chưa bao giờ làm tôi thất vọng , còn vợ tôi thì ..... đi hết 1 / 3 cuộc đời rồi vẫn chưa tìm thấy 😓",vợ người ta chưa bao giờ làm tôi thất vọng còn vợ tôi thì đi hết 1 3 cuộc đời rồi vẫn chưa tìm thấy 😓
Disgust,hỏi nhây khiếp,hỏi nhây khiếp
Sadness,có tiền sẽ thấy các vị gọi là thượng hạng còn không tiền sẽ chỉ thấy vị mặn của mồ hôi + nước mắt,có tiền sẽ thấy các vị gọi là thượng hạng còn không tiền sẽ chỉ thấy vị mặn của mồ hôi nước mắt
Other,nước biển sao đục quá nhỉ,nước biển sao đục quá nhỉ
Enjoyment,"người đàn ông ốm đau nói với vợ mình :” ở lại với anh ” rồi cầm tay bà . đó là tình yêu , vỏn vẹn 20 năm ngắn ngủi . tình yêu bố dành cho mẹ",người đàn ông ốm đau nói với vợ mình ” ở lại với anh ” rồi cầm tay bà đó là tình yêu vỏn vẹn 20 năm ngắn ngủi tình yêu bố dành cho mẹ
Anger,con ngu dù bố mẹ có là người như thế nào đi chăng nữa thì cũng là người đẻ ra mày nuôi chúng mày lớn khôn lớn lên không báo hiếu được gì lại còn sủa bậy,con ngu dù bố mẹ có là người như thế nào đi chăng nữa thì cũng là người đẻ ra mày nuôi chúng mày lớn khôn lớn lên không báo hiếu được gì lại còn sủa bậy
Enjoyment,hy vọng mọi điều tốt đẹp sẽ tới,hy vọng mọi điều tốt đẹp sẽ tới
Sadness,t cũng buồn lắm chớ bộ 😓😓,tao cũng buồn lắm chớ bộ 😓😓
Sadness,t đã thử rồi mà dume vẫn la :)))),tao đã thử rồi mà dume vẫn la
Disgust,ý thức tồi,ý thức tồi
Anger,"má , sờ mông có cái mà táng bố ..??",má sờ mông có cái mà táng bố
Fear,trò này cũng nguy hiểm chết người đừng đùa theo mà mang họa,trò này cũng nguy hiểm chết người đừng đùa theo mà mang họa
Enjoyment,nhìn cái mặt cưng vãi,nhìn cái mặt cưng vãi
Other,sáng kiến hay đỡ bao nhiều tiền để tiêu hủy,sáng kiến hay đỡ bao nhiều tiền để tiêu hủy
Disgust,đéo có lol gì là buồn cười,đéo có lol gì là buồn cười
Other,"per tiền bạc là phù du , quan trọng là tình nghĩa",per tiền bạc là phù du quan trọng là tình nghĩa
Other,k tiền cạp đất mà ăn ah @@,không tiền cạp đất mà ăn ah
Disgust,thứ thiếu ý thức ... nhưng lên mạng thì dạy người khác,thứ thiếu ý thức nhưng lên mạng thì dạy người khác
Disgust,có mà thần kinh hơn ấy 😑😑😑,có mà thần kinh hơn ấy 😑
Disgust,đéo hiểu chó hay người .,đéo hiểu chó hay người
Disgust,đau chán riết quen có cái lol gì phải than vãn :)),đau chán riết quen có cái lol gì phải than vãn
Enjoyment,một bộ phim rất đáng xem !!,một bộ phim rất đáng xem
Disgust,"đâu phải có tiền muốn làm cha ai thì làm , gì cũng vừa phải thôi . ý thức từ nhỏ không được dạy dỗ cẩn thận",đâu phải có tiền muốn làm cha ai thì làm gì cũng vừa phải thôi ý thức từ nhỏ không được dạy dỗ cẩn thận
Fear,mấy lần đi ngang hết hồn,mấy lần đi ngang hết hồn
Sadness,"anh giờ thích ai rồi , không còn giữ câu nói trước kia nữa đâu nhỉ . ừ gần 1 năm rồi cơ mà :((",anh giờ thích ai rồi không còn giữ câu nói trước kia nữa đâu nhỉ ừ gần 1 năm rồi cơ mà
Other,công nhận già thật,công nhận già thật
Disgust,"hà nội làm con người ta trở nên nhỏ nhen và bon chen , luật thi áp dụng như cứt nó chỉ giành cho người có tiền và có quyền",hà nội làm con người ta trở nên nhỏ nhen và bon chen luật thi áp dụng như cứt nó chỉ giành cho người có tiền và có quyền
Disgust,chán vãi dạo này ngủ sớm quen :))),chán vãi dạo này ngủ sớm quen
Fear,"hồi nhỏ hay bị ngỗng rượt , vừa chạy vừa khóc la 🤣🤣",hồi nhỏ hay bị ngỗng rượt vừa chạy vừa khóc la 🤣🤣
Sadness,lại mưa 😞,lại mưa 😞
Disgust,bố mấy con trẻ trâu :)) tưởng thế là hay :)))),bố mấy con trẻ trâu tưởng thế là hay
Sadness,chả có tiền mua 😩😩😩,chả có tiền mua 😩
Fear,đề nghị admin xóa bài đi ạ . chứ bố mẹ em sắp đi chợ về rồi ạ :(((,đề nghị admin xóa bài đi ạ chứ bố mẹ em sắp đi chợ về rồi ạ
Other,sao mày không ngủ chung với cả mẹ mày và em mày ?,sao mày không ngủ chung với cả mẹ mày và em mày
Enjoyment,haha con mấy cái video toàn đóng vào mỏ nhau không . cười tụt quần 🤣,haha con mấy cái video toàn đóng vào mỏ nhau không cười tụt quần 🤣
Surprise,thế đéo nào lại ra được nhỉ ??,thế đéo nào lại ra được nhỉ
Other,vẫn là chính sách trên giấy tờ,vẫn là chính sách trên giấy tờ
Other,sớm muộn củng chết đuối à ;))),sớm muộn củng chết đuối à
Enjoyment,bức ảnh xuất sắc ❤️,bức ảnh xuất sắc ❤️
Sadness,việc đớn đau nhất . là nhường người mình yêuu nhất cho 1 người khác 😔😔😔. chỉ vì đơn giản không muốn ai phải đau buồn,việc đớn đau nhất là nhường người mình yêuu nhất cho 1 người khác 😔 chỉ vì đơn giản không muốn ai phải đau buồn
Sadness,ủa mắc gì gỡ fan cứng của em ? huhu,ủa mắc gì gỡ fan cứng của em huhu
Sadness,"ai cho mình xin tên phim với , mình không xem được 😢",ai cho mình xin tên phim với mình không xem được 😢
Surprise,tao đang đọc cái lol gì đây :)) sao lại thành truyện giáo dục rồi dume,tao đang đọc cái lol gì đây sao lại thành truyện giáo dục rồi dume
Enjoyment,mặt ô kia khát nước nhìn buồn cườ thế 😂😂,mặt ô kia khát nước nhìn buồn cườ thế 😂😂
Sadness,tao bị bỏ rơi rồi,tao bị bỏ rơi rồi
Fear,tao nhìn tao thấy ghê vcd ấy 😂😂,tao nhìn tao thấy ghê vcd ấy 😂😂
Other,cậu nhỏ có tăng lên không 🧐,cậu nhỏ có tăng lên không 🧐
Disgust,"bạn trai tao cắt tóc xong cái đầu như cái đầu buồi , không lệch vào đâu được 🙂",bạn trai tao cắt tóc xong cái đầu như cái đầu buồi không lệch vào đâu được 🙂
Enjoyment,bây giờ gọi hành hiếmkkk,bây giờ gọi hành hiếmk
Sadness,chúng mày đã bao giờ bị hất cả cốc nước vào mặt vì mặt không bao giờ tươi cười niềm nở chưa ?,chúng mày đã bao giờ bị hất cả cốc nước vào mặt vì mặt không bao giờ tươi cười niềm nở chưa
Surprise,người yêu mày cắt tóc hay là đi đầu thai lại thế ???,người yêu mày cắt tóc hay là đi đầu thai lại thế
Sadness,sự thật thì cố suy nghĩ vui vẻ hạnh phúc mà trong túi không có tiền chỉ sợ đất cũng không có mà ăn,sự thật thì cố suy nghĩ vui vẻ hạnh phúc mà trong túi không có tiền chỉ sợ đất cũng không có mà ăn
Fear,tao tháy gái nguy hiểm vãi,tao tháy gái nguy hiểm vãi
Other,"chạy tới đưa đồ cho nó , trượt chân té sấp mặt luôn",chạy tới đưa đồ cho nó trượt chân té sấp mặt luôn
Enjoyment,hẳn là con số đẹp 😍😍😍,hẳn là con số đẹp 😍
Enjoyment,còn 1 tháng nữa thôi khép lại những ngày tháng vui buồn nhưng luôn có người bên cạnh sẻ chia không lo lắng của tuổi thanh xuân cái tuổi đẹp nhất của cng,còn 1 tháng nữa thôi khép lại những ngày tháng vui buồn nhưng luôn có người bên cạnh sẻ chia không lo lắng của tuổi thanh xuân cái tuổi đẹp nhất của cng
Fear,tao còn không dám ăn nói chi ruồi .,tao còn không dám ăn nói chi ruồi
Fear,sợ vãi linh hồn,sợ vãi linh hồn
Fear,có thì tốt nhất đừng có giận vì ngoài kia bất cứ thằng nào cũng sẵn sàng dỗ dành bạn gái của bạn 😋,có thì tốt nhất đừng có giận vì ngoài kia bất cứ thằng nào cũng sẵn sàng dỗ dành bạn gái của bạn 😋
Other,bốc phốt khách thế không sợ mất khách à bác ??,bốc tố cáo khách thế không sợ mất khách à bác
Sadness,ừ mỗi lần thế lần buồn kinh lắm mày ạ,ừ mỗi lần thế lần buồn kinh lắm mày ạ
Enjoyment,lâu lắc chưa xem lại !!! 😳. một bộ phim vừa ý nghĩa vừa hài hước ! 👍,lâu lắc chưa xem lại 😳 một bộ phim vừa ý nghĩa vừa hài hước 👍
Enjoyment,"gắng , nhanh khỏi bệnh rồi về bên anh",gắng nhanh khỏi bệnh rồi về bên anh
Other,đề này đối với lực học lớp 9 đâu có khó . cẩn thận chút là được,đề này đối với lực học lớp 9 đâu có khó cẩn thận chút là được
Sadness,nghe bài này đau lòng quá mà,nghe bài này đau lòng quá mà
Fear,má . đang định đi chụp :((,má đang định đi chụp
Other,ai muốn tránh đường đông hỏi người dân đường trong núi nhé !,ai muốn tránh đường đông hỏi người dân đường trong núi nhé
Enjoyment,"những hành động đẹp , đáng được trân trọng , và sẽ được lan tỏa ở mọi nơi , thật tuyệt vời 😍",những hành động đẹp đáng được trân trọng và sẽ được lan tỏa ở mọi nơi thật tuyệt vời 😍
Enjoyment,vào siêu thi mua ghế masage chạy điện ra mà ngồi cho chúng nó choáng ! vừa đỡ mỏi chân lại khỏe người !,vào siêu thi mua ghế masage chạy điện ra mà ngồi cho chúng nó choáng vừa đỡ mỏi chân lại khỏe người
Fear,"tao nói té 1 cái không dập mề thua gì cũg thua , trĩ nội trĩ ngọai nguyên chùm =)))",tao nói té 1 cái không dập mề thua gì cũg thua trĩ nội trĩ ngọai nguyên chùm
Other,năm sau nữa quyết định nằm cho đỡ đau lưng 😁😁,năm sau nữa quyết định nằm cho đỡ đau lưng 😁😁
Enjoyment,bé xinh quá,bé xinh quá
Other,bài hát đầu tiên của phim là gì nhỉ quên mất rồi . bạn nào thông não cho mình phát,bài hát đầu tiên của phim là gì nhỉ quên mất rồi bạn nào thông não cho mình phát
Disgust,đây là trẻ ghé chứ gì nữa ~~~,đây là trẻ ghé chứ gì nữa
Sadness,"t chẳng muốn phải nói "" suýt nữa thì .."" một lần nào nữa trong đời của nhau nữa đâu ... vì vậy sẽ trân trọng khi người tới .",tao chẳng muốn phải nói suýt nữa thì một lần nào nữa trong đời của nhau nữa đâu vì vậy sẽ trân trọng khi người tới
Enjoyment,per cái đoạn vén tóc là quen lắm nhá . thích lém ý,per cái đoạn vén tóc là quen lắm nhá thích lém ý
Enjoyment,"thề , phim này xem đi xem lại gần chục lần . 😄",thề phim này xem đi xem lại gần chục lần 😄
Enjoyment,phim chuẩn chưa này =)))),phim chuẩn chưa này
Other,"per thì mấy ông nhậu bắt sạch , còn đâu mà phá hoại",per thì mấy ông nhậu bắt sạch còn đâu mà phá hoại
Other,ô .. còn lâu lắm ...,ô còn lâu lắm
Other,đã năm 2000 . người ta cho mượn 200 tr rồi .. từ đó về sau nhà người ta có cần 25 tr / tháng hay không ???,đã năm 20 người ta cho mượn 200 trời rồi từ đó về sau nhà người ta có cần 25 trời tháng hay không
Enjoyment,"tao cũng như mày đây . không sao cả , hãy tự hào vì tên mày vẫn rất đẹp",tao cũng như mày đây không sao cả hãy tự hào vì tên mày vẫn rất đẹp
Other,cho nó đỗ tí mất gì đâu,cho nó đỗ tí mất gì đâu
Disgust,người ta nói ngu thì chết có gì sai ?,người ta nói ngu thì chết có gì sai
Enjoyment,dễ thương vậy,dễ thương vậy
Other,chắc chưa :))) si nghĩ kĩ lại đi,chắc chưa si nghĩ kĩ lại đi
Disgust,má con đĩ mèo nó đanh đá thế,má con đĩ mèo nó đanh đá thế
Sadness,"từ nay sẽ không cap màn hình ib nưa , thật tội lỗi tội lỗi",từ nay sẽ không cap màn hình inbox nưa thật tội lỗi tội lỗi
Enjoyment,t chỉ muốn khoe là tao vẫn được nghỉ 1 tuần nữa =))))),tao chỉ muốn khoe là tao vẫn được nghỉ 1 tuần nữa
Other,biết chứ dã từng sài,bt chứ dã từng sài
Enjoyment,ấn tượng vãi :v bàn tay vàng trong làng vẩy khế :v,ấn tượng vãi v bàn tay vàng trong làng vẩy khế v
Enjoyment,thích quá mấy má ơi ! @@@,thích quá mấy má ơi
Disgust,không ngon như lần trước nữa,không ngon như lần trước nữa
Other,mặt thái độ vãi,mặt thái độ vãi
Sadness,cũng muốn kết hôn lắm mà đến giờ vẫn chưa có người yêu 😭,cũng muốn kết hôn lắm mà đến giờ vẫn chưa có người yêu 😭
Enjoyment,sẽ hấp dẫn hơn khi dưới sông có cá sấu :)) lót dép hóng,sẽ hấp dẫn hơn khi dưới sông có cá sấu lót dép hóng
Enjoyment,xem nà ra chiêu nà gẫy cây nà sấp mặt luôn nà 😂😆,xem nà ra chiêu nà gẫy cây nà sấp mặt luôn nà 😂😆
Fear,"per nhà giáo áp lực quá nhỉ , giống làm dâu trăm họ .",per nhà giáo áp lực quá nhỉ giống làm dâu trăm họ
Anger,"bọn giết người không dao tử hình cái thằng cung cấp thực phẩm bẩn vào trường , những đứa liên quan còn lại cho vào tù hết .",bọn giết người không dao tử hình cái thằng cung cấp thực phẩm bẩn vào trường những đứa liên quan còn lại cho vào tù hết
Enjoyment,tao thấy đéo có cái gì để tao cầm được cơn cười cđcm nó ! :)),tao thấy đéo có cái gì để tao cầm được cơn cười cđcm nó
Enjoyment,gần 10 năm rồi coi đi coi lại cũng gần 30 lần . nhớ !!!,gần 10 năm rồi coi đi coi lại cũng gần 30 lần nhớ
Enjoyment,phụ nữ ngày xưa toàn cực phẩm :v,phụ nữ ngày xưa toàn cực phẩm v
Anger,xoá sổ toàn phần cơ sở cung cấp thức ăn khốn nạn này bằng cách cho chúng mỗi đứa một mũi tiêm thuốc độc . còn hiệu trưởng các trường bỏ tù vĩnh viễn .,xoá sổ toàn phần cơ sở cung cấp thức ăn khốn nạn này bằng cách cho chúng mỗi đứa một mũi tiêm thuốc độc còn hiệu trưởng các trường bỏ tù vĩnh viễn
Anger,tử hình cái bọn giết người hàng loạt này đi,tử hình cái bọn giết người hàng loạt này đi
Fear,pháp luật là bạn của nó rồi anh ah vì quen anh anh chị b trên quận ah nên em cũng sợ lắm ah :-(,pháp luật là bạn của nó rồi anh ah vì quen anh anh chị b trên quận ah nên em cũng sợ lắm ah
Disgust,"biết có người binh mà mới chửi lại đó , con hư tại mẹ thui",bt có người binh mà mới chửi lại đó con hư tại mẹ thôi
Sadness,chị khổ mấy cô giáo viên giám đứng ra tố cáo . sau này bị làm khó hoặc trả thù,chị khổ mấy cô giáo viên giám đứng ra tố cáo sau này bị làm khó hoặc trả thù
Other,trời trời ! như là nói lên nỗi lòng của thẩm phán vậy :)))),trời trời như là nói lên nỗi lòng của thẩm phán vậy
Fear,má tao xem mà lo thằng quay phim tét không à ? có ai như tao không ?,má tao xem mà lo thằng quay phim tét không à có ai như tao không
Other,đm rơi mẹ điện thoại xuống đất 🙃,địt mẹ rơi mẹ điện thoại xuống đất 🙃
Enjoyment,mới gọi điện thoại xong mới cười với tuii xong heheh anh đáng yêu vãi,mới gọi điện thoại xong mới cười với tuii xong heheh anh đáng yêu vãi
Disgust,bướng vừa vừa kiểu đáng yêu chứ mà lồng lộn thì thôi làm bà nội chứ yêu đương đéo gì,bướng vừa vừa kiểu đáng yêu chứ mà lồng lộn thì thôi làm bà nội chứ yêu đương đéo gì
Surprise,vâng với 1 pha chống gậy tinh tế anh đã làm cho người xem 1 sự bất ngờ,vâng với 1 pha chống gậy tinh tế anh đã làm cho người xem 1 sự bất ngờ
Disgust,evn nó đéo thích đâu nhé .. nó chỉ giả vờ lươn lẹo nói thế thôi ..!? 😁😂🤣,evn nó đéo thích đâu nhé nó chỉ giả vờ lươn lẹo nói thế thôi 😁😂🤣
Surprise,ông tổ của những cái sừng là đây sao ??? 🤣,ông tổ của những cái sừng là đây sao 🤣
Other,thế mày nằm viện nào tao vào thăm luôn cho động lực,thế mày nằm viện nào tao vào thăm luôn cho động lực
Sadness,"xem mà đau lòng , đau lòng nhưng vẫn xem :((((",xem mà đau lòng đau lòng nhưng vẫn xem
Sadness,cuộc sống thật chua cay với tao,cuộc sống thật chua cay với tao
Enjoyment,"trước đây mình không thích xem phim việt , nhưng mấy năm nay phim việt chiếu phim nào cũng hay . tự dưng không thích xem phim hàn quốc nữa .",trước đây mình không thích xem phim việt nhưng mấy năm nay phim việt chiếu phim nào cũng hay tự dưng không thích xem phim hàn quốc nữa
Disgust,"còn là học sinh nhưng tố chất lừa đảo đĩ điếm đã thể hiện ra rồi , nếu nó muốn nổi tiếng , thì đưa mặt nó lên đi thớt",còn là học sinh nhưng tố chất lừa đảo đĩ điếm đã thể hiện ra rồi nếu nó muốn nổi tiếng thì đưa mặt nó lên đi thớt
Enjoyment,"bọn 6 múi yêu nhau hết rồi , tao bụng mỡ đây , tao vẫn thích con gái đây !!!!!",bọn 6 múi yêu nhau hết rồi tao bụng mỡ đây tao vẫn thích con gái đây
Anger,trung thu là tết thiếu chi chả liên quan chi đến việc tao không có gấu,trung thu là tết thiếu chi chả liên quan chi đến việc tao không có gấu
Anger,thằng nào con nào nuôi ác quá z,thằng nào con nào nuôi ác quá vậy
Enjoyment,cám ơn đã cho tôi cuộc sống này,cám ơn đã cho tôi cuộc sống này
Enjoyment,nghe tình vãi =)))),nghe tình vãi
Sadness,thất tình đi nghe nhạc chúng nó còn ngồi trước mặt ôm nhau . hận,thất tình đi nghe nhạc chúng nó còn ngồi trước mặt ôm nhau hận
Disgust,vô liêm sỉ,vô liêm sỉ
Other,mẹ bế đứa nào thì là mẹ của đứa đó nhé,mẹ bế đứa nào thì là mẹ của đứa đó nhé
Enjoyment,công nhận nó phê như vậy thật 😂,công nhận nó phê như vậy thật 😂
Enjoyment,này thì câu thích 😂😂😂,này thì câu thích 😂
Enjoyment,lời được cánh của sắt tàu hỏa ngon rồi,lời được cánh của sắt tàu hỏa ngon rồi
Disgust,"sửa luật , tóm cho vào tù . tình nguyện mãi sao được .",sửa luật tóm cho vào tù tình nguyện mãi sao được
Other,t coi đi coi lại mấy lần để xác định con nhện nó phóng qua tới cái điện thoại hay là nghệ thuật )))),tao coi đi coi lại mấy lần để xác định con nhện nó phóng qua tới cái điện thoại hay là nghệ thuật
Sadness,lúc ra hà nội ở ngay phố đào tấn mà không biết chổ này 😢,lúc ra hà nội ở ngay phố đào tấn mà không bt chổ này 😢
Other,m vừa tuột quần xuống nó sẽ hôn con họa mi của mày,mày vừa tuột quần xuống nó sẽ hôn con họa mi của mày
Disgust,cả 2 đứa đều ngu khi có mồm mà không nói =]]],cả 2 đứa đều ngu khi có mồm mà không nói
Other,một thời để nhớ,một thời để nhớ
Enjoyment,đúng chất dân miền tây hahaha,đúng chất dân miền tây hahaha
Sadness,24 tuổi thấy đời đắng và khá mặn,24 tuổi thấy đời đắng và khá mặn
Enjoyment,một cái ỉn mông xong hết 😂😂😂 dăm ba cái võ thuật 😂😂😂🤣🤣🤣,một cái ỉn mông xong hết 😂 dăm ba cái võ thuật 😂🤣
Enjoyment,đáng yêu quá . chúc ông bà thật mạnh khỏe mãi hạnh phúc như vậy 😍,đáng yêu quá chúc ông bà thật mạnh khỏe mãi hạnh phúc như vậy 😍
Disgust,per con người dù có bị trừ hết điểm cũng chạ thèm quan tâm ạ 🙂,per con người dù có bị trừ hết điểm cũng chạ thèm quan tâm ạ 🙂
Surprise,đấy có phải con người không nhỉ ? mà sao lại làm thế,đấy có phải con người không nhỉ mà sao lại làm thế
Surprise,ủa vậy hả mới biết ta,ủa vậy hả mới bt ta
Other,vậy thì các bác chưa biết rồi,vậy thì các bác chưa bt rồi
Disgust,tài xế để não trong háng hay sao mà thích chơi ngu lấy tiếng thế,tài xế để não trong háng hay sao mà thích chơi ngu lấy tiếng thế
Enjoyment,họ hành động quá đẹp,họ hành động quá đẹp
Enjoyment,"xem phim mà cứ nhìn cặp chân của ổng , chân gì mà dài thường thượt . chồi ôi 1m87",xem phim mà cứ nhìn cặp chân của ổng chân gì mà dài thường thượt chồi ôi 1m87
Disgust,đọc bình luận mới thấy nhiều người hãm thật sự :))),đọc bình luận mới thấy nhiều người hãm thật sự
Sadness,em nuôi con lợn mấy năm rồi mà vẫn trống rỗng huhu 😭😭😭,em nuôi con lợn mấy năm rồi mà vẫn trống rỗng huhu 😭
Other,nhìn bọn có người yêu khổ chưa kìa .,nhìn bọn có người yêu khổ chưa kìa
Sadness,ước mơ tao 🙂 chỉ có thể sao chép lại và tao lên màu cực xấu !,ước mơ tao 🙂 chỉ có thể sao chép lại và tao lên màu cực xấu
Other,lúc buồn là đi phựt thì thôi rồi như kiểu cuộc đời đáng sống ý,lúc buồn là đi phựt thì thôi rồi như kiểu cuộc đời đáng sống ý
Enjoyment,thôi mày cố lên . đỡ rồi cũng tốt,thôi mày cố lên đỡ rồi cũng tốt
Anger,"dume , em tao mà bị thế này thì tao xiên mỗi đứa một nhát , đi tù cũng được",dume em tao mà bị thế này thì tao xiên mỗi đứa một nhát đi tù cũng được
Enjoyment,đơn giản là thấy họ cười 😂😂,đơn giản là thấy họ cười 😂😂
Enjoyment,per 😂😂😂 còn nhớ không ???,per 😂 còn nhớ không
Enjoyment,hay lắm em êiiii,hay lắm em êi
Disgust,t nói tao bị ngỗng dí đúng sáng sớm bọn bạn cười tao . 😂 còn bồ tao thấy tao bị dí đứng cười 😪,tao nói tao bị ngỗng dí đúng sáng sớm bọn bạn cười tao 😂 còn bồ tao thấy tao bị dí đứng cười 😪
Sadness,nhớ lại kỷ niệm này buồn quá,nhớ lại kỷ niệm này buồn quá
Disgust,"thì rõ ràng là bịa mà , cơ bản để cảnh tỉnh suy nghĩ của con người hiện nay thôi bạn",thì rõ ràng là bịa mà cơ bản để cảnh tỉnh suy nghĩ của con người hiện nay thôi bạn
Sadness,"lúc trước ông với bà tao cũng thế , bây giờ thì ông bỏ bà đi trước rồi .",lúc trước ông với bà tao cũng thế bây giờ thì ông bỏ bà đi trước rồi
Enjoyment,tao mừng quá vì tao biết chắc chắn hôm nay crush của tao không bị thịt . ahihi .,tao mừng quá vì tao bt chắc chắn hôm nay người mình thích của tao không bị thịt ahihi
Disgust,xót thì mang về mà dạy đi . xưa đi học suốt ngày bị quỳ chép bài trên bục giảng chả sao giờ thì sểnh ra 1 tỵ là kiện tụng . đừng có lạm dụng mxh mà lên án người khác .,xót thì mang về mà dạy đi xưa đi học suốt ngày bị quỳ chép bài trên bục giảng chả sao giờ thì sểnh ra 1 tỵ là kiện tụng đừng có lạm dụng mxh mà lên án người khác
Enjoyment,hôm qua xem cười lộn ruột,hôm qua xem cười lộn ruột
Other,buồn là cái gì mày,buồn là cái gì mày
Fear,tao ám ảnh việc lau sàn,tao ám ảnh việc lau sàn
Enjoyment,mong ông bà được nhiu sức khỏe,mong ông bà được nhiu sức khỏe
Enjoyment,có con gái thật tuyệt ! 😍,có con gái thật tuyệt 😍
Other,nhìn vậy thôi mày bóc tách múi ra là bình thường ngay mà,nhìn vậy thôi mày bóc tách múi ra là bình thường ngay mà
Enjoyment,giống chuyện của chúng mình quá . chả biết sẽ cùng anh đi bao xa ... nhưng hạnh phúc khi có anh luôn bên cạnh ??,giống chuyện của chúng mình quá chả bt sẽ cùng anh đi bao xa nhưng hạnh phúc khi có anh luôn bên cạnh
Other,xem xong rồi mà có cảm thấy gì đâu ??,xem xong rồi mà có cảm thấy gì đâu
Disgust,xấu còn đóng vai mất dạy,xấu còn đóng vai mất dạy
Anger,bọn lừa đảo,bọn lừa đảo
Sadness,buồn quá buồn,buồn quá buồn
Disgust,tuy dáng đứng có hơi lỏng lẻo nhưng những đường quyền của ông này thật như lol,tuy dáng đứng có hơi lỏng lẻo nhưng những đường quyền của ông này thật như lol
Other,nếu lái xe là dân đen thì thế nào chú . có dám đậu ở đóa không,nếu lái xe là dân đen thì thế nào chú có dám đậu ở đóa không
Enjoyment,khi đủ trưởng thành và kinh tế . cơ mà nhỡ bác sĩ bảo cưới thì cũng phải cưới thôi 😂,khi đủ trưởng thành và kinh tế cơ mà nhỡ bác sĩ bảo cưới thì cũng phải cưới thôi 😂
Other,cho nghe lại cái khúc đó đi anh hai à :v,cho nghe lại cái khúc đó đi anh hai à v
Fear,ông thần tài cũng không dám ăn luôn,ông thần tài cũng không dám ăn luôn
Sadness,buồn cho số phận 😢,buồn cho số phận 😢
Enjoyment,nhà tao nhận coi giữ xe nha :3,nhà tao nhận coi giữ xe nha 3
Other,may cho mày con nhà gia đình khá . chứ nghèo như tao khổ rồi .??,may cho mày con nhà gia đình khá chứ nghèo như tao khổ rồi
Enjoyment,mới thấy bài này trên phòng trọ đn nữa này . bạn ơi mình cùng thành phố này :v,mới thấy bài này trên phòng trọ đn nữa này bạn ơi mình cùng thành phố này v
Disgust,cục súc vậy ai chơi,cục súc vậy ai chơi
Sadness,"bọn nó nhỏ mà đã có người yêu , còn tao thì ế :((",bọn nó nhỏ mà đã có người yêu còn tao thì ế
Other,cần địa chỉ để đặt một bạn người yêu có chiều cao như anh thứ 3,cần địa chỉ để đặt một bạn người yêu có chiều cao như anh thứ 3
Fear,"hồi nhỏ đi ngang nhà hàng xóm con quỷ này dí tao từ ngoài đường vô tới trong nhà tao nó vẫn không tha , ba mẹ tao nghe tao la chạy ra chụp cổ nó quăng ra sân nó mới chịu đi . ám ảnh tuổi thơ 😅😅😅",hồi nhỏ đi ngang nhà hàng xóm con quỷ này dí tao từ ngoài đường vô tới trong nhà tao nó vẫn không tha ba mẹ tao nghe tao la chạy ra chụp cổ nó quăng ra sân nó mới chịu đi ám ảnh tuổi thơ 😅
Sadness,chuyển từ thất tình sang muốn chết vì quá chán :((,chuyển từ thất tình sang muốn chết vì quá chán
Enjoyment,cái cuối phê vãi,cái cuối phê vãi
Sadness,"giá trị lịch sử văn hoá gần nghìn năm đã mất đi rồi :((""",giá trị lịch sử văn hoá gần nghìn năm đã mất đi rồi
Disgust,ý bảo mày treo cao vãi đấy . hạ tiêu chuẩn thấp chút bằng cách ngồi xa sóng ra đi tml .,ý bảo mày treo cao vãi đấy hạ tiêu chuẩn thấp chút bằng cách ngồi xa sóng ra đi tml
Enjoyment,năm nào cũng mua 2 cái đăng ảnh sống ảo xong cất ăn chống đói dần dần :),năm nào cũng mua 2 cái đăng ảnh sống ảo xong cất ăn chống đói dần dần
Enjoyment,tao cute mà các mày,tao cute mà các mày
Sadness,có tiền chưa chắc đã ngọt nhưng nếu không có tiền chắc chắn là đắng .,có tiền chưa chắc đã ngọt nhưng nếu không có tiền chắc chắn là đắng
Other,ơ ̉ viê ̣ tao nam sao được như vâ ̣ y,ơ ̉ viê ̣ tao nam sao được như vâ ̣ y
Sadness,tủi hổ với bản thân ghê khi tao vẽ người mà mẹ tao hỏi : hóa ra đây là hình dạng thực của quỷ sao ?😑,tủi hổ với bản thân ghê khi tao vẽ người mà mẹ tao hỏi hóa ra đây là hình dạng thực của quỷ sao 😑
Anger,đkmm xuống đáy biển mà viết luôn đi thằng lồn =)),đkmm xuống đáy biển mà viết luôn đi thằng lồn
Disgust,đồ khùng cơm đâu có mắc đâu mà phải làm vậy .,đồ khùng cơm đâu có mắc đâu mà phải làm vậy
Surprise,haha tao trúng số thật này,haha tao trúng số thật này
Anger,"ủa tại sao không nghỉ việc luôn đi , hay lương tâm không còn chữ đức nữa",ủa tại sao không nghỉ việc luôn đi hay lương tâm không còn chữ đức nữa
Other,lấy củi chứ bao nhiêu rơm cho đủ,lấy củi chứ bao nhiêu rơm cho đủ
Sadness,per không biết còn nhớ tên tao không nữa 😑,per không bt còn nhớ tên tao không nữa 😑
Anger,viết tay phải mẹ mày đi . đụ mẹ mày :)),viết tay phải mẹ mày đi đụ mẹ mày
Enjoyment,chuẩn bị hết ế :)),chuẩn bị hết ế
Sadness,"cả 2 bà đều mất khi mình nhỏ , không hưởng thụ cảm giác này rồi",cả 2 bà đều mất khi mình nhỏ không hưởng thụ cảm giác này rồi
Enjoyment,"và mày chỉ cần lùi về sau , như ít quan tâm và nhắn tin lại mày sẻ cua được crush 😎😎",và mày chỉ cần lùi về sau như ít quan tâm và nhắn tin lại mày sẻ cua được người mình thích 😎😎
Enjoyment,bạn có bố thật hạnh phúc,bạn có bố thật hạnh phúc
Other,ý thức 😂,ý thức 😂
Anger,"dume mày là con gái đó , còn tao thì :dume mày có xuống không thì bảo",dume mày là con gái đó còn tao thì dume mày có xuống không thì bảo
Sadness,per trung thu chia tay gấu à ? bất hạnh nhỉ,per trung thu chia tay gấu à bất hạnh nhỉ
Disgust,bông hoa nhài cắm bãi cứt trâu :)),bông hoa nhài cắm bãi cứt trâu
Enjoyment,oimeoi tao thấy được tao ngày xưa đây rồi =))))),oimeoi tao thấy được tao ngày xưa đây rồi
Other,t không nghiện trà nên tao thấy bình thường mà,tao không nghiện trà nên tao thấy bình thường mà
Disgust,cắt . cảm ơn đoạn giả dối kia đã giúp các bạn trẻ có thêm niềm tin về 1 tình yêu đẹp 🤣🤣 riêng tao đéo tin nhé,cắt cảm ơn đoạn giả dối kia đã giúp các bạn trẻ có thêm niềm tin về 1 tình yêu đẹp 🤣🤣 riêng tao đéo tin nhé
Enjoyment,hahahaha tao mắc cười ghê . nhớ cái hôm sinh nhật tao ghê . chắc mấy mẹ ở guru cũng rủa dữ lắm hahaha per,hahahaha tao mắc cười ghê nhớ cái hôm sinh nhật tao ghê chắc mấy mẹ ở guru cũng rủa dữ lắm hahaha per
Enjoyment,chuẩn 😏😏😏,chuẩn 😏
Sadness,một mình tao ăn hết 1 nồi lẩu từ lúc tối 😭,một mình tao ăn hết 1 nồi lẩu từ lúc tối 😭
Anger,dm chúng mày bị bệnh à kiện chết con mẹ mấy thằng ấu dâm bệnh hoạn này đi,địt mẹ chúng mày bị bệnh à kiện chết con mẹ mấy thằng ấu dâm bệnh hoạn này đi
Disgust,con trai giờ mất giá v luôn hã mấy chế :))),con trai giờ mất giá vậy luôn hã mấy chế
Enjoyment,per kỷ niệm nè !!!,per kỷ niệm nè
Other,per nếu bạn chưa có việc làm :v,per nếu bạn chưa có việc làm v
Enjoyment,có 1 đứa hợp tác vậy là cũg quý hoá quá rồi,có 1 đứa hợp tác vậy là cũg quý hoá quá rồi
Disgust,dume nhát ma vậy ai coi,dume nhát ma vậy ai coi
Other,chiến lược kinh doanh của người nhật thật đang suy nghĩ,chiến lược kinh doanh của người nhật thật đang suy nghĩ
Other,quả váy màu hường nam tính .,quả váy màu hường nam tính
Anger,"ngồi xa ra đụ mẹ mày :""))",ngồi xa ra đụ mẹ mày
Enjoyment,😐😐 phê hơn lá chuối,😐😐 phê hơn lá chuối
Anger,per phá gia chi tử chính nó ????,per phá gia chi tử chính nó
Enjoyment,tuổi trẻ tài cao là đây,tuổi trẻ tài cao là đây
Enjoyment,nhìn móng tay bác này mà tao thèm lòng chó quá per,nhìn móng tay bác này mà tao thèm lòng chó quá per
Fear,thật là đáng sợ,thật là đáng sợ
Sadness,"hiện tại mình cũng muốn kết hôn lắm . ngặt nỗi hai gia đình ngăn cản giữ dội , phản đối kịch liệt chuyện hai bọn mình đến với nhau :( nhất là chồng cô ý",hiện tại mình cũng muốn kết hôn lắm ngặt nỗi hai gia đình ngăn cản giữ dội phản đối kịch liệt chuyện hai bọn mình đến với nhau nhất là chồng cô ý
Sadness,đó là khi anh per cưới vợ đó 🤣,đó là khi anh per cưới vợ đó 🤣
Enjoyment,vui tính quá ?? vừa kết bạn xong ??,vui tính quá vừa kết bạn xong
Disgust,😑 con trai chỉ thích gái lùn thôi . tao biết mà . nhưng cô gái cao như tao đi cạnh sẽ giống 2 thằng đàn ông lắm,😑 con trai chỉ thích gái lùn thôi tao bt mà nhưng cô gái cao như tao đi cạnh sẽ giống 2 thằng đàn ông lắm
Disgust,"cấm dừng đỗ thì bạn gọi công an phường , post lên đây làm gì",cấm dừng đỗ thì bạn gọi công an phường post lên đây làm gì
Other,coi như giải thích rồi nhé,coi như giải thích rồi nhé
Disgust,ngôi nhà bên dòng sông rõ đẹp . tiếc là sông toàn rác,ngôi nhà bên dòng sông rõ đẹp tiếc là sông toàn rác
Enjoyment,"nói chứ uống đi , 1 ly thì giảm ăn một bữa sẽ không khiến mày phì đâu .",nói chứ uống đi 1 ly thì giảm ăn một bữa sẽ không khiến mày phì đâu
Fear,đứt quả chuối trong mồm . đéo dám nghĩ kết quả lun,đứt quả chuối trong mồm đéo dám nghĩ kết quả lun
Sadness,mới đi nhổ răng số 8 và chụp 😞,mới đi nhổ răng số 8 và chụp 😞
Anger,nghe ức chế vãi lồn nhỉ . dume mẹ bọn con trai,nghe ức chế vãi lồn nhỉ dume mẹ bọn con trai
Disgust,sự thất bại của giáo dục,sự thất bại của giáo dục
Enjoyment,cưng thế =)),cưng thế
Disgust,bóng đá thể thao mà làm mấy cái thể loại băng ron khích tướng vãi .,bóng đá thể thao mà làm mấy cái thể loại băng ron khích tướng vãi
Enjoyment,ui nghe ấm thế,ui nghe ấm thế
Other,hồi sinh viên mình dùng cái này đó,hồi sinh viên mình dùng cái này đó
Sadness,sao mình gặp toàn thằng mất dạy hay bắt nạt mình nhỉ ? tuổi thơ bất hạnh :),sao mình gặp toàn thằng mất dạy hay bắt nạt mình nhỉ tuổi thơ bất hạnh
Disgust,có gì mà vinh quang một bàn tay bị tật,có gì mà vinh quang một bàn tay bị tật
Disgust,"thiệt tình chỉ thấy gớm thôi , chớ chẳng hay ho gì .",thiệt tình chỉ thấy gớm thôi chớ chẳng hay ho gì
Surprise,nicholas liang nhà xài cái này phải không ?,nicholas liang nhà xài cái này phải không
Enjoyment,câu chyện cổ tích thật ý nghĩa 😂😂,câu chyện cổ tích thật ý nghĩa 😂😂
Enjoyment,per năm nay 2 đứa quyết định ngồi hay đứng kkk,per năm nay 2 đứa quyết định ngồi hay đứng không
Disgust,chúng mày nhục thế đéo dám công khai ảnh của chúng mày đi,chúng mày nhục thế đéo dám công khai ảnh của chúng mày đi
Sadness,tội thằng per vãi,tội thằng per vãi
Sadness,huhu lần trước đi chụp răng . thằng kĩ thuật viện cho bạn vào cái máy to đùng xong nó bảo ngồi im . nó bật máy xong chạy ra ngoài đóng cửa với tốc độ ánh sáng .,huhu lần trước đi chụp răng thằng kĩ thuật viện cho bạn vào cái máy to đùng xong nó bảo ngồi im nó bật máy xong chạy ra ngoài đóng cửa với tốc độ ánh sáng
Other,mai đi bán miếng năng lượng thôi 😂,mai đi bán miếng năng lượng thôi 😂
Enjoyment,cái khó ló cái khôn :))),cái khó ló cái khôn
Other,per nó tấn công tao với mày đó,per nó tấn công tao với mày đó
Other,hồi nhỏ tao đi bệnh viện chỉnh hình về kể mọi người là có ông kia ho gãy xương sườn đéo ai tin cả ??,hồi nhỏ tao đi bệnh viện chỉnh hình về kể mọi người là có ông kia ho gãy xương sườn đéo ai tin cả
Anger,vợ với con chả được tích sự gì ! toàn làm hết hồn ??,vợ với con chả được tích sự gì toàn làm hết hồn
Surprise,quả váy hồng truất vãi_chưởng,quả váy hồng truất vãi chưởng
Sadness,"đù . tròn ung ủng , chân tay ngẵn cũn như tao nhảy sao",đù tròn ung ủng chân tay ngẵn cũn như tao nhảy sao
Sadness,k nuôi thì cho người muốn nuôi đi chứ để em nó bọ ve tùm lum sót quá ????,không nuôi thì cho người muốn nuôi đi chứ để em nó bọ ve tùm lum sót quá
Surprise,vẫn xinh phết nhỉ ??,vẫn xinh phết nhỉ
Sadness,và ông đã có nỗi buồn mới thay vì buồn thất tình,và ông đã có nỗi buồn mới thay vì buồn thất tình
Enjoyment,per kết truyện chất ghê :)))))),per kết truyện chất ghê
Disgust,"rớt mũ trước , sau là rớt đầu . con với cái mắc dại thiệc 😂",rớt mũ trước sau là rớt đầu con với cái mắc dại thiệc 😂
Fear,"hôm bữa đi ngang qua , thấy hết con mẹ nó hồn",hôm bữa đi ngang qua thấy hết con mẹ nó hồn
Other,vl thánh nào ghép nhạc lầy vãi,vãi lồn thánh nào ghép nhạc lầy vãi
Other,per tao với mày làm chung thì sao nhể 🤗🤗🤗,per tao với mày làm chung thì sao nhể 🤗
Enjoyment,hay lắm . thằng anh giúp 2e thêm yêu lao động,hay lắm thằng anh giúp 2e thêm yêu lao động
Other,bao giờ lại chiếu ạ,bao giờ lại chiếu ạ
Other,anh ơi đây này per,anh ơi đây này per
Other,cho nó ăn rau má đi,cho nó ăn rau má đi
Sadness,mong manh dể vở 😂😂,mong manh dể vở 😂😂
Other,về vườn rồi sớm quá,về vườn rồi sớm quá
Enjoyment,thanh niên co ́ em hoan hy ̉ qua ́ :))),thanh niên co ́ em hoan hy ̉ qua ́
Enjoyment,có ai thừa biết nó sẽ nhảy vào điện thoại nhưng cuối cùng là vẫn giật mình không 🤣,có ai thừa bt nó sẽ nhảy vào điện thoại nhưng cuối cùng là vẫn giật mình không 🤣
Anger,ranh con mà láo toét . xem đến đoạn này mà phát bực,ranh con mà láo toét xem đến đoạn này mà phát bực
Disgust,nó đang lợi dụng mày,nó đang lợi dụng mày
Disgust,k bă ̀ người 1 con cho ́ anh =))))),không bă ̀ người 1 con cho ́ anh
Enjoyment,lũ kiến ở nhà mày thích vậy .,lũ kiến ở nhà mày thích vậy
Other,per tập gym xong để đi nhảy thế này à 😂😂😂,per tập gym xong để đi nhảy thế này à 😂
Enjoyment,per năm sau nhớ lấy gối ra quỳ luôn ha 🤣🤣🤣,per năm sau nhớ lấy gối ra quỳ luôn ha 🤣
Other,vn nó là vậy,vn nó là vậy
Enjoyment,đây là video hay và ý nghĩa 😊,đây là video hay và ý nghĩa 😊
Anger,đcm hả hê cái lol gì chuyện này cơ chứ,địt cụ mày hả hê cái lol gì chuyện này cơ chứ
Disgust,hài bựa nó vẫn hay hơn bọn cố tỏ ra chảnh trong khi như lol :)),hài bựa nó vẫn hay hơn bọn cố tỏ ra chảnh trong khi như lol
Disgust,không có đạo đức nghề nghiệp rồi :))),không có đạo đức nghề nghiệp rồi
Enjoyment,"ngày ngày đều nhìn qua cửa sổ chờ nó đi học ngang qua , nhìn sau lưng thôi cũng đủ vui rồi hhhhhhhhhhhhhhhhhhhhhhh",ngày ngày đều nhìn qua cửa sổ chờ nó đi học ngang qua nhìn sau lưng thôi cũng đủ vui rồi h
Sadness,nhìn vừa tội vừa thương ????,nhìn vừa tội vừa thương
Enjoyment,con bé xinh thế,con bé xinh thế
Other,cho tao hỏi tình hình bà mẹ thế nào rồi 😂🤣,cho tao hỏi tình hình bà mẹ thế nào rồi 😂🤣
Enjoyment,chúc bạn có một ngày vui vẻ 😳,chúc bạn có một ngày vui vẻ 😳
Anger,mấy con lồn này lắm nữa 🙂,mấy con lồn này lắm nữa 🙂
Enjoyment,xong là phê lắm mày,xong là phê lắm mày
Disgust,"nhiều người nói con này giả ngu câu thích , nhưng xem lại nhiều lần thấy nó ngu thiệt chứ không phải giả bộ",nhiều người nói con này giả ngu câu thích nhưng xem lại nhiều lần thấy nó ngu thiệt chứ không phải giả bộ
Fear,tâm sự không đúng người ngoài việc họ cười vào mặt bạn,tâm sự không đúng người ngoài việc họ cười vào mặt bạn
Disgust,đậu xe kiểu vô văn hoá .,đậu xe kiểu vô văn hoá
Disgust,kể cả là câu chuyện không có thật thì nó vẫn là một lời nhắc . sân si cái đầu buồi à .,kể cả là câu chuyện không có thật thì nó vẫn là một lời nhắc sân si cái đầu buồi à
Enjoyment,boss có bộ đồ ngủ đĩ thõa ghê gớm 😅,boss có bộ đồ ngủ đĩ thõa ghê gớm 😅
Disgust,tao ghét nhất mấy mẹ ngoài bắc cứ ỉ lớn tuổi hơn là có quyền chửi người khác là láo toét trong khi mình nói chuyện như l đcm gặp tao tao rút chìa khoá xe của mụ ném ra thật xa cho đi nhặt xem lúc đó gọi con bả kiểu gì . moá lắm lúc không muốn tạo nghiệp mà gặp mấy con mẹ già mất nết này điên thật chớ,tao ghét nhất mấy mẹ ngoài bắc cứ ỉ lớn tuổi hơn là có quyền chửi người khác là láo toét trong khi mình nói chuyện như l địt cụ mày gặp tao tao rút chìa khoá xe của mụ ném ra thật xa cho đi nhặt xem lúc đó gọi con bả kiểu gì moá lắm lúc không muốn tạo nghiệp mà gặp mấy con mẹ già mất nết này điên thật chớ
Enjoyment,tự hào ngồi mâm dưới,tự hào ngồi mâm dưới
Enjoyment,ôi vãi mình lên fan cứng rồi cơ 🤗,ôi vãi mình lên fan cứng rồi cơ 🤗
Enjoyment,dù ra sao vẫn giữ nụ cười và sự tự tin,dù ra sao vẫn giữ nụ cười và sự tự tin
Anger,quảng cáo đéo gì tao thấy đáng sợ vãi .,quảng cáo đéo gì tao thấy đáng sợ vãi
Disgust,lêu lêu đồ con nuôi,lêu lêu đồ con nuôi
Enjoyment,này gọi là theo kịp thời đại :)))),này gọi là theo kịp thời đại
Sadness,ụa cho fa đọc chi rựa huhu,ụa cho độc thân đọc chi rựa huhu
Other,êu ơi mỏng manh thế ??,êu ơi mỏng manh thế
Enjoyment,rất hợp lí,rất hợp lí
Surprise,bộ phim hấp dẫn quá,bộ phim hấp dẫn quá
Surprise,dume s giống suy nghĩ tao thế nhỉ :))) hihi,dume s giống suy nghĩ tao thế nhỉ hihi
Sadness,còn tệ hơn năm ngoái,còn tệ hơn năm ngoái
Enjoyment,nụ cười của crush kích thích vãi :)))))),nụ cười của người mình thích kích thích vãi
Enjoyment,cười vãi :)),cười vãi
Enjoyment,ôi đáng yêu quá . đến bao giờ người đàn ông như thế nào mới xuất hiện trong cuộc đời tôi đây,ôi đáng yêu quá đến bao giờ người đàn ông như thế nào mới xuất hiện trong cuộc đời tôi đây
Other,đâu nhất thiết mỗi cầu đường hả bạn ?,đâu nhất thiết mỗi cầu đường hả bạn
Anger,dẹp . đéo lưu luyến .,dẹp đéo lưu luyến
Surprise,"và bức tường , khung lan can , cây cối y nguyên sau ngần ấy năm ư ? 😜",và bức tường khung lan can cây cối y nguyên sau ngần ấy năm ư 😜
Anger,"địt mẹ , mình làm khách sạn , lúc vào check phòng kinh vãi lôz . ai họ có ý thức thì không nói , chứ đôi nào mà ...... thì thôi hôm đấy cô dọn phòng xác con mẹ nó định",địt mẹ mình làm khách sạn lúc vào check phòng kinh vãi lôz ai họ có ý thức thì không nói chứ đôi nào mà thì thôi hôm đấy cô dọn phòng xác con mẹ nó định
Disgust,đỗ góc cua như này thì khuất tầm nhìn quá . chs bênh,đỗ góc cua như này thì khuất tầm nhìn quá chs bênh
Enjoyment,"hồi lúc tao ăn lạp xưởng mắc xương , nói mà cũng đéo ai tin . tao hiểu cảm giác của mày lắm ?",hồi lúc tao ăn lạp xưởng mắc xương nói mà cũng đéo ai tin tao hiểu cảm giác của mày lắm
Enjoyment,tao bướng nhưng mặt đéo đến nỗi như con bé kia 🤣,tao bướng nhưng mặt đéo đến nỗi như con bé kia 🤣
Enjoyment,"quỷ cái chứ ma đâu mà ma , haha",quỷ cái chứ ma đâu mà ma haha
Enjoyment,là khi gặp nhau mọi suy nghĩ buồn bực trước đó nhường chỗ cho cậu :)),là khi gặp nhau mọi suy nghĩ buồn bực trước đó nhường chỗ cho cậu
Anger,"tao đã từng bị , gào thét không 1 ai quan tâm . 1 lũ hơn chục thằng con trai đến bây giờ nhìn mặt lại từng thằng tao vẫn căm . hôm đó tao xuýt chết đuối đmm lũ lol nghiệt súc ấy vẫn chưa bị quả báo",tao đã từng bị gào thét không 1 ai quan tâm 1 lũ hơn chục thằng con trai đến bây giờ nhìn mặt lại từng thằng tao vẫn căm hôm đó tao xuýt chết đuối địt mẹ mày lũ lol nghiệt súc ấy vẫn chưa bị quả báo
Other,"giận lại làm gì , cứ để cho anh yêu thời gian thoải mái . khi nào thấy ổn sẽ tự động xuất hiện còn không xuất hiện nữa thì tự hiểu = ))",giận lại làm gì cứ để cho anh yêu thời gian thoải mái khi nào thấy ổn sẽ tự động xuất hiện còn không xuất hiện nữa thì tự hiểu
Enjoyment,"đến giờ , em vẫn đang đợi anh , người sẽ đúng và thời điểm sẽ đúng",đến giờ em vẫn đang đợi anh người sẽ đúng và thời điểm sẽ đúng
Sadness,bài mà từng nghe khi tổn thương lần đầu,bài mà từng nghe khi tổn thương lần đầu
Sadness,per huhu mất đi đồng nghiệp 😭,per huhu mất đi đồng nghiệp 😭
Enjoyment,độc nhất vô nhị . kkkk,độc nhất vô nhị không
Disgust,ác vãi,ác vãi
Disgust,"nếu không có câu "" per cổ tích per , tao sẽ vả thằng add vỡ mồm ....",nếu không có câu per cổ tích per tao sẽ vả thằng add vỡ mồm
Other,ra đường không cầm theo đá phong thủy rồi,ra đường không cầm theo đá phong thủy rồi
Other,cũng muốn có những hành động đáng yêu nv,cũng muốn có những hành động đáng yêu nv
Enjoyment,per nói bao nhiêu lần cũng không thấy đủ ... em yêu anh,per nói bao nhiêu lần cũng không thấy đủ em yêu anh
Disgust,không ai cho không ai cái gì . đừng nghĩ rằng cho đi sẽ nhận lại được điều tốt đẹp,không ai cho không ai cái gì đừng nghĩ rằng cho đi sẽ nhận lại được điều tốt đẹp
Enjoyment,chuẩn rồi bác . :)))),chuẩn rồi bác
Disgust,bẩn quá,bẩn quá
Enjoyment,rất vui mừng khi ông ấy rời việt nam an toàn tuyệt đối ....,rất vui mừng khi ông ấy rời việt nam an toàn tuyệt đối
Disgust,"lại 1 đứa nghĩ trump chỉ làm trò , haizz",lại 1 đứa nghĩ trump chỉ làm trò haizz
Enjoyment,tưởng tao sợ ư từ cái lần mày dọa rắn tao và tao rơi điện thoại cuối cùng vỡ màn hình là tao đéo sợ nữa nhớ,tưởng tao sợ ư từ cái lần mày dọa rắn tao và tao rơi điện thoại cuối cùng vỡ màn hình là tao đéo sợ nữa nhớ
Disgust,nhìn quả pin ngứa mắt vãi,nhìn quả pin ngứa mắt vãi
Other,chắc đây là chuyện không có thật thôi . mình đọc qua cũng biết chắc chắn không thể là chữ trẻ con được,chắc đây là chuyện không có thật thôi mình đọc qua cũng bt chắc chắn không thể là chữ trẻ con được
Sadness,tao cũng đang là con ghẻ của tạo hoá,tao cũng đang là con ghẻ của tạo hoá
Anger,không cho giáo viên cái quyền gì thì lấy gì mà dạy nhất là thời buổi lố lăng như bây giờ ... nó quỳ lúc nhỏ khi nó sai còn sửa được đợi lớn lên thì bố mẹ quỳ nhìn nó vào nhà đá,không cho giáo viên cái quyền gì thì lấy gì mà dạy nhất là thời buổi lố lăng như bây giờ nó quỳ lúc nhỏ khi nó sai còn sửa được đợi lớn lên thì bố mẹ quỳ nhìn nó vào nhà đá
Other,tuy truong hop thôi cha me tao ra ma không thuong doi su te thi lam sao con no thuong lai thôi xua khac gio khac cu so sanh voi thôi co dai chan,tuy truong hop thôi cha me tao ra ma không thuong doi su te thi lam sao con no thuong lai thôi xua khac gio khac cu so sanh voi thôi co dai chan
Other,"mình từng chứng kiến trong lúc khám bệnh , con nói chuyện mẹ mà như bà nói chuyện với cháu .",mình từng chứng kiến trong lúc khám bệnh con nói chuyện mẹ mà như bà nói chuyện với cháu
Enjoyment,cách anh ấy chạy thật là đàng ông quá đi mà 😂😂,cách anh ấy chạy thật là đàng ông quá đi mà 😂😂
Enjoyment,nhìn quả mặt nó làm tao thoả mãn vãi,nhìn quả mặt nó làm tao thoả mãn vãi
Enjoyment,cười đau ruột 🤣🤣🤣,cười đau ruột 🤣
Enjoyment,sắp có thực đơn món mới 😍,sắp có thực đơn món mới 😍
Enjoyment,ráng ăn cho nhìu vô ỉa cục cức dài hơn móng tay ổng luôn kk,ráng ăn cho nhìu vô ỉa cục cức dài hơn móng tay ổng luôn kk
Enjoyment,hihi : chúc mừng đại kỷ nguyên có lắm người yêu,hihi chúc mừng đại kỷ nguyên có lắm người yêu
Other,mình nghĩ không nên công khai đâu dù gì họ đã biết sai giờ công khai ra chẳng khác nào khiến tâm lý của họ suy sụp hơn,mình nghĩ không nên công khai đâu dù gì họ đã bt sai giờ công khai ra chẳng khác nào khiến tâm lý của họ suy sụp hơn
Disgust,ác nhất là thằng quay phim . bảo đảm nó biết trước mà cố tình không nói cho tài xế biết để bỏ cái tật ngu .,ác nhất là thằng quay phim bảo đảm nó bt trước mà cố tình không nói cho tài xế bt để bỏ cái tật ngu
Enjoyment,"bỏ ghê người ta ngồi ngại đều phải mua nước thoii , ý tưởng hay :)))",bỏ ghê người ta ngồi ngại đều phải mua nước thoii ý tưởng hay
Enjoyment,đúng . t vẫn lun chờ đợi đứa đó dọn dô cuộc đời t sống .,đúng tao vẫn lun chờ đợi đứa đó dọn dô cuộc đời tao sống
Fear,hồi xưa tao bị tiêu chảy kèm ho đã sợ vãi . giờ ho không thôi cũng sợ nhỉ . ??,hồi xưa tao bị tiêu chảy kèm ho đã sợ vãi giờ ho không thôi cũng sợ nhỉ
Disgust,"mặt mất dạy nhỉ , câng câng luôn",mặt mất dạy nhỉ câng câng luôn
Disgust,phải rọ mõm chủ mới đúng,phải rọ mõm chủ mới đúng
Enjoyment,"thích cái câu , có mỗi thằng con rể đểu mà cứ xoắn cả lên 😂😂😂",thích cái câu có mỗi thằng con rể đểu mà cứ xoắn cả lên 😂
Enjoyment,cái gì vui vậy mọi người :)),cái gì vui vậy mọi người
Disgust,đơn giản vì nó đéo còn yêu mày nữa rồi ==,đơn giản vì nó đéo còn yêu mày nữa rồi
Enjoyment,nó tăng động y như tao dị đó :)),nó tăng động y như tao dị đó
Surprise,per 🤣🤣 còn có quán như này luôn ah,per 🤣🤣 còn có quán như này luôn ah
Other,per đừng luyện ngôn tình nữa .. chờ cái này xem đi 😂,per đừng luyện ngôn tình nữa chờ cái này xem đi 😂
Enjoyment,tôi làm trades . lương tôi không có .. chỉ có thu nhập thôi có tính là cao nhất việt nam không ??? tháng tôi kiếm từ 3000 - 5000,tôi làm trades lương tôi không có chỉ có thu nhập thôi có tính là cao nhất việt nam không tháng tôi kiếm từ 30 50
Surprise,mới hôm qua cạo lông mà hôm nay lại dài thế cơ à,mới hôm qua cạo lông mà hôm nay lại dài thế cơ à
Anger,mày không sai thì chẳng lẽ tao lại sai à ?,mày không sai thì chẳng lẽ tao lại sai à
Sadness,chúng ta nói với nhau nhiều quá nên bao giờ không còn gì để nói với nhau 🙂,chúng ta nói với nhau nhiều quá nên bao giờ không còn gì để nói với nhau 🙂
Disgust,tao thấy mấy thằng đi sh 10 thằng thì 9 thằng không mũ ngông nghênh . ngồi trên xe thì dume mặt cứ nhìn lên trời =)) đéo hiểu chúng nó sĩ oai cái lol gì luôn .,tao thấy mấy thằng đi sh 10 thằng thì 9 thằng không mũ ngông nghênh ngồi trên xe thì dume mặt cứ nhìn lên trời đéo hiểu chúng nó sĩ oai cái lol gì luôn
Sadness,"thương các con quá , lũ khốn nạn vì lợi trước mắt ma tội cho bọn trẻ , bọn này cho chết het",thương các con quá lũ khốn nạn vì lợi trước mắt ma tội cho bọn trẻ bọn này cho chết het
Enjoyment,tôi đã giữ lại mấy cái giấy note đã ghi chú khi nào kiểm tra =))))),tôi đã giữ lại mấy cái giấy note đã ghi chú khi nào kiểm tra
Enjoyment,nhớ thời ở ký túc xá quá đi per,nhớ thời ở ký túc xá quá đi per
Disgust,có rất rất nhìu thanh niên ở đây bị đứt dây thần kinh hài hước,có rất rất nhìu thanh niên ở đây bị đứt dây thần kinh hài hước
Fear,dcm . ngày bé tao sợ nhện vãi . xem phim thấy yêu tinh nhện,địt cụ mày ngày bé tao sợ nhện vãi xem phim thấy yêu tinh nhện
Enjoyment,tao còn phải đợi 3 tháng nữa là đủ 1 gia đình nhỏ rồi,tao còn phải đợi 3 tháng nữa là đủ 1 gia đình nhỏ rồi
Anger,per suốt ngày bắt người ta đi tập gym nè >.<,per suốt ngày bắt người ta đi tập gym nè
Surprise,con này là con lợn à,con này là con lợn à
Enjoyment,tỏ tình đại ai dè dính lun :))),tỏ tình đại ai dè dính lun
Enjoyment,nhớ nhé đồng nghiệp haha,nhớ nhé đồng nghiệp haha
Fear,nguy hiểm,nguy hiểm
Disgust,sao mọi người gắt gỏng thế nhỉ ? hai anh chị đấy làm cho vui thôi mà lắm người tỏ ra nghiêm túc thế không biết :<,sao mọi người gắt gỏng thế nhỉ hai anh chị đấy làm cho vui thôi mà lắm người tỏ ra nghiêm túc thế không bt
Sadness,nghe bài này nhớ nyc vãi,nghe bài này nhớ nyc vãi
Enjoyment,một người đàn ông bản lĩnh thực sự 👍,một người đàn ông bản lĩnh thực sự 👍
Sadness,mặt tao như này ai mê cho nổiiiii,mặt tao như này ai mê cho nổi
Disgust,ngựa ngựa ghi tay trái đồ :)),ngựa ngựa ghi tay trái đồ
Enjoyment,có ai đéo hiểu gì như mình không mình trong sáng vãi heee,có ai đéo hiểu gì như mình không mình trong sáng vãi he
Enjoyment,mình cũng một thời gắn bó với nó,mình cũng một thời gắn bó với nó
Enjoyment,còn tao là thoát khỏi 3 năm nói riền và 12 năm nói chung thảm họa của cđ hahaha 😆😆😆😆,còn tao là thoát khỏi 3 năm nói riền và 12 năm nói chung thảm họa của cđ hahaha 😆
Other,cái gì nó cũng có hạn sử dụng cả 🙂,cái gì nó cũng có hạn sử dụng cả 🙂
Enjoyment,"mẹ kể hồi nhỏ nuôi con ngỗng thay chó canh nhà . ăn trộm mà vào thì chạy đằng trời với nó , cả bầy lao ra quạt với táp , khi gia đình vác gậy chạy ra thì thằng ăn trộm nó ôm cây trên tít cành cao , áo quần tóc tai lủng máu me tè le . gia đình phải cứu ăn trộm má mấy mẻ còn không tha , 2 3 con vẫn dí nhảy hàng rào dí theo ăn trộm . phải nói dí bao dai mà cục súc vê lờ .",mẹ kể hồi nhỏ nuôi con ngỗng thay chó canh nhà ăn trộm mà vào thì chạy đằng trời với nó cả bầy lao ra quạt với táp khi gia đình vác gậy chạy ra thì thằng ăn trộm nó ôm cây trên tít cành cao áo quần tóc tai lủng máu me tè le gia đình phải cứu ăn trộm má mấy mẻ còn không tha 2 3 con vẫn dí nhảy hàng rào dí theo ăn trộm phải nói dí bao dai mà cục súc vê lờ
Disgust,đồ con ngỗng ngu ngốc 😂,đồ con ngỗng ngu ngốc 😂
Disgust,thấy xấu hổ thay cho thớt . không hiểu gì về ô tô hay không được trải nghiệm nhiều thì nên lom dom nghe ngóng,thấy xấu hổ thay cho thớt không hiểu gì về ô tô hay không được trải nghiệm nhiều thì nên lom dom nghe ngóng
Anger,thứ mất dạy,thứ mất dạy
Enjoyment,nhắn mà ấm lòng nhờ :))) ra gặp anh shipper đẹp trai nữa thì chủ thớt rụng hết buồng trứng :))),nhắn mà ấm lòng nhờ ra gặp anh shipper đẹp trai nữa thì chủ thớt rụng hết buồng trứng
Other,per chúc bạn may mắn,per chúc bạn may mắn
Enjoyment,bây chửi kệ bây ! riêng tao thik phá trong trường hợp này 😂,bây chửi kệ bây riêng tao thích phá trong trường hợp này 😂
Disgust,à ừ đúng rồi tin người quá đến lúc nó đâm cho cũng không biết,à ừ đúng rồi tin người quá đến lúc nó đâm cho cũng không bt
Surprise,quãng cáo cũng được đăng à,quãng cáo cũng được đăng à
Other,mình hỏi rồi mà họ nữa muốn bán nữa không bạn để hôm sau lên hỏi lại lần nữa,mình hỏi rồi mà họ nữa muốn bán nữa không bạn để hôm sau lên hỏi lại lần nữa
Sadness,"nhớ trung thu năm ngoái , đứng nhìn các cặp tình nhân ôm hôn , nắm tay nhau ... chạnh lòng lắm !😞",nhớ trung thu năm ngoái đứng nhìn các cặp tình nhân ôm hôn nắm tay nhau chạnh lòng lắm 😞
Disgust,cái này ma cái kết gì đâu thằng nhìn thì không bị thằng không nhìn thì bị vãi,cái này ma cái kết gì đâu thằng nhìn thì không bị thằng không nhìn thì bị vãi
Surprise,ae họ mà đéo biết mặt nhau à - _ -,anh em họ mà đéo bt mặt nhau à
Other,có lẽ vậy,có lẽ vậy
Fear,bố mẹ tao đọc được tin này + xem cặp lá yêu thương nữa thì bữa trưa nay tao không dám ăn cơm mất .,bố mẹ tao đọc được tin này xem cặp lá yêu thương nữa thì bữa trưa nay tao không dám ăn cơm mất
Disgust,thực trạng học tiếng anh từ 6 đến 12 mà không biet giao tiep,thực trạng học tiếng anh từ 6 đến 12 mà không biet giao tiep
Other,per quán bán mì quảng cũng có mùi đó mày :)))),per quán bán mì quảng cũng có mùi đó mày
Sadness,đau bụng vãi hix,đau bụng vãi hix
Fear,"mới đầu mày sẽ thấy vui , từ từ nó quậy cho mày ????",mới đầu mày sẽ thấy vui từ từ nó quậy cho mày
Sadness,ngày đi học . có lúc đang ăn cơm . bố hỏi . per năm nay học lớp mấy rồi con ☺ t không hiểu bố tao hỏi cái gì 😭,ngày đi học có lúc đang ăn cơm bố hỏi per năm nay học lớp mấy rồi con ☺ tao không hiểu bố tao hỏi cái gì 😭
Disgust,thằng điên,thằng điên
Sadness,"1 câu mà người ta hay nói , đắng như vị đời 😌",1 câu mà người ta hay nói đắng như vị đời 😌
Sadness,các bạn nữ đập đầu vào tường chết hết rồi,các bạn nữ đập đầu vào tường chết hết rồi
Disgust,óc chó còn cố tiếc kéo ôtô lại mới hài chứ . sao nó không ngồi trong xe cho chết mẹ nó đi,óc chó còn cố tiếc kéo ôtô lại mới hài chứ sao nó không ngồi trong xe cho chết mẹ nó đi
Enjoyment,per hàng hiếm nhà mình,per hàng hiếm nhà mình
Other,sao mình không thấy mình vậy ta ??,sao mình không thấy mình vậy ta
Disgust,ăn chọp chẹp cái dume chú à . ghét nhất kiểu ăn vô duyên mất lịch sự này . ăn cà chọp cà chẹp miệng đéo kín được ấy . nghe ứa tai vãi,ăn chọp chẹp cái dume chú à ghét nhất kiểu ăn vô duyên mất lịch sự này ăn cà chọp cà chẹp miệng đéo kín được ấy nghe ứa tai vãi
Disgust,ngỗng chuyên gia mổ háng người ta . đứng không làm gì nó cũng sáp tới tấp . chạy muốn tuột quần .,ngỗng chuyên gia mổ háng người ta đứng không làm gì nó cũng sáp tới tấp chạy muốn tuột quần
Enjoyment,thấy cưng gì đâu,thấy cưng gì đâu
Other,tao chỉ tag thế thôi mày hiểu thế nào thì hiểu per,tao chỉ tag thế thôi mày hiểu thế nào thì hiểu per
Enjoyment,"quần áo với xe thế kia là biết gia đình điều kiện tnao rồi 😂 anw , mong ông bà luôn khỏe mạnh , vui vẻ < 3",quần áo với xe thế kia là bt gia đình điều kiện tnao rồi 😂 anw mong ông bà luôn khỏe mạnh vui vẻ 3
Surprise,rất giỏi,rất giỏi
Anger,mấy con này phải có ngày mấy thằng xe lớn nó tông vào cho lát bét đi . đi ra đường chùm kín người đến nỗi không bật xi nhan xe mà cứ qua tao bị mấy lần vì mấy con này,mấy con này phải có ngày mấy thằng xe lớn nó tông vào cho lát bét đi đi ra đường chùm kín người đến nỗi không bật xi nhan xe mà cứ qua tao bị mấy lần vì mấy con này
Sadness,độc mà lần nào đi viện cũng bắt chụp 😭😭,độc mà lần nào đi viện cũng bắt chụp 😭😭
Other,"con gái mình chỉ vì đến bữa không chịu xuống ăn cơm , cứ du rú trong phòng nên bị bố quát xuống ăn cơm thôi , thế mà nó còn lầm lì vì bị mắng oan đấy",con gái mình chỉ vì đến bữa không chịu xuống ăn cơm cứ du rú trong phòng nên bị bố quát xuống ăn cơm thôi thế mà nó còn lầm lì vì bị mắng oan đấy
Anger,tao mợt bây quá 😂😂😂,tao mợt bây quá 😂
Enjoyment,"giọng nói , ngữ khí đi vào lòng người vãi . mắt chị gái đẹp thế 😻",giọng nói ngữ khí đi vào lòng người vãi mắt chị gái đẹp thế 😻
Enjoyment,1 lần thôi cũng đủ xao xuyến anh rồi,1 lần thôi cũng đủ xao xuyến anh rồi
Fear,"ôiii vãi , dume nhìn thôi tao đã sợ rồi . từ nhện nhỏ đến nhện to không con nào là tao không sợ :((",ôi vãi dume nhìn thôi tao đã sợ rồi từ nhện nhỏ đến nhện to không con nào là tao không sợ
Surprise,giống găng tay của thanos vậy,giống găng tay của thanos vậy
Disgust,78 thằng đéo có ý thức,78 thằng đéo có ý thức
Sadness,đã từng nên tao hiểu cảm giác ấy . vừa tiếc ly trà sữa vừa phải lết xác đi giặt cái balo,đã từng nên tao hiểu cảm giác ấy vừa tiếc ly trà sữa vừa phải lết xác đi giặt cái balo
Sadness,"phim hay , nhưng mà lần đầu xem là cùng nyc nên .. 😐",phim hay nhưng mà lần đầu xem là cùng nyc nên 😐
Sadness,"nhiều kỷ niệm đẹp , giờ nhìn mấy đứa nhóc đi học mà muốn quay về quá khứ .",nhiều kỷ niệm đẹp giờ nhìn mấy đứa nhóc đi học mà muốn quay về quá khứ
Sadness,đang buồn cần 1 người nhắn tin tâm sự hằng đêm,đang buồn cần 1 người nhắn tin tâm sự hằng đêm
Enjoyment,cười vào mặt mấy đứa không có người yêu :))),cười vào mặt mấy đứa không có người yêu
Disgust,"k dịch nốt đi , dịch nửa vời thế , dume",không dịch nốt đi dịch nửa vời thế dume
Enjoyment,ối dồi ôi ! như con lợn hồng vậy ! haha,ối dồi ôi như con lợn hồng vậy haha
Enjoyment,cháu tao thì có vẻ như có phần chững chạc hơn =))),cháu tao thì có vẻ như có phần chững chạc hơn
Fear,"hôm trước tao đi chơi về đường vắng nên chạy nhanh , vừa qua cua anh cảnh sát chạy ra chặn làm tao sợ chetme vì giấy tờ không có bằng lái thì chưa thi lại còn thiếu abcxyz",hôm trước tao đi chơi về đường vắng nên chạy nhanh vừa qua cua anh cảnh sát chạy ra chặn làm tao sợ chetme vì giấy tờ không có bằng lái thì chưa thi lại còn thiếu abcxyz
Surprise,vẻ đẹp phi giới tính luôn,vẻ đẹp phi giới tính luôn
Anger,dm đạp xe đã mệt lòi cứt ra xong còn hỏi hỏi cái beep,địt mẹ đạp xe đã mệt lòi cứt ra xong còn hỏi hỏi cái beep
Other,tình yêu thật nghiêm túc . thì nên bắt đầu . không phí thanh xuân một người con gái lắm !!,tình yêu thật nghiêm túc thì nên bắt đầu không phí thanh xuân một người con gái lắm
Sadness,tiền nhiều để làm gì khi tình không còn,tiền nhiều để làm gì khi tình không còn
Fear,t chỉ sợ cảnh đấu kiếm :((,tao chỉ sợ cảnh đấu kiếm
Enjoyment,:v buồn cười ghê .,v buồn cười ghê
Enjoyment,phim ấn độ duy nhất tao xem mà không cảm thấy vật lý logic quá khó hiểu dù thật ra trong phim này nhiều kiến thức hại não thật ; )),phim ấn độ duy nhất tao xem mà không cảm thấy vật lý logic quá khó hiểu dù thật ra trong phim này nhiều kiến thức hại não thật
Other,tao cũng sắp bị đuổi ra khỏi nhà roi,tao cũng sắp bị đuổi ra khỏi nhà roi
Enjoyment,per mùa này mà làm cú mền này giữa trưa 40 độ hết sảy =]],per mùa này mà làm cú mền này giữa trưa 40 độ hết sảy
Enjoyment,"lúc nhỏ nấu bằng này không , nấu hơi bị ngon , tạo cơm cháy ăn bao riềng",lúc nhỏ nấu bằng này không nấu hơi bị ngon tạo cơm cháy ăn bao riềng
Sadness,ngồi suy nghĩ 1 hồi xem trái hay phải rồi mới nói được . khổ vãi mà !,ngồi suy nghĩ 1 hồi xem trái hay phải rồi mới nói được khổ vãi mà
Enjoyment,đã check rồi lại còn đoán :)) em vui tính giống anh đấy :)),đã check rồi lại còn đoán em vui tính giống anh đấy
Anger,t cho mẹ tao xem và đã bị ăn vả . đéo hiểu vì sao,tao cho mẹ tao xem và đã bị ăn vả đéo hiểu vì sao
Disgust,chả có gì vui 😏😏😏,chả có gì vui 😏
Sadness,thương chỉ sợ em không cho anh cơ hội thôi,thương chỉ sợ em không cho anh cơ hội thôi
Other,dume . cuộc đời mày ơi . không làm gì được thì cười cho nó qua đi mày,dume cuộc đời mày ơi không làm gì được thì cười cho nó qua đi mày
Sadness,lâu lắm rồi chưa ăn được miếng cơm cháy .,lâu lắm rồi chưa ăn được miếng cơm cháy
Disgust,"đã xấu còn ngáo , lại còn tham ăn nữa ??????",đã xấu còn ngáo lại còn tham ăn nữa
Anger,nói tới thì lại dỗi bỏ được mấy đồng ra rồi bày ra như chuồng lợn í thức đéo khác gì con lợn .,nói tới thì lại dỗi bỏ được mấy đồng ra rồi bày ra như chuồng lợn í thức đéo khác gì con lợn
Other,"tao bắt con tao quỳ ở góc nhà suốt , nó mà biết nhục , biết tự trọng nó sẽ không để phải bị quỳ",tao bắt con tao quỳ ở góc nhà suốt nó mà bt nhục bt tự trọng nó sẽ không để phải bị quỳ
Disgust,tởm nhìn đã kinh,tởm nhìn đã kinh
Enjoyment,per nhớ cái này không haha,per nhớ cái này không haha
Enjoyment,per b trà ơi . năm nay là pải mạnh dạn và bất chấp nhé 🤣🤣🤣,per b trà ơi năm nay là pải mạnh dạn và bất chấp nhé 🤣
Other,thế cây này có được gọi là cây tình yêu không ??,thế cây này có được gọi là cây tình yêu không
Enjoyment,per câu chuyện ngắn gọn trọn tình 😂😂,per câu chuyện ngắn gọn trọn tình 😂😂
Enjoyment,"per nghe rv thấy cũng hay nè , liên quan đến bùa ngải các kiểu có vẻ hấp dẫn :v",per nghe rv thấy cũng hay nè liên quan đến bùa ngải các kiểu có vẻ hấp dẫn v
Enjoyment,nghe thôi đã thấy chảy hết nước miếng rồi =))),nghe thôi đã thấy chảy hết nước miếng rồi
Fear,per =)))) đáng sợ vãi,per đáng sợ vãi
Enjoyment,"đang học sử buồn ngủ , xem cái này tỉnh rụi liền =))",đang học sử buồn ngủ xem cái này tỉnh rụi liền
Enjoyment,"cái ông này mới xem thì thấy bình thường , mà càng xem lại càng đẹp trai 😂",cái ông này mới xem thì thấy bình thường mà càng xem lại càng đẹp trai 😂
Disgust,các cô không chịu mở lòng thì sao chúng tôi lấy được ????? hả các cô gái,các cô không chịu mở lòng thì sao chúng tôi lấy được hả các cô gái
Enjoyment,đồng đội tốt ... nhưnh rất tiết chúng ta không có duyên 😀 kaka,đồng đội tốt nhưnh rất tiết chúng ta không có duyên 😀 kaka
Disgust,per dume vỉa hè quá rộng . con này không đi oto bao giờ là chắc ?,per dume vỉa hè quá rộng con này không đi oto bao giờ là chắc
Enjoyment,nhìn đáng yêu vãi :))),nhìn đáng yêu vãi
Disgust,cái dân mê tín ngu si làm giàu cho tiệm vàng,cái dân mê tín ngu si làm giàu cho tiệm vàng
Enjoyment,"con gái không thích con trai đầu hói , vì cưới về dễ nhầm đầu :d",con gái không thích con trai đầu hói vì cưới về dễ nhầm đầu d
Anger,"dm tao thấy người ta không sợ vì rắn mà sợ vì thằng chả la làm hết hồn , toàn núp lén rồi la lên thằng đéo nào mà không sợ chứ",địt mẹ tao thấy người ta không sợ vì rắn mà sợ vì thằng chả la làm hết hồn toàn núp lén rồi la lên thằng đéo nào mà không sợ chứ
Enjoyment,ấm áp ghê =)),ấm áp ghê
Other,lấy vợ xong đã đầu tư được cái váy với cái vương miện rồi,lấy vợ xong đã đầu tư được cái váy với cái vương miện rồi
Enjoyment,mẹ tao cũng thix em này 😅,mẹ tao cũng thix em này 😅
Other,per nó chỉ muốn biết bạn có nhu cầu làm áo lớp hay không thôi,per nó chỉ muốn bt bạn có nhu cầu làm áo lớp hay không thôi
Other,đó là cuộc sống của mỗi người .. mình phải tôn trọng nhau thôi,đó là cuộc sống của mỗi người mình phải tôn trọng nhau thôi
Enjoyment,"chưa muốn lấy , cơ hội vẫn chia đều cho tất cả các anh : ))",chưa muốn lấy cơ hội vẫn chia đều cho tất cả các anh
Other,không biết người của họ hay sao mà bắt heo 2 ngày trúng 2 cái ipx,không bt người của họ hay sao mà bắt heo 2 ngày trúng 2 cái ipx
Sadness,ae phục vụ ngày xưa của mình đâu rồi . sao thấy thương bạn này,anh em phục vụ ngày xưa của mình đâu rồi sao thấy thương bạn này
Sadness,đôi khi có tiền cũng không đi được đâu vì đéo có ai đi cùng,đôi khi có tiền cũng không đi được đâu vì đéo có ai đi cùng
Other,con nai vàng ngơ ngác 😔,con nai vàng ngơ ngác 😔
Anger,thế mà lại có người bảo đầu tao như đầu bùi :(( dume đánh chết cha giờ :)),thế mà lại có người bảo đầu tao như đầu bùi dume đánh chết cha giờ
Other,kiểu gì mai cũng lại có vụ rất gì và này nọ cho xem,kiểu gì mai cũng lại có vụ rất gì và này nọ cho xem
Disgust,"cà phê king là của chị thảo hả uống dở hơn nước đái mèo nữa , thấy gơm",cà phê king là của chị thảo hả uống dở hơn nước đái mèo nữa thấy gơm
Sadness,bó tay luôn á,bó tay luôn á
Surprise,sao giá ảo quá vậy :)))),sao giá ảo quá vậy
Other,con trai gục đổ . con gái dụng trứng . lậy cô .... à nhầm lậy anh,con trai gục đổ con gái dụng trứng lậy cô à nhầm lậy anh
Enjoyment,dạ vâng đây là cái xồ đấy ạ kakaka,dạ vâng đây là cái xồ đấy ạ kakaka
Other,sau này đừng quên nhau nha,sau này đừng quên nhau nha
Sadness,"sau 15 năm cắp sách đi học và 2 , 5 năm không động đến sách thì bây giờ đang tự hỏi đây là gì sao mà giải được . huhu",sau 15 năm cắp sách đi học và 2 5 năm không động đến sách thì bây giờ đang tự hỏi đây là gì sao mà giải được huhu
Disgust,dân trí thấp thế thì bao giờ mới phát triển đất nước được,dân trí thấp thế thì bao giờ mới phát triển đất nước được
Disgust,cấp 1 đi học cũng gặp bọn quái đản này,cấp 1 đi học cũng gặp bọn quái đản này
Anger,moẹ s tuổi thơ của tôi toàn găp phải thằng mất dạy . toàn đánh với bắt nạt các b nữ . đm thằng per với thằng per lơn . tau vẫn nhớ,moẹ s tuổi thơ của tôi toàn găp phải thằng mất dạy toàn đánh với bắt nạt các b nữ địt mẹ thằng per với thằng per lơn tau vẫn nhớ
Enjoyment,dưới cái nóng 40 độ ngày hôm này xem video này xong thất mát lòng vãi_chưởng :)),dưới cái nóng 40 độ ngày hôm này xem video này xong thất mát lòng vãi chưởng
Enjoyment,per nói ít thôi hành động nhiều hơn . time sẽ là câu trả lời . mong là 2 đứa cùng nhau già đi như này .,per nói ít thôi hành động nhiều hơn time sẽ là câu trả lời mong là 2 đứa cùng nhau già đi như này
Other,loại này đốt có chết không nhỉ,loại này đốt có chết không nhỉ
Enjoyment,ngoài mấy cảnh nhảy múa hát hò vớ vẩn ra thì phim hay,ngoài mấy cảnh nhảy múa hát hò vớ vẩn ra thì phim hay
Enjoyment,hay lắm cậu bé,hay lắm cậu bé
Fear,per đi bộ ở trường về thì dcm nổi ám ảnh đúng giờ tao về là dcm nó ra nó dí ngày nào cũng dí chạy cái luôn,per đi bộ ở trường về thì địt cụ mày nổi ám ảnh đúng giờ tao về là địt cụ mày nó ra nó dí ngày nào cũng dí chạy cái luôn
Sadness,hôm qua tao xem xong ngất xỉu tới giờ mới tĩnh chúng mày ạ 😌😌😌,hôm qua tao xem xong ngất xỉu tới giờ mới tĩnh chúng mày ạ 😌
Sadness,sau cùng cả 2 đều bị ảnh hưởng trầm trọng :((,sau cùng cả 2 đều bị ảnh hưởng trầm trọng
Disgust,cái thứ gì đâu không 😈,cái thứ gì đâu không 😈
Enjoyment,đáng yêu =)),đáng yêu
Fear,ánh mắt thằng con muốn nói : cứu cháu hình như ba sắp ném con ùi,ánh mắt thằng con muốn nói cứu cháu hình như ba sắp ném con rồi
Enjoyment,per cố đợi đi nha để em mua bảo hiểm cho anh 🙂,per cố đợi đi nha để em mua bảo hiểm cho anh 🙂
Enjoyment,nhớ không em lời hứa ngày xưa mình bên nhau dưới ánh trăng đã nguyện thề :)),nhớ không em lời hứa ngày xưa mình bên nhau dưới ánh trăng đã nguyện thề
Enjoyment,gặp mấy anh việt nam đi nhanh gấp em thề với chị là nhanh gọn đảm bảo chỉ suong,gặp mấy anh việt nam đi nhanh gấp em thề với chị là nhanh gọn đảm bảo chỉ suong
Other,galang thế không bjt . trẻ con còn như thế người lớn chắc không tôgn tại đâu . ước gì cũg được như vậy,galang thế không bjt trẻ con còn như thế người lớn chắc không tôgn tại đâu ước gì cũg được như vậy
Other,cái này thì hôm nào nói chuyện tao nói cho nghe ??,cái này thì hôm nào nói chuyện tao nói cho nghe
Anger,sao không cho con già đấy mấy cái vào mõm cho vỡ cái nó mõm chó luôn,sao không cho con già đấy mấy cái vào mõm cho vỡ cái nó mõm chó luôn
Disgust,trời ơi càng ngày ổ càng giống con đuông dừa 😑😑😑,trời ơi càng ngày ổ càng giống con đuông dừa 😑
Sadness,và tôi đã mất đi 1 người như thế .,và tôi đã mất đi 1 người như thế
Enjoyment,đồng nghiệp của tôi thật tuyệt vời,đồng nghiệp của tôi thật tuyệt vời
Enjoyment,nhìn đôi bàn tay đã biết phải lao động rồi . chị có lấy trai việt không :)),nhìn đôi bàn tay đã bt phải lao động rồi chị có lấy trai việt không
Other,per nét chữ giống hệt chữ của tao luôn mày,per nét chữ giống hệt chữ của tao luôn mày
Other,per chắc là mày đi hốt này,per chắc là mày đi hốt này
Disgust,cho nên đư ̀ người bao giờ cô ́ tỏ ra la ̀ ca ́ i gì ̀ mi ̀ nh cu ̃ người biê ́ tao nhé,cho nên đư ̀ người bao giờ cô ́ tỏ ra la ̀ ca ́ i gì ̀ mi ̀ nh cu ̃ người biê ́ tao nhé
Enjoyment,cứ thấy trai đẹp là tao hạnh phúc :),cứ thấy trai đẹp là tao hạnh phúc
Other,cảm giác lúc ấy sẽ ra sao,cảm giác lúc ấy sẽ ra sao
Enjoyment,"tao là trùm nấu cơm kiểu này rồi ,, còn bây giờ mất điện thi nấu bằng bếp ga :))",tao là trùm nấu cơm kiểu này rồi còn bây giờ mất điện thi nấu bằng bếp ga
Disgust,đường của nhà cụ hay sao mà cụ cấm người ta đỗ . sai đâu đã có pháp luật cụ ích kỷ quá đấy .,đường của nhà cụ hay sao mà cụ cấm người ta đỗ sai đâu đã có pháp luật cụ ích kỷ quá đấy
Other,nhìn mặt héo queo luôn,nhìn mặt héo queo luôn
Other,tao đi xe máy mỗi lần muốn để xe đi đâu là phi mẹ nó vào quán net gửi đấy rồi đi ra đéo mất phí,tao đi xe máy mỗi lần muốn để xe đi đâu là phi mẹ nó vào quán net gửi đấy rồi đi ra đéo mất phí
Enjoyment,thích thân hình boss rồi nhan 😌,thích thân hình boss rồi nhan 😌
Sadness,ước mơ nhỏ nhoi của tao là được làm chị mà không thể nào làm được huhu,ước mơ nhỏ nhoi của tao là được làm chị mà không thể nào làm được huhu
